category	level	number	name	code
中文A+级期刊	A+级	1	中国社会科学	CN11-1211/C
中文A+级期刊	A+级	2	经济研究	CN11-1081/F
中文A+级期刊	A+级	3	管理世界	CN11-1235/F
中文A+级期刊	A+级	4	马克思主义研究	CN11-3591/A
中文A+级期刊	A+级	5	哲学研究	CN11-1140/B
中文A+级期刊	A+级	6	中国法学	CN11-1030/D
中文A+级期刊	A+级	7	政治学研究	CN11-1396/D
中文A+级期刊	A+级	8	社会学研究	CN11-1100/C
中文A+级期刊	A+级	9	教育研究	CN11-1281/G4
中文A+级期刊	A+级	10	体育科学	CN11-1295/G8
中文A+级期刊	A+级	11	心理学报	CN11-1911/B
中文A+级期刊	A+级	12	外语教学与研究	CN11-1251/G4
中文A+级期刊	A+级	13	外国文学评论	CN11-1068/I
中文A+级期刊	A+级	14	文学评论	CN11-1037
中文A+级期刊	A+级	15	新闻与传播研究	CN11-3320/G2
中文A+级期刊	A+级	16	历史研究	CN11-1213/K
中文A+级期刊	A+级	17	文艺研究	CN11-1672/J
中文A+级期刊	A+级	18	中国科学：数学	CN11-5836/O1
中文A+级期刊	A+级	19	中国科学：信息	CN11-5846/TP
经济学	A级	1	经济学（季刊）	CN11-6010/F
经济学	A级	2	世界经济	CN11-1138/F
经济学	A级	3	金融研究	CN11-1268/F
经济学	A级	4	中国工业经济	CN11-3536/F
经济学	A级	5	会计研究	CN11-1078/F
经济学	A级	6	数量经济技术经济研究	CN11-1087/F
经济学	A级	7	经济学家	CN51-1312/F
经济学	A级	8	中国农村经济	CN11-1262/F
经济学	A级	9	财贸经济	CN11-1166/F
经济学	B级	10	经济科学	CN11-1564/F
经济学	B级	11	中国农村观察	CN11-3586/F
经济学	B级	12	财经研究	CN31-1012/F
经济学	B级	13	南开经济研究	CN12-1028/F
经济学	B级	14	农业经济问题	CN11-1323/F
经济学	B级	15	国际金融研究	CN11-1132/F
经济学	B级	16	国际贸易问题	CN11-1692/F
经济学	B级	17	经济评论	CN42-1348/F
经济学	B级	18	经济理论与经济管理	CN11-1517/F
经济学	B级	19	产业经济研究	CN32-1683/F
经济学	B级	20	经济社会体制比较	CN11-1591/F
经济学	B级	21	世界经济研究	CN31-1048/F
经济学	B级	22	改革	CN50-1012/F
经济学	B级	23	世界经济文汇	CN31-1139/F
经济学	B级	24	国际经济评论	CN11-3799/F
经济学	B级	25	农业技术经济	CN11-1883/S
经济学	B级	26	现代日本经济	CN22-1065/F
经济学	B级	27	当代经济科学	CN61-1400/F
经济学	B级	28	经济学动态	CN11-1057/F
经济学	B级	29	南方经济	CN44-1068/F
经济学	B级	30	审计研究	CN11-1024/F
经济学	B级	31	当代财经	CN36-1030/F
经济学	B级	32	国际经贸探索	CN44-1302/F
经济学	B级	33	世界经济与政治论坛	CN32-1544/F
经济学	B级	34	财经科学	CN51-1104/F
经济学	B级	35	财贸研究	CN34-1093/F
经济学	B级	36	政治经济学评论	CN11-5859/D
经济学	B级	37	财政研究	CN11-1077/F
经济学	B级	38	当代经济研究	CN22-1232/F
经济学	B级	39	保险研究	CN11-1632/F
经济学	B级	40	税务研究	CN11-1011/F
经济学	B级	41	国际贸易	CN11-1600/F
经济学	C级	42	宏观经济研究	CN11-3952/F
经济学	C级	43	商业经济与管理	CN33-1336/F
经济学	C级	44	中国土地科学	CN11-2640/F
经济学	C级	45	审计与经济研究	CN32-1317/F
经济学	C级	46	经济经纬	CN41-1421/F
经济学	C级	47	财经问题研究	CN21-1096/F
经济学	C级	48	上海经济研究	CN31-1163/F
经济学	C级	49	金融经济学研究	CN44-1696/F
经济学	C级	50	中国经济问题	CN35-1020/F
经济学	C级	51	证券市场导报	CN44-1343/F
经济学	C级	52	财经理论与实践	CN43-1057/F
经济学	C级	53	经济纵横	CN22-1054/F
经济学	C级	54	经济与管理研究	CN11-1384/F
经济学	C级	55	亚太经济	CN35-1014/F
经济学	C级	56	经济问题探索	CN53-1006/F
经济学	C级	57	现代经济探讨	CN32-1566/F
经济学	C级	58	金融评论	CN11-5865/F
经济学	C级	59	经济问题	CN14-1058/F
经济学	C级	60	商业研究	CN23-1364/F
经济学	C级	61	农村经济	CN51-1029/F
经济学	C级	62	金融论坛	CN11-4613/F
经济学	C级	63	中南财经政法大学学报	CN42-1663/F
经济学	C级	64	山西财经大学学报	CN14-1221/F
经济学	C级	65	贵州财经大学学报	CN52-1156/F
经济学	C级	66	财经论丛	CN33-1154/F
经济学	C级	67	国际商务	CN11-3645/F
经济学	C级	68	上海财经大学学报	CN31-1817/C
经济学	C级	69	中央财经大学学报	CN11-3846/F
经济学	C级	70	广东财经大学学报	CN44-1446/F
经济学	C级	71	江西财经大学学报	CN36-1224/F
经济学	C级	72	现代财经	CN12-1387/F
经济学	C级	73	云南财经大学学报	CN53-1209/F
经济学	C级	74	河北经贸大学学报	CN13-1207/F
管理学	A级	1	管理科学学报	CN12-1275/G3
管理学	A级	2	南开管理评论	CN12-1288/F
管理学	A级	3	中国软科学	CN11-3036/G3
管理学	A级	4	公共管理学报	CN23-1523/F
管理学	A级	5	科研管理	CN11-1567/G3
管理学	A级	6	中国行政管理	CN11-1145/D
管理学	A级	7	中国管理科学	CN11-2835/G3
管理学	B级	8	科学学研究	CN11-1805/G3
管理学	B级	9	科学学与科学技术管理	CN12-1117/G3
管理学	B级	10	管理科学	CN23-1510/C
管理学	B级	11	研究与发展管理	CN31-1599/G3
管理学	B级	12	外国经济与管理	CN31-1063/F
管理学	B级	13	管理工程学报	CN33-1136/N
管理学	B级	14	管理评论	CN11-5057/F
管理学	B级	15	管理学报	CN42-1725/C
管理学	B级	16	经济管理	CN11-1047/F
管理学	B级	17	系统工程理论与实践	CN11-2267/N
管理学	B级	18	社会保障评论	CN10-1472/C
管理学	C级	21	中国科技论坛	CN11-1344/G3
管理学	C级	22	软科学	CN51-1268/G3
管理学	C级	23	科技进步与对策	CN42-1224/G3
管理学	C级	24	预测	CN34-1013/N
管理学	C级	25	科学决策	CN11-3472/G3
管理学	C级	26	科学管理研究	CN15-1103/G3
管理学	C级	27	经济体制改革	CN51-1027/F
管理学	C级	28	系统工程	CN43-1115/N
管理学	C级	29	系统管理学报	CN31-1977/N
管理学	C级	30	华东经济管理	CN34-1014/F
统计学	A级	1	统计研究	CN11-1302/C
统计学	B级	2	数理统计与管理	CN11-2242/O1
统计学	B级	3	统计与信息论坛	CN61-1421/C
统计学	C级	4	统计与决策	CN42-1009/C
法学	A级	1	法学研究	CN11-1162/D
法学	A级	2	中外法学	CN11-2447/D
法学	A级	3	清华法学	CN11-5594/D
法学	A级	4	法学家	CN11-3212/D
法学	B级	5	法商研究	CN42-1664/D
法学	B级	6	法学	CN31-1050/D
法学	B级	7	法制与社会发展	CN22-1243/D
法学	B级	8	当代法学	CN22-1051/D
法学	B级	9	法律科学	CN61-1470/D
法学	B级	10	现代法学	CN50-1020/D
法学	B级	11	政法论坛	CN11-5608/D
法学	B级	12	法学评论	CN42-1086/D
法学	B级	13	环球法律评论	CN11-4560/D
法学	B级	14	比较法研究	CN11-3171/D
法学	B级	15	政治与法律	CN31-1106/D
法学	C级	16	法学论坛	CN37-1343/D
法学	C级	17	行政法学研究	CN11-3110/D
法学	C级	18	华东政法大学学报	CN31-2005/D
法学	C级	19	中国刑事法杂志	CN11-3891/D
法学	C级	20	法学杂志	CN11-1648/D
法学	C级	21	政法论丛	CN37-1016/D
法学	C级	22	东方法学	CN31-2008/D
马克思主义理论	A级	1	求是	CN11-1000/D
马克思主义理论	A级	2	中共党史研究	CN11-1675/D
马克思主义理论	B级	3	红旗文稿	CN11-4904/D
马克思主义理论	B级	4	党的文献	CN11-1359/D
马克思主义理论	C级	5	党史研究与教学	CN35-1059/A
马克思主义理论	C级	6	党建	CN11-1612/D
马克思主义理论	A级	1	马克思主义与现实	CN11-3040/A
马克思主义理论	A级	2	当代世界与社会主义	CN37-1065/D
马克思主义理论	B级	3	国外理论动态	CN11-4507/D
马克思主义理论	B级	4	教学与研究	CN11-1454/G4
马克思主义理论	B级	5	社会主义研究	CN42-1093/D
马克思主义理论	B级	6	当代世界社会主义问题	CN11-3404/D
马克思主义理论	C级	7	中国特色社会主义研究	CN11-3527/D
马克思主义理论	C级	8	毛泽东邓小平理论研究	CN31-1672/A
马克思主义理论	C级	9	南京政治学院学报	CN32-1002/D
马克思主义理论	C级	10	科学社会主义	CN11-2797/D
马克思主义理论	C级	11	马克思主义理论学科研究	CN10-1351/A
马克思主义理论	A级	1	思想教育研究	CN11-2549/D
马克思主义理论	B级	2	思想理论教育导刊	CN11-4062/G4
马克思主义理论	C级	3	思想理论教育	CN10-1351/A
哲学	A级	1	自然辩证法研究	CN11-1649/B
哲学	A级	2	道德与文明	CN12-1029/B
哲学	A级	3	哲学动态	CN11-1141/B
哲学	A级	4	世界哲学	CN11-4748/B
哲学	B级	5	自然辩证法通讯	CN11-1518/N
哲学	B级	6	中国哲学史	CN11-3042/B
哲学	B级	7	现代哲学	CN44-1071/B
哲学	C级	8	逻辑学研究	CN44-1649/C
哲学	C级	9	伦理学研究	CN43-1385/C
哲学	C级	10	周易研究	CN37-1191/C
哲学	C级	11	科学技术哲学研究	CN14-1354/G3
哲学	C级	12	孔子研究	CN37-1037/C
宗教学	A级	1	世界宗教文化	CN11-3631/B
宗教学	B级	2	世界宗教研究	CN11-1299/B
宗教学	C级	3	宗教学研究	CN51-1069/B
语言学	A级	1	汉语学报	CN42-1729/H
语言学	A级	2	中国语文	CN11-1053/H
语言学	A级	3	古汉语研究	CN43-1145/H
语言学	B级	4	世界汉语教学	CN11-1473/H
语言学	B级	5	语言研究	CN42-1025/H
语言学	B级	6	语文研究	CN14-1059/H
语言学	B级	7	语言教学与研究	CN11-1472/H
语言学	B级	8	语言科学	CN32-1687/G
语言学	C级	9	当代语言学	CN11-3879/H
语言学	C级	10	当代修辞学	CN31-2043/H
语言学	C级	11	语言文字应用	CN11-2888/H
语言学	C级	12	方言	CN11-1052/H
语言学	C级	13	民族语文	CN11-1216/H
语言学	A级	1	外国语	CN31-1038/H
语言学	B级	2	外语界	CN31-1040/H
语言学	B级	3	现代外语	CN44-1165/H
语言学	B级	4	中国外语	CN11-5280/H
语言学	B级	5	外语电化教学	CN31-1036/G4
语言学	B级	6	中国翻译	CN11-1354/H
语言学	C级	7	外语教学理论与实践	CN31-1964/H
语言学	C级	8	外语与外语教学	CN21-1060/H
语言学	C级	9	外语教学	CN61-1023/H
语言学	C级	10	外语研究	CN32-1001/H
外国文学	B级	1	当代外国文学	CN32-1087/I
外国文学	B级	2	外国文学研究	CN42-1060/I
外国文学	B级	3	外国文学	CN11-1248/I
外国文学	B级	4	国外文学	CN11-1562/I
外国文学	C级	5	俄罗斯文艺	CN11-5702/I
中国文学	A级	1	当代作家评论	CN21-1046/I
中国文学	A级	2	中国比较文学	CN31-1694/I
中国文学	A级	3	文学遗产	CN11-1009/I
中国文学	B级	4	文艺理论研究	CN31-1152/I
中国文学	B级	5	扬子江	CN32-1787/I
中国文学	B级	6	文艺争鸣	CN22-1031
中国文学	B级	7	中国文学研究	CN43-1084/I
中国文学	B级	8	中国现代文学研究丛刊	CN11-2589/I
中国文学	B级	9	明清小说研究	CN32-1017/I
中国文学	C级	10	南方文坛	CN45-1049/I
中国文学	C级	11	鲁迅研究月刊	CN11-2722/I
中国文学	C级	12	新文学史料	CN11-1283/I
中国文学	C级	13	文艺理论与批评	CN11-1581/J
中国文学	C级	14	民族文学研究	CN11-1443/I
中国文学	C级	15	小说评论	CN61-1071/J
艺术学	B级	1	民族艺术	CN45-1052/J
艺术学	C级	2	艺术百家	CN32-1092/J
艺术学	A级	1	美术研究	CN11-1190/J
艺术学	B级	2	南京艺术学院学报（美术与设计版）	CN32-1008/J
艺术学	B级	3	新美术	CN33-1068/J
艺术学	B级	4	中国书法	CN11-1136/J
艺术学	B级	5	美术观察	CN11-3665/J
艺术学	C级	6	美术	CN11-1311/J
艺术学	A级	1	电影艺术	CN11-1528/J
艺术学	B级	2	当代电影	CN11-1447/G2
艺术学	B级	3	中国电视	CN11-2750/J
艺术学	C级	4	北京电影学院学报	CN11-1677/J
艺术学	C级	5	世界电影	CN11-2023/G2
艺术学	C级	6	戏剧艺术（上海戏剧学院学报）	CN31-1140/J
艺术学	C级	7	戏曲艺术	CN11-1172/J
艺术学	A级	1	音乐研究	CN11-1665/J
艺术学	B级	2	中国音乐学	CN11-1316/J
艺术学	B级	3	中央音乐学院学报	CN11-1183/J
艺术学	C级	4	音乐艺术（上海音乐学院学报）	CN31-1004/J
艺术学	C级	5	北京舞蹈学院学报	CN11-3982/J
艺术学	B级	1	建筑学报	CN11-1930/TU
艺术学	C级	2	艺术设计研究	CN11-5869/J
历史学	A级	1	近代史研究	CN11-1215/K
历史学	A级	2	史学月刊	CN41-1016/K
历史学	A级	3	中国史研究	CN11-1039/K
历史学	A级	4	中国经济史研究	CN11-1082/F
历史学	B级	5	中国边疆史地研究	CN11-2795/K
历史学	B级	6	清史研究	CN11-2765/K
历史学	B级	7	文史	CN11-1678/K
历史学	B级	8	当代中国史研究	CN11-3200/K
历史学	B级	9	中国社会经济史研究	CN35-1023/K
历史学	B级	10	史学集刊	CN22-1064/K
历史学	B级	11	史林	CN31-1105/K
历史学	B级	12	史学理论研究	CN11-2943/K
历史学	B级	13	安徽史学	CN34-1008/K
历史学	B级	14	抗日战争研究	CN11-2890/K
历史学	B级	15	世界历史	CN11-1046/K
历史学	B级	16	中国农史	CN32-1061/S
历史学	C级	17	历史档案	CN11-1265/G2
历史学	C级	18	中国历史地理论丛	CN61-1027/K
历史学	C级	19	古代文明	CN22-1213/K
历史学	C级	20	中华文史论丛	CN31-1984/K
历史学	C级	21	华侨华人历史研究	CN11-1158/K
历史学	C级	22	史学史研究	CN11-1667/K
历史学	C级	23	西域研究	CN65-1121/C
历史学	C级	24	东南文化	CN32-1096/K
历史学	C级	25	历史教学	CN12-1010/G4
历史学	C级	26	国际汉学	CN10-1272/K
考古学	A级	1	文物	CN11-1532/K
考古学	B级	2	考古学报	CN11-1209
考古学	B级	3	考古	CN11-1208
考古学	B级	4	考古与文物	CN61-1010/K
考古学	C级	5	江汉考古	CN42-1077/K
考古学	C级	6	敦煌学辑刊	CN62-1027/K
考古学	C级	7	故宫博物院院刊	CN11-1202/G2
政治学	B级	1	公共行政评论	CN44-1648/D
政治学	C级	2	行政论坛	CN23-1360/D
政治学	A级	1	当代亚太	CN11-3706/C
政治学	A级	2	世界经济与政治	CN11-1343/F
政治学	A级	3	国际问题研究	CN11-1504/D
政治学	A级	4	外交评论（外交学院学报）	CN11-5370/D
政治学	B级	5	东北亚论坛	CN22-1180/C
政治学	B级	6	现代国际关系	CN11-1134/D
政治学	B级	7	国际观察	CN31-1642/D
政治学	B级	8	国际政治研究	CN11-4782/D
政治学	B级	9	国际政治科学	CN10-1393/D
政治学	B级	10	美国研究	CN11-1170/C
政治学	B级	11	欧洲研究	CN11-4899/C
政治学	B级	12	日本学刊	CN11-2747/D
政治学	B级	13	太平洋学报	CN11-3152/K
政治学	C级	14	国际展望	CN31-1041/D
政治学	C级	15	德国研究	CN31-2032/C
政治学	C级	16	国际论坛	CN11-3959/D
政治学	C级	17	南亚研究季刊	CN51-1023/D
政治学	C级	18	台湾研究集刊	CN35-1022/C
政治学	C级	19	俄罗斯研究	CN31-1843/D
政治学	C级	20	南洋问题研究	CN35-1054/C
政治学	C级	21	东南亚研究	CN44-1124/D
政治学	C级	22	南亚研究	CN/11-1306/C
政治学	A级	1	国家行政学院学报	CN11-4097/D
政治学	B级	2	江苏行政学院学报	CN32-1562/C
政治学	B级	3	上海行政学院学报	CN31-1815
政治学	B级	4	理论探索	CN14-1079/C
政治学	B级	5	中共中央党校学报	CN11-3847/C
政治学	B级	6	探索	CN50-1019/D
政治学	C级	7	理论探讨	CN23-1013/D
政治学	C级	8	理论学刊	CN37-1059/D
政治学	C级	9	北京行政学院学报	CN11-4054/D
政治学	C级	10	湖湘论坛	CN43-1160/D
社会学	A级	1	社会	CN31-1123/C
社会学	A级	1	人口研究	CN11-1489/C
社会学	B级	2	中国人口科学	CN11-1043/C
社会学	B级	3	人口学刊	CN22-1017/C
社会学	B级	4	人口与经济	CN11-1115/F
社会学	B级	5	人口与发展	CN11-5646/F
社会学	A级	1	青年研究	CN11-3280/C
社会学	B级	2	中国青年研究	CN11-2579/D
社会学	C级	3	妇女研究论丛	CN11-2876/C
民族学与文化学	A级	1	民族研究	CN11-1217/C
民族学与文化学	A级	2	民俗研究	CN37-1178/K
民族学与文化学	B级	3	世界民族	CN11-3673/C
民族学与文化学	B级	4	中国藏学	CN11-1725/C
民族学与文化学	C级	5	西北民族研究	CN62-1035/D
民族学与文化学	C级	6	广西民族研究	CN45-1041/C
民族学与文化学	C级	7	贵州民族研究	CN52-1001/C
民族学与文化学	C级	8	青海民族研究	CN63-1016/C
民族学与文化学	C级	9	文化遗产	CN44-1645/G0
民族学与文化学	C级	10	中央民族大学学报(哲学社会科学版)	CN11-3530/C
民族学与文化学	C级	11	西南民族大学学报（人文社科版）	CN51-1671/C
民族学与文化学	C级	12	中南民族大学学报（人文社会科学版）	CN42-1074/C
民族学与文化学	C级	13	云南民族大学学报（哲学社会科学版）	CN45-1349/C
民族学与文化学	C级	14	广西民族大学学报（哲学社会科学版）	CN45-1349/C
新闻学与传播学	A级	1	新闻大学	CN31-1157/G2
新闻学与传播学	A级	2	编辑学报	CN11-2493/G3
新闻学与传播学	B级	3	中国科技期刊研究	CN11-2684/G3
新闻学与传播学	B级	4	新闻记者	CN31-1171/G2
新闻学与传播学	B级	5	国际新闻界	CN11-1523/G2
新闻学与传播学	B级	6	出版发行研究	CN11-1537/G2
新闻学与传播学	B级	7	现代传播	CN11-5363/G2
新闻学与传播学	B级	8	当代传播	CN65-1201/G2
新闻学与传播学	C级	9	科技与出版	CN11-3209/G3
新闻学与传播学	C级	10	新闻界	CN51-1046/G2
新闻学与传播学	C级	11	编辑之友	CN14-1066/G2
新闻学与传播学	C级	12	出版科学	CN42-1618/G2
新闻学与传播学	C级	13	现代出版	CN11-5979/G2
新闻学与传播学	C级	14	中国出版	CN11-2807/G2
图书馆、情报与文献学	A级	1	中国图书馆学报	CN11-2746/G2
图书馆、情报与文献学	A级	2	图书情报工作	CN11-1541/G2
图书馆、情报与文献学	B级	3	大学图书馆学报	CN11-2952/G2
图书馆、情报与文献学	B级	4	情报学报	CN11-2257/G3
图书馆、情报与文献学	B级	5	图书情报知识	CN42-1085/G2
图书馆、情报与文献学	B级	6	情报资料工作	CN11-1448/G3
图书馆、情报与文献学	B级	7	图书与情报	CN62-1026/G2
图书馆、情报与文献学	B级	8	情报杂志	CN61-1167/G3
图书馆、情报与文献学	B级	9	情报理论与实践	CN11-1762/G3
图书馆、情报与文献学	B级	10	数据分析与知识发现	CN11-2856/G2
图书馆、情报与文献学	C级	11	情报科学	CN22-1264/G2
图书馆、情报与文献学	C级	12	图书馆杂志	CN31-1108/G2
图书馆、情报与文献学	C级	13	国家图书馆学刊	CN11-4099/G2
图书馆、情报与文献学	C级	14	图书馆论坛	CN44-1306/G2
图书馆、情报与文献学	C级	15	图书馆建设	CN23-1331/G2
图书馆、情报与文献学	C级	16	图书馆学研究	CN22-1052/G2
图书馆、情报与文献学	C级	17	图书馆	CN43-1031/G2
图书馆、情报与文献学	C级	18	现代情报	CN22-1182/G2
图书馆、情报与文献学	C级	19	档案学研究	CN11-1226/G2
图书馆、情报与文献学	C级	20	档案学通讯	CN11-1450/G2
教育学	A级	1	教育发展研究	CN31-1772/G4
教育学	A级	2	华东师范大学学报（教育科学版）	CN31-1007/G4
教育学	A级	3	比较教育研究	CN11-2878/G4
教育学	B级	4	教师教育研究	CN11-5147/G4
教育学	B级	5	教育学报	CN11-5306/G4
教育学	B级	6	全球教育展望	CN31-1842/G4
教育学	B级	7	教育研究与实验	CN42-1041/G4
教育学	C级	8	湖南师范大学教育科学学报	CN43-1381/G4
教育学	C级	9	教育与经济	CN42-1268/G4
教育学	C级	10	外国教育研究	CN22-1022/G4
教育学	C级	11	教育科学	CN21-1066/G4
教育学	C级	12	国家教育行政学院学报	CN11-5047/D
教育学	A级	1	北京大学教育评论	CN11-4848/G4
教育学	A级	2	高等教育研究	CN42-1024/G4
教育学	A级	3	清华大学教育研究	CN11-1610/G4
教育学	B级	4	中国高教研究	CN11-2962/G4
教育学	B级	5	复旦教育论坛	CN31-1891/G4
教育学	B级	6	高等工程教育研究	CN42-1026/G4
教育学	B级	7	中国高等教育	CN11-1200/G4
教育学	B级	8	现代大学教育	CN43-1358/G4
教育学	C级	9	学位与研究生教育	CN11-1736/G4
教育学	C级	10	高校教育管理	CN32-1774/G4
教育学	C级	11	高教探索	CN44-1109/G4
教育学	C级	12	研究生教育研究	CN34-1319/G4
教育学	C级	13	江苏高教	CN32-1048/G4
教育学	B级	1	课程.教材.教法	CN11-1278/G4
教育学	B级	2	中国教育学刊	CN11-2606/G4
教育学	C级	3	学前教育研究	CN43-1038/G4
教育学	A级	1	电化教育研究	CN62-1022/G4
教育学	B级	2	中国电化教育	CN11-3792/G4
教育学	C级	3	现代教育技术	CN11-4525/N
教育学	A级	1	开放教育研究	CN31-1724/G4
教育学	B级	2	远程教育杂志	CN33-1304/G4
教育学	B级	3	现代远程教育研究	CN51-1580/G4
教育学	C级	4	中国远程教育	CN11-4089/G4
教育学	C级	5	中国特殊教育	CN11-3826/G4
体育学	A级	1	上海体育学院学报	CN31-1005/G8
体育学	B级	2	天津体育学院学报	CN12-1140/G8
体育学	B级	3	西安体育学院学报	CN61-1198/G8
体育学	B级	4	北京体育学院学报	CN11-3785/G8
体育学	B级	5	体育学刊	CN44-1404/G8
体育学	B级	6	体育与科学	CN32-1208/G8
体育学	C级	7	武汉体育学院学报	CN42-1105/G8
体育学	C级	8	中国体育科技	CN11-2284/G8
体育学	C级	9	成都体育学院学报	CN51-1097/G8
体育学	C级	10	首都体育学院学报	CN11-4513/G
心理学	A级	1	心理科学进展	CN11-4766/R
心理学	B级	2	心理发展与教育	CN11-1608/B
心理学	B级	3	心理科学	CN31-1582/B
心理学	C级	4	中国临床心理学杂志	CN43-1214/R
心理学	C级	5	心理学探新	CN36-1228/B
心理学	C级	6	心理与行为研究	CN12-1348/B
人文经济地理	A级	1	地理学报	CN11-1856/P
人文经济地理	A级	2	旅游学刊	CN11-1120/K
人文经济地理	A级	3	经济地理	CN43-1126/K
人文经济地理	B级	4	地理科学	CN22-1124/P
人文经济地理	B级	5	地理研究	CN11-1848/P
人文经济地理	B级	6	人文地理	CN61-1193/K
人文经济地理	B级	7	旅游科学	CN31-1693/K
人文经济地理	C级	8	地理科学进展	CN11-3858/P
人文经济地理	C级	9	城市规划学刊	CN31-1938/TU
人文经济地理	C级	10	城市规划	CN11-2378/TU
人文经济地理	C级	11	城市问题	CN11-1119/C
人文经济地理	C级	12	城市发展研究	CN11-3504/TU
环境科学	A级	1	中国人口·资源与环境	CN37-1196/N
环境科学	B级	2	资源科学	CN11-3868/N
环境科学	B级	3	自然资源学报	CN11-1912/N
环境科学	C级	4	长江流域资源与环境	CN42-1320/X
环境科学	C级	5	干旱区资源与环境	CN15-1112/N
综合社科期刊	A级	1	学术月刊	CN31-1096/C
综合社科期刊	A级	2	文史哲	CN37-1101/C
综合社科期刊	B级	3	社会科学	CN31-1112
综合社科期刊	B级	4	社会科学研究	CN51-1037/C
综合社科期刊	B级	5	国外社会科学	CN11-1163/C
综合社科期刊	B级	6	江海学刊	CN32-1013/C
综合社科期刊	B级	7	学海	CN32-1308/C
综合社科期刊	B级	8	南京社会科学	CN32-1302/C
综合社科期刊	B级	9	学术研究	CN44-1070
综合社科期刊	B级	10	社会科学战线	CN22-1002/C
综合社科期刊	C级	11	开放时代	CN44-1034/C
综合社科期刊	C级	12	探索与争鸣	CN31-1208/C
综合社科期刊	C级	13	浙江社会科学	CN33-1149/C
综合社科期刊	C级	14	思想战线	CN53-1002/C
综合社科期刊	C级	15	天津社会科学	CN12-1047/C
综合社科期刊	C级	16	江苏社会科学	CN32-1312/C
综合社科期刊	C级	17	学习与探索	CN23-1049/C
综合社科期刊	C级	18	广东社会科学	CN44-1067/C
综合社科期刊	C级	19	人文杂志	CN61-1005/C
综合社科期刊	C级	20	江汉论坛	CN42-1018/C
综合社科期刊	C级	21	山东社会科学	CN37-1053/C
综合社科期刊	C级	22	学习与实践	CN42-1005/C
综合社科期刊	C级	23	中州学刊	CN41-1006/C
综合社科期刊	C级	24	学术界	CN34-1004/C
综合社科期刊	C级	25	中国高校社会科学	CN10-1136/C
综合社科期刊	C级	26	浙江学刊	CN33-1005/C
综合社科期刊	C级	27	读书	CN11-1073/G2
综合社科期刊	C级	28	人民论坛·学术前沿	CN11-2961/D
综合社科期刊	C级	29	社会科学辑刊	CN21-1012/C
综合社科期刊	C级	30	东南学术	CN35-1197/C
综合社科期刊	C级	31	北京社会科学	CN11-1105/C
综合社科期刊	C级	32	福建论坛（人文社科版）	CN35-1248/C
综合社科期刊	C级	33	东岳论丛	CN37-1062/C
综合社科期刊	C级	34	云南社会科学	CN53-1001/C
综合社科期刊	C级	35	东疆学刊	CN22-5016/C
综合社科期刊	C级	36	河北学刊	CN13-1020/C
综合社科期刊	C级	37	贵州社会科学	CN52-1005/C
综合社科期刊	C级	38	江淮论坛	CN34-1003/G0
综合社科期刊	C级	39	江西社会科学	CN36-1001/C
综合社科期刊	C级	40	甘肃社会科学	CN62-1093/C
综合社科期刊	C级	41	求索	CN43-1008/C
综合社科期刊	C级	42	河南社会科学	CN41-1213/C
综合社科期刊	C级	43	新疆社会科学	CN65-1211/F
综合社科期刊	C级	44	内蒙古社会科学	CN15-1011/C
综合社科期刊	C级	45	青海社会科学	CN63-1001/C
综合社科期刊	C级	46	宁夏社会科学	CN64-1001/C
高校综合性学报	B级	1	中国人民大学学报	CN11-1476/C
高校综合性学报	B级	2	浙江大学学报(人文社会科学版)	CN33-1237/C
高校综合性学报	B级	3	清华大学学报(哲学社会科学版)	CN11-3596/C
高校综合性学报	B级	4	南京大学学报(哲学.人文科学.社会科学)	CN32-1084/C
高校综合性学报	B级	5	吉林大学社会科学学报	CN22-1063/C
高校综合性学报	B级	6	北京大学学报(哲学社会科学版)	CN11-1561/C
高校综合性学报	B级	7	复旦学报(社会科学版)	CN31-1142/C
高校综合性学报	B级	8	中山大学学报(社会科学版)	CN44-1158/C
高校综合性学报	B级	9	南开学报(哲学社会科学版)	CN12-1027/C
高校综合性学报	B级	10	四川大学学报(哲学社会科学版)	CN51-1099/C
高校综合性学报	C级	11	华中师范大学学报(人文社会科学版)	CN42-1040/C
高校综合性学报	C级	12	新疆师范大学学报(哲学社会科学版)	CN65-1039/G4
高校综合性学报	C级	13	北京师范大学学报(社会科学版)	CN11-1514/C
高校综合性学报	C级	14	厦门大学学报(哲学社会科学版)	CN35-1019/C
高校综合性学报	C级	15	湖南师范大学社会科学学报	CN43-1165/C
高校综合性学报	C级	16	河南大学学报(社会科学版)	CN41-1028/C
高校综合性学报	C级	17	武汉大学学报(哲学社会科学版)	CN42-1071/C
高校综合性学报	C级	18	山东大学学报(哲学社会科学版)	CN37-1100/C
高校综合性学报	C级	19	西南大学学报(社会科学版)	CN50-1188/C
高校综合性学报	C级	20	上海师范大学学报(哲学社会科学版)	CN31-1120/C
高校综合性学报	C级	21	西安交通大学学报(社会科学版)	CN61-1329/C
高校综合性学报	C级	22	云南师范大学学报（哲学社会科学版）	CN53-1003/C
高校综合性学报	C级	23	西北师大学报(社会科学版)	CN62-1086/C
高校综合性学报	C级	24	湖南大学学报(社会科学版)	CN43-1286/C
高校综合性学报	C级	25	苏州大学学报(哲学社会科学版)	CN32-1033/C
高校综合性学报	C级	26	华东师范大学学报(哲学社会科学版)	CN31-1010/C
高校综合性学报	C级	27	南京师大学报(社会科学版)	CN32-1030/C
高校综合性学报	C级	28	上海交通大学学报(哲学社会科学版)	CN31-1778/C
高校综合性学报	C级	29	求是学刊	CN23-1070/C
高校综合性学报	C级	30	暨南学报(哲学社会科学版)	CN44-1285/C
高校综合性学报	C级	31	上海大学学报(社会科学版)	CN31-1223/C
高校综合性学报	C级	32	兰州大学学报(社会科学版)	CN62-1029/C
高校综合性学报	C级	33	湘潭大学学报(哲学社会科学版)	CN43-1164/C
高校综合性学报	C级	34	东南大学学报(哲学社会科学版)	CN32-1517/C
高校综合性学报	C级	35	中南大学学报(社会科学版)	CN43-1393/C
高校综合性学报	C级	36	烟台大学学报(哲学社会科学版)	CN37-1104/C
高校综合性学报	C级	37	东北师大学报(哲学社会科学版)	CN22-1062/C
高校综合性学报	C级	38	山西大学学报(哲学社会科学版)	CN14-1071/C
高校综合性学报	C级	39	华南师范大学学报(社会科学版)	CN44-1139/C
高校综合性学报	C级	40	四川师范大学学报(社会科学版)	CN51-1063/C
高校综合性学报	C级	41	湖北大学学报(哲学社会科学版)	CN42-1020/C
高校综合性学报	C级	42	东北大学学报(社会科学版)	CN21-1413/G4
高校综合性学报	C级	43	安徽大学学报(哲学社会科学版)	CN34-1040/C
高校综合性学报	C级	44	海南大学学报(人文社会科学版)	CN46-1012/C
高校综合性学报	C级	45	首都师范大学学报(社会科学版)	CN11-3188/C
高校综合性学报	C级	46	北京联合大学学报(人文社会科学版)	CN11-5117/C
高校综合性学报	C级	47	安徽师范大学学报(人文社会科学版)	CN34-1040/C
高校综合性学报	C级	48	福建师范大学学报(哲学社会科学版)	CN35-1016/C
高校综合性学报	C级	49	西藏大学学报(社会科学版)	CN54-1034/C
高校综合性学报	C级	50	新疆大学学报(哲学人文社会科学版)	CN65-1034/G4
高校综合性学报	C级	51	吉首大学学报(社会科学版)	CN43-1046/C
高校综合性学报	C级	52	南通大学学报(社会科学版)	CN32-1754/C
高校综合性学报	C级	53	河海大学学报(哲学社会科学版)	CN32-1521/C
高校综合性学报	C级	54	齐鲁学刊	CN37-1085/C
高校综合性学报	C级	55	郑州大学学报(哲学社会科学版)	CN41-1027/C
高校综合性学报	C级	56	江西师范大学学报(哲学社会科学版)	CN36-1025/C
高校综合性学报	C级	57	河南师范大学学报(哲学社会科学版)	CN41-1011/C
高校综合性学报	C级	58	湖南科技大学学报(社会科学版)	CN43-1436/C
高校综合性学报	C级	1	南京农业大学学报(社会科学版)	CN44-1559/C
高校综合性学报	C级	2	中国农业大学学报(社会科学版)	CN11-4084/S
高校综合性学报	C级	3	华中农业大学学报(社会科学版)	CN42-1558/C
高校综合性学报	C级	4	中国地质大学学报(社会科学版)	CN42-1627/C
高校综合性学报	C级	5	北京工商大学学报(社会科学版)	CN11-4509/C
高校综合性学报	C级	6	浙江工商大学学报	CN33-1337/C
高校综合性学报	C级	7	西北农林科技大学学报(社会科学版)	CN61-1376/C
高校综合性学报	C级	8	重庆大学学报(社会科学版)	CN50-1023/C
高校综合性学报	C级	9	华中科技大学学报(社会科学版)	CN42-1673/C
高校综合性学报	C级	10	华南农业大学学报(社会科学版)	CN44-1559/C
高校综合性学报	C级	11	大连理工大学学报(社会科学版)	CN21-1383/C
高校综合性学报	C级	12	北京理工大学学报(社会科学版)	CN11-4083/C
数学	A级	1	数学学报	0583-1431
数学	A级	2	数学年刊. A 辑	1000-8314
数学	B级	3	计算数学	0254-7791
数学	B级	4	系统科学与数学	1000-0577
数学	B级	5	模糊系统与数学	1001-7402
数学	B级	6	运筹与管理	1007-3221
数学	C级	7	运筹学学报	1007-6093
数学	C级	8	应用数学学报	0254-3079
数学	C级	9	高等学校计算数学学报	1000-081X
数学	C级	10	数学物理学报. A 辑	1003-3998
数学	C级	11	高校应用数学学报. A 辑	1000-4424
数学	C级	12	数学进展	1000-0917
自动化技术、计算机技术	A级	1	计算机学报	0254-4164
自动化技术、计算机技术	A级	2	软件学报	1000-9825
自动化技术、计算机技术	B级	3	自动化学报	0254-4156
自动化技术、计算机技术	B级	4	计算机研究与发展	1000-1239
自动化技术、计算机技术	B级	5	遥感学报	1007-4619
自动化技术、计算机技术	B级	6	武汉大学学报. 信息科学版	1671-8860
自动化技术、计算机技术	B级	7	控制理论与应用	1000-8152
自动化技术、计算机技术	B级	8	模式识别与人工智能	1003-6059
自动化技术、计算机技术	B级	9	中国图象图形学报	1006-8961
自动化技术、计算机技术	B级	10	控制与决策	1001-0920
自动化技术、计算机技术	B级	11	中文信息学报	1003-0077
自动化技术、计算机技术	C级	12	机器人	1002-0446
自动化技术、计算机技术	C级	13	遥感技术与应用	1004-0323
自动化技术、计算机技术	C级	14	计算机辅助设计与图形学学报	1003-9775
自动化技术、计算机技术	C级	15	控制工程	1671-7848
自动化技术、计算机技术	C级	16	信息与控制	1002-0411
自动化技术、计算机技术	C级	17	计算机科学与探索	1673-9418
自动化技术、计算机技术	C级	18	遥感信息	1000-3177
自动化技术、计算机技术	C级	19	智能系统学报	1673-4785
自动化技术、计算机技术	C级	20	交通运输系统工程与信息	1009-6744
自动化技术、计算机技术	C级	21	小型微型计算机系统	1000-1220
自动化技术、计算机技术	C级	22	计算机工程与科学	1007-130X
英文A+级期刊	A+级	1	ECONOMICS        AMERICAN ECONOMIC REVIEW	0002-8282
英文A+级期刊	A+级	2	ECONOMICS        ECONOMETRICA	0012-9682
英文A+级期刊	A+级	3	ECONOMICS	0022-3808
英文A+级期刊	A+级	4	ECONOMICS	0033-5533
英文A+级期刊	A+级	5	ECONOMICS        REVIEW OF ECONOMIC STUDIES	0034-6527
英文A+级期刊	A+级	6	BUSSINESS，FINANCE   JOURNAL OF FINANCE	0022-1082
英文A+级期刊	A+级	7	BUSSINESS，FINANCE	0304-405X
英文A+级期刊	A+级	8	BUSSINESS，FINANCE   ACCOUNTING REVIEW	0001-4826
英文A+级期刊	A+级	9	BUSSINESS，FINANCE	0165-4101
英文A+级期刊	A+级	10	BUSSINESS，FINANCE   REVIEW OF FINANCIAL STUDIES	0893-9454
英文A+级期刊	A+级	11	BUSSINESS，FINANCE	0021-8456
英文A+级期刊	A+级	12	BUSSINESS	0363-7425
英文A+级期刊	A+级	13	BUSSINESS	0001-4273
英文A+级期刊	A+级	14	BUSSINESS	0047-2506
英文A+级期刊	A+级	15	BUSSINESS       JOURNAL OF MARKETING	0022-2429
英文A+级期刊	A+级	16	BUSSINESS	0143-2095
英文A+级期刊	A+级	17	MANAGEMENT        JOURNAL OF MANAGEMENT	0149-2063
英文A+级期刊	A+级	18	MANAGEMENT        MIS QUARTERLY	0276-7783
英文A+级期刊	A+级	19	MANAGEMENT	0001-8392
英文A+级期刊	A+级	20	MANAGEMENT        MANAGEMENT SCIENCE	0025-1909
英文A+级期刊	A+级	21	LAW           HARVARD LAW REVIEW	0017-811X
英文A+级期刊	A+级	22	LAW           STANFORD LAW REVIEW	0038-9765
英文A+级期刊	A+级	23	PUBLIC ADMINISTRATION   ADMINISTRATION RESEARCH AND	1053-1858
英文A+级期刊	A+级	24	PUBLIC ADMINISTRATION   PUBLIC ADMINISTRATION REVIEW	0033-3352
英文A+级期刊	A+级	25	POLITICAL SCIENCE	0092-5853
英文A+级期刊	A+级	26	SOCIOLOGY	0003-1224
英文A+级期刊	A+级	28	PSYCHOLOGY	0066-4308
英文A+级期刊	A+级	29	COMMUNICATION        JOURNAL OF COMMUNICATION	0021-9916
英文A+级期刊	A+级	30	PHILOSOPHY         THE PHILOSOPHICAL REVIEW	0031-8108
英文A+级期刊	A+级	31	LINGUISTICS        APPLIED LINGUISTICS	0142-6001
英文A+级期刊	A+级	32	HISTORY           PAST AND PRESENT	0031-2746
英文A+级期刊	A+级	33	MATHEMATICS         ACTA MATHEMATICA	0001-5962
英文A+级期刊	A+级	34	MATHEMATICS	0894-0347
英文A+级期刊	A+级	35	MATHEMATICS         INVENTIONES MATHEMATICAE	0020-9910
英文A+级期刊	A+级	36	MATHEMATICS         ANNALS OF MATHEMATICS	0003-486X
英文A+级期刊	A+级	37	ANNALS OF STATISTICS	0090-5364
英文A+级期刊	A+级	39	STATISTICAL SOCIETY SERIES B-	1369-7412
英文A+级期刊	A+级	40	BIOMETRIKA	0006-3444
英文A+级期刊	A+级	41	COMPUTER SCIENCE      ANALYSIS AND MACHINE	0162-8828
英文A+级期刊	A+级	42	COMPUTER SCIENCE      KNOWLEDGE AND DATA	1041-4347
ECONOMICS	A级	1	ECONOMICS   ECONOMIC JOURNAL	0013-0133
ECONOMICS	A级	2	ECONOMICS	0034-6535
ECONOMICS	A级	3	ECONOMICS	0020-6598
ECONOMICS	A级	4	ECONOMICS	0304-3878
ECONOMICS	A级	5	ECONOMICS   JOURNAL OF ECONOMETRICS	0304-4076
ECONOMICS	A级	6	ECONOMICS   JOURNAL OF ECONOMIC HISTORY	0022-0507
ECONOMICS	A级	7	ECONOMICS   JOURNAL OF ECONOMIC THEORY	0022-0531
ECONOMICS	A级	8	ECONOMICS	0022-1996
ECONOMICS	A级	9	ECONOMICS   JOURNAL OF LABOR ECONOMICS	0734-306X
ECONOMICS	A级	10	ECONOMICS	0304-3932
ECONOMICS	A级	11	ECONOMICS   JOURNAL OF PUBLIC ECONOMICS	0047-2727
ECONOMICS	A级	12	ECONOMICS	1542-4766
ECONOMICS	A级	13	ECONOMICS   QUANTITATIVE ECONOMICS	1759-7323
ECONOMICS	A级	14	ECONOMICS   RAND JOURNAL OF ECONOMICS	0741-6261
ECONOMICS	A级	15	ECONOMICS	0899-8256
ECONOMICS	A级	16	ECONOMICS   THEORETICAL ECONOMICS	1933-6837
ECONOMICS	A级	17	ECONOMICS   EXPERIMENTAL ECONOMICS	1386-4157
ECONOMICS	A级	18	ECONOMICS	0883-7252
ECONOMICS	A级	19	ECONOMICS	0735-0015
ECONOMICS	A级	20	ECONOMICS   JOURNAL OF ECONOMIC GROWTH	1381-4338
ECONOMICS	A级	21	ECONOMICS	0095-0696
ECONOMICS	A级	22	ECONOMICS   JOURNAL OF HEALTH ECONOMICS	0167-6296
ECONOMICS	A级	23	ECONOMICS   JOURNAL OF HUMAN RESOURCES	0022-166X
ECONOMICS	A级	24	ECONOMICS   JOURNAL OF URBAN ECONOMICS	0094-1190
ECONOMICS	A级	25	ECONOMICS   REVIEW OF ECONOMIC DYNAMICS	1094-2025
ECONOMICS	A级	26	ECONOMICS	0002-9092
ECONOMICS	A级	27	ECONOMICS   ECONOMIC THEORY	0938-2259
ECONOMICS	A级	28	ECONOMICS   EUROPEAN ECONOMIC REVIEW	0014-2921
ECONOMICS	A级	29	ECONOMICS	0022-0515
ECONOMICS	A级	30	ECONOMICS	0895-3309
ECONOMICS	A级	31	ECONOMICS	1945-7731
ECONOMICS	A级	32	ECONOMICS	1945-7669
ECONOMICS	A级	33	ECONOMICS	1945-7707
ECONOMICS	A级	34	ECONOMICS	1945-7782
ECONOMICS	A级	35	ECONOMICS	2029-4913
ECONOMICS	A级	36	ECONOMICS	0347-0520
ECONOMICS	A级	37	ECONOMICS	1468-2702
ECONOMICS	A级	38	ECONOMICS   ENERGY ECONOMICS	0140-9883
ECONOMICS	B级	39	ECONOMICS   ECONOMETRIC THEORY	0266-4666
ECONOMICS	B级	40	ECONOMICS	0022-1821
ECONOMICS	B级	41	ECONOMICS   JOURNAL OF LAW & ECONOMICS	0022-2186
ECONOMICS	B级	42	ECONOMICS	0007-2303
ECONOMICS	B级	43	ECONOMICS   ECONOMIC HISTORY REVIEW	0013-0117
ECONOMICS	B级	44	ECONOMICS	0014-4983
ECONOMICS	B级	45	ECONOMICS	0147-5967
ECONOMICS	B级	46	ECONOMICS	0167-2681
ECONOMICS	B级	47	ECONOMICS	0165-1889
ECONOMICS	B级	48	ECONOMICS	0022-0485
ECONOMICS	B级	49	ECONOMICS	0304-4068
ECONOMICS	B级	50	ECONOMICS	0933-1433
ECONOMICS	B级	51	ECONOMICS	0922-680X
ECONOMICS	B级	52	ECONOMICS	0895-5646
ECONOMICS	B级	53	ECONOMICS   HISTORY OF POLITICAL ECONOMY	0018-2702
ECONOMICS	B级	54	ECONOMICS	0167-7187
ECONOMICS	B级	55	ECONOMICS   MACROECONOMIC DYNAMICS	1365-1005
ECONOMICS	B级	56	ECONOMICS   SOCIAL CHOICE AND WELFARE	0176-1714
ECONOMICS	B级	57	ECONOMICS   ECONOMIC POLICY	0266-4658
ECONOMICS	B级	58	ECONOMICS   ENERGY JOURNAL	0195-6574
ECONOMICS	B级	59	ECONOMICS   WORLD DEVELOPMENT	0305-750X
ECONOMICS	B级	60	ECONOMICS   HEALTH ECONOMICS	1057-9230
ECONOMICS	B级	61	ECONOMICS   LAND ECONOMICS	0023-7639
ECONOMICS	B级	62	ECONOMICS	0021-857X
ECONOMICS	B级	63	ECONOMICS   JOURNAL OF REGIONAL SCIENCE	0022-4146
ECONOMICS	B级	64	ECONOMICS	0928-7655
ECONOMICS	B级	65	ECONOMICS   ECONOMIC MODELLING	0264-9993
ECONOMICS	B级	66	ECONOMICS	0272-7757
ECONOMICS	B级	67	ECONOMICS   CHINA ECONOMIC REVIEW	1043-951X
ECONOMICS	B级	68	ECONOMICS	0309-166X
ECONOMICS	B级	69	ECONOMICS	0166-0462
ECONOMICS	B级	70	ECONOMICS   ECONOMETRIC REVIEWS	0747-4938
ECONOMICS	B级	71	ECONOMICS   JOURNAL OF ECONOMICS	0931-8658
ECONOMICS	B级	72	ECONOMICS	8756-6222
ECONOMICS	B级	73	ECONOMICS	0266-903X
ECONOMICS	B级	74	ECONOMICS	0305-9049
ECONOMICS	B级	75	ECONOMICS	0895-562X
ECONOMICS	B级	76	ECONOMICS   ECONOMICS AND PHILOSOPHY	0266-2671
ECONOMICS	B级	77	ECONOMICS	0965-7576
ECONOMICS	B级	78	ECONOMICS   LABOUR ECONOMICS	0927-5371
ECONOMICS	B级	79	ECONOMICS   REVIEW OF INCOME AND WEALTH	0034-6586
ECONOMICS	B级	80	ECONOMICS	0022-5258
ECONOMICS	B级	81	ECONOMICS   WORLD ECONOMY	0378-5920
ECONOMICS	B级	82	ECONOMICS   PUBLIC CHOICE	0048-5829
ECONOMICS	B级	83	ECONOMICS   ECONOMIC INQUIRY	0095-2583
ECONOMICS	B级	84	ECONOMICS	0013-0079
ECONOMICS	B级	85	ECONOMICS   JOURNAL OF MACROECONOMICS	0164-0704
ECONOMICS	B级	86	ECONOMICS	0020-7276
ECONOMICS	B级	87	ECONOMICS   NATIONAL TAX JOURNAL	0028-0283
ECONOMICS	B级	88	ECONOMICS   SOUTHERN ECONOMIC JOURNAL	0038-4038
ECONOMICS	B级	89	ECONOMICS   ECONOMICS LETTERS	0165-1765
ECONOMICS	B级	90	ECONOMICS   ECONOMICA	0013-0427
ECONOMICS	B级	91	ECONOMICS	1074-3529
ECONOMICS	B级	92	ECONOMICS   ECONOMIC RECORD	0013-0249
ECONOMICS	B级	93	ECONOMICS   APPLIED ECONOMICS	0003-6846
ECONOMICS	B级	94	ECONOMICS   EMPIRICAL ECONOMICS	0377-7332
ECONOMICS	B级	95	ECONOMICS	0927-5940
ECONOMICS	B级	96	ECONOMICS   THEORY AND DECISION	0040-5833
ECONOMICS	B级	97	ECONOMICS   ECONOMETRICS JOURNAL	1368-4221
ECONOMICS	B级	98	ECONOMICS   ECONOMICS OF TRANSITION	0967-0750
ECONOMICS	B级	99	ECONOMICS   REVIEW OF ECONOMIC DESIGN	1434-4742
ECONOMICS	B级	100	ECONOMICS   EUROPE-ASIA STUDIES	0966-8136
ECONOMICS	B级	101	ECONOMICS	0036-9292
ECONOMICS	B级	102	ECONOMICS	0165-4896
ECONOMICS	B级	103	ECONOMICS   ECONOMIC SYSTEMS RESEARCH	0953-5314
ECONOMICS	B级	104	ECONOMICS	1750-6816
ECONOMICS	B级	105	ECONOMICS	0969-2290
ECONOMICS	B级	106	ECONOMICS	0276-8739
ECONOMICS	B级	107	ECONOMICS   VALUE IN HEALTH	1098-3015
ECONOMICS	B级	108	ECONOMICS	1752-1378
ECONOMICS	B级	109	ECONOMICS   PHARMACOECONOMICS	1170-7690
ECONOMICS	B级	110	ECONOMICS   ECONOMIC GEOGRAPHY	0013-0095
ECONOMICS	B级	111	ECONOMICS   FOOD POLICY	0306-9192
ECONOMICS	B级	112	ECONOMICS   ECOLOGICAL ECONOMICS	0921-8009
ECONOMICS	B级	113	ECONOMICS	1618-7598
ECONOMICS	B级	114	ECONOMICS	1559-7431
ECONOMICS	B级	115	ECONOMICS   JOURNAL OF AGRARIAN CHANGE	1471-0358
ECONOMICS	B级	116	ECONOMICS   SOCIO-ECONOMIC REVIEW	1475-1461
ECONOMICS	B级	117	ECONOMICS   REGIONAL STUDIES	0034-3404
ECONOMICS	B级	118	ECONOMICS   ECONOMICS & HUMAN BIOLOGY	1570-677X
ECONOMICS	B级	119	ECONOMICS   ANNUAL REVIEW OF ECONOMICS	1941-1383
ECONOMICS	B级	120	ECONOMICS	0257-3032
ECONOMICS	B级	121	ECONOMICS   JOURNAL OF ECONOMIC SURVEYS	0950-0804
ECONOMICS	B级	122	ECONOMICS   AGRICULTURAL AND RESOURCE	1364-985X
ECONOMICS	B级	123	ECONOMICS   FUTURES	0016-3287
ECONOMICS	B级	124	ECONOMICS   AGRICULTURAL ECONOMICS	0169-5150
ECONOMICS	B级	125	ECONOMICS	1744-1374
ECONOMICS	B级	126	ECONOMICS	0165-1587
ECONOMICS	B级	127	ECONOMICS	0924-6460
ECONOMICS	B级	128	ECONOMICS   FEMINIST ECONOMICS	1354-5701
ECONOMICS	B级	129	ECONOMICS	0167-6687
ECONOMICS	B级	130	ECONOMICS	2040-5790
ECONOMICS	B级	131	ECONOMICS	0167-4870
ECONOMICS	B级	132	ECONOMICS	0022-0388
ECONOMICS	B级	133	ECONOMICS   ASTIN BULLETIN	0515-0361
ECONOMICS	B级	134	ECONOMICS	1051-1377
ECONOMICS	B级	135	ECONOMICS   DEFENCE AND PEACE ECONOMICS	1024-2694
ECONOMICS	B级	136	ECONOMICS	0008-3976
ECONOMICS	B级	137	ECONOMICS   REVIEW OF WORLD ECONOMICS	1610-2878
ECONOMICS	B级	138	ECONOMICS	0963-8024
ECONOMICS	B级	139	ECONOMICS   KYKLOS	0023-5962
ECONOMICS	B级	140	ECONOMICS	0936-9937
ECONOMICS	B级	141	ECONOMICS   JOURNAL OF SPORTS ECONOMICS	1527-0025
ECONOMICS	B级	142	ECONOMICS	0030-7653
ECONOMICS	B级	143	ECONOMICS	0167-6245
ECONOMICS	B级	144	ECONOMICS   ANNALS OF REGIONAL SCIENCE	0570-1864
ECONOMICS	B级	145	ECONOMICS	0486-6134
ECONOMICS	B级	146	ECONOMICS	0896-5803
ECONOMICS	B级	147	ECONOMICS   PACIFIC ECONOMIC REVIEW	1361-374X
ECONOMICS	B级	148	ECONOMICS   INTERNATIONAL LABOUR REVIEW	0020-7780
ECONOMICS	B级	149	ECONOMICS	1569-1721
ECONOMICS	B级	150	ECONOMICS   JOURNAL OF ECONOMIC ISSUES	0021-3624
ECONOMICS	B级	151	ECONOMICS   ECONOMICS-REVUE CANADIENNE	0008-4085
ECONOMICS	B级	152	ECONOMICS	1097-3923
ECONOMICS	B级	153	ECONOMICS	0160-3477
ECONOMICS	B级	154	ECONOMICS   METROECONOMICA	0026-1386
ECONOMICS	B级	155	ECONOMICS	1363-6669
ECONOMICS	B级	156	ECONOMICS	0967-2567
ECONOMICS	B级	157	ECONOMICS	0932-4569
ECONOMICS	B级	158	ECONOMICS	1062-9408
ECONOMICS	B级	159	ECONOMICS	1354-7860
ECONOMICS	B级	160	ECONOMICS   EMERGING MARKETS REVIEW	1566-0141
ECONOMICS	B级	161	ECONOMICS   TRADE & ECONOMIC	0963-8199
ECONOMICS	B级	162	ECONOMICS	0885-2545
ECONOMICS	B级	163	ECONOMICS	1935-1682
ECONOMICS	B级	164	ECONOMICS	0176-2680
ECONOMICS	B级	165	ECONOMICS   CHINA & WORLD ECONOMY	1671-2234
ECONOMICS	B级	166	ECONOMICS	1569-5239
ECONOMICS	C级	167	ECONOMICS	1756-137X
ECONOMICS	C级	168	ECONOMICS	1937-321X
ECONOMICS	C级	169	ECONOMICS   POST-SOVIET AFFAIRS	1060-586X
ECONOMICS	C级	170	ECONOMICS   MARINE RESOURCE ECONOMICS	0738-1360
ECONOMICS	C级	171	ECONOMICS   ECONOMY AND SOCIETY	0308-5147
ECONOMICS	C级	172	ECONOMICS   NEW POLITICAL ECONOMY	1356-3467
ECONOMICS	C级	173	ECONOMICS	1941-1340
ECONOMICS	C级	174	ECONOMICS   SPATIAL ECONOMIC ANALYSIS	1742-1772
ECONOMICS	C级	175	ECONOMICS	2332-3493
ECONOMICS	C级	176	ECONOMICS	2160-5882
ECONOMICS	C级	177	ECONOMICS   JOURNAL OF SOCIO-ECONOMICS	1053-5357
ECONOMICS	C级	178	ECONOMICS   PAPERS IN REGIONAL SCIENCE	1056-8190
ECONOMICS	C级	179	ECONOMICS   ECONOMIC SYSTEMS	0939-3625
ECONOMICS	C级	180	ECONOMICS   CLIOMETRICA	1863-2505
ECONOMICS	C级	181	ECONOMICS	0038-0121
ECONOMICS	C级	182	ECONOMICS   JOURNAL OF FOREST ECONOMICS	1104-6899
ECONOMICS	C级	183	ECONOMICS   COMPUTATIONAL ECONOMICS	0927-7099
ECONOMICS	C级	184	ECONOMICS	1068-5502
ECONOMICS	C级	185	ECONOMICS   JOURNAL OF POLICY MODELING	0161-8938
ECONOMICS	C级	186	ECONOMICS   AGRIBUSINESS	0742-4477
ECONOMICS	C级	187	ECONOMICS   TRANSPORT POLICY	0967-070X
ECONOMICS	C级	188	ECONOMICS	0021-9886
ECONOMICS	C级	189	ECONOMICS	0950-0170
ECONOMICS	C级	190	ECONOMICS   ENVIRONMENTAL AGREEMENTS-	1567-9764
ECONOMICS	C级	191	ECONOMICS   JOURNAL OF CHOICE MODELLING	1755-5345
ECONOMICS	C级	192	ECONOMICS	0040-747X
ECONOMICS	C级	193	ECONOMICS   INTERACTION AND	1860-711X
ECONOMICS	C级	194	ECONOMICS	1748-7870
ECONOMICS	C级	195	ECONOMICS   OPEN ECONOMIES REVIEW	0923-7992
ECONOMICS	C级	196	ECONOMICS   TOURISM ECONOMICS	1354-8166
ECONOMICS	C级	197	ECONOMICS	1361-4916
ECONOMICS	C级	198	ECONOMICS	2214-8043
ECONOMICS	C级	199	ECONOMICS	1753-0350
ECONOMICS	C级	200	ECONOMICS   INDUSTRY AND INNOVATION	1366-2716
ECONOMICS	C级	201	ECONOMICS	0139-570X
ECONOMICS	C级	202	ECONOMICS	0739-8859
ECONOMICS	C级	203	ECONOMICS   ECONOMIC AND SOCIAL REVIEW	0012-9984
ECONOMICS	C级	204	ECONOMICS	1465-7252
ECONOMICS	C级	205	ECONOMICS   ASIAN ECONOMIC POLICY REVIEW	1832-8105
ECONOMICS	C级	206	ECONOMICS   ECONOMICS & POLITICS	0954-1985
ECONOMICS	C级	207	ECONOMICS	1331-677X
ECONOMICS	C级	208	ECONOMICS   WORLD TRADE REVIEW	1474-7456
ECONOMICS	C级	209	ECONOMICS	1392-2785
ECONOMICS	C级	210	ECONOMICS	0007-4918
ECONOMICS	C级	211	ECONOMICS   POST-COMMUNIST ECONOMIES	1463-1377
ECONOMICS	C级	212	ECONOMICS   EKONOMICKY CASOPIS	0013-3035
ECONOMICS	C级	213	ECONOMICS   GERMAN ECONOMIC REVIEW	1465-6485
ECONOMICS	C级	214	ECONOMICS   PRAGUE ECONOMIC PAPERS	1210-0455
ECONOMICS	C级	215	ECONOMICS	0038-2280
ECONOMICS	C级	216	ECONOMICS	0891-2424
ECONOMICS	C级	217	ECONOMICS   EMPIRICA	0340-8744
ECONOMICS	C级	218	ECONOMICS	1081-1826
ECONOMICS	C级	219	ECONOMICS   JOURNAL OF HUMAN CAPITAL	1932-8575
ECONOMICS	C级	220	ECONOMICS   CESIFO ECONOMIC STUDIES	1610-241X
ECONOMICS	C级	221	ECONOMICS	2054-0892
ECONOMICS	C级	222	ECONOMICS   ECONOMIST-NETHERLANDS	0013-063X
ECONOMICS	C级	223	ECONOMICS   MANCHESTER SCHOOL	1463-6786
ECONOMICS	C级	224	ECONOMICS	1529-7373
ECONOMICS	C级	225	ECONOMICS   POLITICKA EKONOMIE	0032-3233
ECONOMICS	C级	226	ECONOMICS   AMFITEATRU ECONOMIC	1582-9146
ECONOMICS	C级	227	ECONOMICS   ECONOMICS OF GOVERNANCE	1435-6104
ECONOMICS	C级	228	ECONOMICS	0144-8188
ECONOMICS	C级	229	ECONOMICS	0889-1583
ECONOMICS	C级	230	ECONOMICS   ASIAN ECONOMIC PAPERS	1535-3516
ECONOMICS	C级	231	ECONOMICS   BALTIC JOURNAL OF ECONOMICS	1406-099X
ECONOMICS	C级	232	ECONOMICS	2198-3526
ECONOMICS	C级	233	ECONOMICS   JOURNAL OF WORLD TRADE	1011-6702
ECONOMICS	C级	234	ECONOMICS	0044-3751
ECONOMICS	C级	235	ECONOMICS	0156-5826
ECONOMICS	C级	236	ECONOMICS	2194-5993
ECONOMICS	C级	237	ECONOMICS	0922-1425
ECONOMICS	C级	238	ECONOMICS	0004-8992
ECONOMICS	C级	239	ECONOMICS   DEVELOPING ECONOMIES	0012-1533
ECONOMICS	C级	240	ECONOMICS	0929-1261
ECONOMICS	C级	241	ECONOMICS   APPLIED ECONOMICS LETTERS	1350-4851
ECONOMICS	C级	242	ECONOMICS	0954-349X
ECONOMICS	C级	243	ECONOMICS	1035-3046
ECONOMICS	C级	244	ECONOMICS	0818-9935
ECONOMICS	C级	245	ECONOMICS   JOURNAL OF APPLIED ECONOMICS	1514-0326
ECONOMICS	C级	246	ECONOMICS   JOURNAL OF KOREA TRADE	1229-828X
ECONOMICS	C级	247	ECONOMICS	0002-9246
ECONOMICS	C级	248	ECONOMICS   PANOECONOMICUS	1452-595X
ECONOMICS	C级	249	ECONOMICS	1869-4187
ECONOMICS	C级	250	ECONOMICS	2049-5323
ECONOMICS	C级	251	ECONOMICS   GLOBAL ECONOMIC REVIEW	1226-508X
ECONOMICS	C级	252	ECONOMICS	1864-6042
ECONOMICS	C级	253	ECONOMICS   JAPANESE ECONOMIC REVIEW	1352-4739
ECONOMICS	C级	254	ECONOMICS	1744-6414
ECONOMICS	C级	255	ECONOMICS   ACTA OECONOMICA	0001-6373
ECONOMICS	C级	256	ECONOMICS	0212-6109
ECONOMICS	C级	257	ECONOMICS   HEALTH   ECONOMICS AND	2199-9023
ECONOMICS	C级	258	ECONOMICS	0307-3378
ECONOMICS	C级	259	ECONOMICS   AUSTRALIAN ECONOMIC REVIEW	0004-9018
ECONOMICS	C级	260	ECONOMICS   ECON JOURNAL WATCH	1933-527X
ECONOMICS	C级	261	ECONOMICS	0210-1173
ECONOMICS	C级	262	ECONOMICS   ECONOMIC CYBERNETICS	0424-267X
ECONOMICS	C级	263	ECONOMICS   AUSTRALIAN ECONOMIC PAPERS	0004-900X
ECONOMICS	C级	264	ECONOMICS   SINGAPORE ECONOMIC REVIEW	0217-5908
ECONOMICS	C级	265	ECONOMICS   EASTERN EUROPEAN ECONOMICS	0012-8775
ECONOMICS	C级	266	ECONOMICS   REVISTA DE ECONOMIA MUNDIAL	1576-0162
ECONOMICS	C级	267	ECONOMICS	1133-455X
ECONOMICS	C级	268	ECONOMICS   ASIAN ECONOMIC JOURNAL	1351-3958
ECONOMICS	C级	269	ECONOMICS	1582-6163
ECONOMICS	C级	270	ECONOMICS   CEPAL REVIEW	0251-2920
ECONOMICS	C级	271	ECONOMICS	1935-1704
ECONOMICS	C级	272	ECONOMICS	0391-8440
ECONOMICS	C级	273	ECONOMICS   JOURNAL OF MEDIA ECONOMICS	0899-7764
ECONOMICS	C级	274	ECONOMICS   REVUE D ECONOMIE POLITIQUE	0373-2630
ECONOMICS	C级	275	ECONOMICS	0018-280X
ECONOMICS	C级	276	ECONOMICS   INDEPENDENT REVIEW	1086-1653
ECONOMICS	C级	277	ECONOMICS	1617-982X
ECONOMICS	C级	278	ECONOMICS   HISTORY OF ECONOMIC IDEAS	1122-8792
ECONOMICS	C级	279	ECONOMICS	1742-7355
ECONOMICS	C级	280	ECONOMICS         NATIONALOKONOMIE UND	0021-4027
ECONOMICS	C级	281	ECONOMICS         INVESTIGACION ECONOMICA	0185-1667
ECONOMICS	C级	282	ECONOMICS         LOUVAIN-LOUVAIN ECONOMIC	0770-4518
ECONOMICS	C级	283	ECONOMICS         ESTUDIOS DE ECONOMIA	0718-5286
ECONOMICS	C级	284	ECONOMICS         ECONOMIA POLITICA	1120-2890
ECONOMICS	C级	285	ECONOMICS         KOREAN ECONOMIC REVIEW	0254-3737
ECONOMICS	C级	286	ECONOMICS         ARGUMENTA OECONOMICA	1233-5835
ECONOMICS	C级	287	ECONOMICS         TRIMESTRE ECONOMICO	0041-3011
ECONOMICS	C级	288	ECONOMICS	1935-1690
ECONOMICS	C级	289	ECONOMICS	0338-0599
BUSINESS FINANCE	A级	1	BUSINESS   FINANCE	0823-9150
BUSINESS FINANCE	A级	2	BUSINESS   FINANCE	0361-3682
BUSINESS FINANCE	A级	3	BUSINESS   FINANCE   REVIEW OF FINANCE	1572-3097
BUSINESS FINANCE	A级	4	BUSINESS   FINANCE	0022-1090
BUSINESS FINANCE	A级	5	BUSINESS   FINANCE   JOURNAL OF BANKING & FINANCE	0378-4266
BUSINESS FINANCE	A级	6	BUSINESS   FINANCE   REVIEW OF ACCOUNTING STUDIES	1380-6653
BUSINESS FINANCE	A级	7	BUSINESS   FINANCE	0022-2879
BUSINESS FINANCE	A级	8	BUSINESS   FINANCE	0261-5606
BUSINESS FINANCE	A级	9	BUSINESS   FINANCE	0929-1199
BUSINESS FINANCE	A级	10	BUSINESS   FINANCE	1042-9573
BUSINESS FINANCE	A级	11	BUSINESS   FINANCE	1386-4181
BUSINESS FINANCE	A级	12	BUSINESS   FINANCE	0022-4367
BUSINESS FINANCE	A级	13	BUSINESS   FINANCE	1044-5005
BUSINESS FINANCE	A级	14	BUSINESS   FINANCE	0278-0380
BUSINESS FINANCE	A级	15	BUSINESS   FINANCE	0278-4254
BUSINESS FINANCE	A级	16	BUSINESS   FINANCE	0306-686X
BUSINESS FINANCE	A级	17	BUSINESS   FINANCE   ACCOUNTING HORIZONS	0888-7993
BUSINESS FINANCE	B级	18	BUSINESS   FINANCE	0951-3574
BUSINESS FINANCE	B级	19	BUSINESS   FINANCE   BRITISH ACCOUNTING REVIEW	0890-8389
BUSINESS FINANCE	B级	20	BUSINESS   FINANCE   FINANCIAL MANAGEMENT	0046-3892
BUSINESS FINANCE	B级	21	BUSINESS   FINANCE   ACCOUNTING AND FINANCE	0810-5391
BUSINESS FINANCE	B级	22	BUSINESS   FINANCE   EUROPEAN ACCOUNTING REVIEW	0963-8180
BUSINESS FINANCE	B级	23	BUSINESS   FINANCE	1572-3089
BUSINESS FINANCE	B级	24	BUSINESS   FINANCE	1479-8409
BUSINESS FINANCE	B级	25	BUSINESS   FINANCE   FINANCE AND STOCHASTICS	0949-2984
BUSINESS FINANCE	B级	26	BUSINESS   FINANCE   WORLD BANK ECONOMIC REVIEW	0258-6770
BUSINESS FINANCE	B级	27	BUSINESS   FINANCE   JOURNAL OF FUTURES MARKETS	0270-7314
BUSINESS FINANCE	B级	28	BUSINESS   FINANCE	1059-0560
BUSINESS FINANCE	B级	29	BUSINESS   FINANCE	1354-7798
BUSINESS FINANCE	B级	30	BUSINESS   FINANCE	0920-8550
BUSINESS FINANCE	B级	31	BUSINESS   FINANCE   ACCOUNTING FINANCE AND	0001-3072
BUSINESS FINANCE	B级	32	BUSINESS   FINANCE   PACIFIC-BASIN FINANCE JOURNAL	0927-538X
BUSINESS FINANCE	B级	33	BUSINESS   FINANCE   JOURNAL OF EMPIRICAL FINANCE	0927-5398
BUSINESS FINANCE	B级	34	BUSINESS   FINANCE	0895-5638
BUSINESS FINANCE	B级	35	BUSINESS   FINANCE	1542-7560
BUSINESS FINANCE	B级	36	BUSINESS   FINANCE   IMF ECONOMIC REVIEW	2041-4161
BUSINESS FINANCE	B级	37	BUSINESS   FINANCE   QUANTITATIVE FINANCE	1469-7688
BUSINESS FINANCE	B级	38	BUSINESS   FINANCE	0001-4788
BUSINESS FINANCE	B级	39	BUSINESS   FINANCE   FINANCIAL ANALYSTS JOURNAL	0015-198X
BUSINESS FINANCE	B级	40	BUSINESS   FINANCE   REAL ESTATE ECONOMICS	1080-8620
BUSINESS FINANCE	B级	41	BUSINESS   FINANCE	0270-2592
BUSINESS FINANCE	B级	42	BUSINESS   FINANCE	1369-412X
BUSINESS FINANCE	B级	43	BUSINESS   FINANCE   JOURNAL OF DERIVATIVES	1074-1240
BUSINESS FINANCE	B级	44	BUSINESS   FINANCE	0095-4918
BUSINESS FINANCE	B级	45	BUSINESS   FINANCE   EUROPEAN JOURNAL OF FINANCE	1351-847X
BUSINESS FINANCE	B级	46	BUSINESS   FINANCE   FINANCE RESEARCH LETTERS	1544-6123
BUSINESS FINANCE	B级	47	BUSINESS   FINANCE	1474-7472
BUSINESS FINANCE	B级	48	BUSINESS   FINANCE	1554-964X
BUSINESS FINANCE	B级	49	BUSINESS   FINANCE	0014-9187
BUSINESS FINANCE	B级	50	BUSINESS   FINANCE   INSURANCE-ISSUES AND	1018-5895
BUSINESS FINANCE	B级	51	BUSINESS   FINANCE	1815-4654
BUSINESS FINANCE	B级	52	BUSINESS   FINANCE	1035-6908
BUSINESS FINANCE	B级	53	BUSINESS   FINANCE   FINANCIAL MARKETS	1042-4431
BUSINESS FINANCE	B级	54	BUSINESS   FINANCE   FISCAL STUDIES	0143-5671
BUSINESS FINANCE	B级	55	BUSINESS   FINANCE	1057-5219
BUSINESS FINANCE	C级	56	BUSINESS   FINANCE	1076-9307
BUSINESS FINANCE	C级	57	BUSINESS   FINANCE	1608-1625
BUSINESS FINANCE	C级	58	BUSINESS   FINANCE	1045-2354
BUSINESS FINANCE	C级	59	BUSINESS   FINANCE	1941-1367
BUSINESS FINANCE	C级	60	BUSINESS   FINANCE   FINANCIAL MANAGEMENT &	0954-1314
BUSINESS FINANCE	C级	61	BUSINESS   FINANCE   HEALTH CARE FINANCE &	1389-6563
BUSINESS FINANCE	C级	62	BUSINESS   FINANCE	1945-497X
BUSINESS FINANCE	C级	63	BUSINESS   FINANCE	1380-6645
BUSINESS FINANCE	C级	64	BUSINESS   FINANCE   JOURNAL OF OPERATIONAL RISK	1744-6740
BUSINESS FINANCE	C级	65	BUSINESS   FINANCE   INTERNATIONAL FINANCE	1367-0271
BUSINESS FINANCE	C级	66	BUSINESS   FINANCE   INVESTMENT ANALYSTS JOURNAL	1029-3523
BUSINESS FINANCE	C级	67	BUSINESS   FINANCE	0015-1920
BUSINESS FINANCE	C级	68	BUSINESS   FINANCE	1180-0518
BUSINESS FINANCE	C级	69	BUSINESS   FINANCE	0210-2412
BUSINESS FINANCE	C级	70	BUSINESS   FINANCE	2041-9945
BUSINESS FINANCE	C级	71	BUSINESS   FINANCE	1862-9679
BUSINESS FINANCE	C级	72	BUSINESS   FINANCE   JOURNAL OF RISK	1465-1211
BUSINESS FINANCE	C级	73	BUSINESS   FINANCE	1460-1559
BUSINESS FINANCE	C级	74	BUSINESS   FINANCE   FINANZARCHIV	0015-2218
BUSINESS FINANCE	C级	75	BUSINESS   FINANCE	1753-9579
BUSINESS FINANCE	C级	76	BUSINESS   FINANCE   COMPTABILITE CONTROLE AUDIT	1262-2788
BUSINESS FINANCE	C级	77	BUSINESS   FINANCE   JOURNAL OF CREDIT RISK	1744-6619
BUSINESS	A级	1	BUSINESS	0093-5301
BUSINESS	A级	2	BUSINESS	0022-2437
BUSINESS	A级	3	BUSINESS	0883-9026
BUSINESS	A级	4	BUSINESS	1042-2587
BUSINESS	A级	5	BUSINESS	0092-0703
BUSINESS	A级	6	BUSINESS	1057-7408
BUSINESS	A级	7	BUSINESS         HARVARD BUSINESS REVIEW	0017-8012
BUSINESS	A级	8	BUSINESS	1532-9194
BUSINESS	A级	9	BUSINESS	1932-4391
BUSINESS	A级	10	BUSINESS         MARKETING SCIENCE	0732-2399
BUSINESS	A级	11	BUSINESS         JOURNAL OF SERVICE RESEARCH	1094-6705
BUSINESS	A级	12	BUSINESS         JOURNAL OF WORLD BUSINESS	1090-9516
BUSINESS	A级	13	BUSINESS   JOURNAL OF BUSINESS RESEARCH	0148-2963
BUSINESS	B级	14	BUSINESS	1094-9968
BUSINESS	B级	15	BUSINESS   FAMILY BUSINESS REVIEW	0894-4865
BUSINESS	B级	16	BUSINESS	1359-8546
BUSINESS	B级	17	BUSINESS	1086-4415
BUSINESS	B级	18	BUSINESS   JOURNAL OF RETAILING	0022-4359
BUSINESS	B级	19	BUSINESS	1069-031X
BUSINESS	B级	20	BUSINESS	0266-2426
BUSINESS	B级	21	BUSINESS   BUSINESS & SOCIETY	0007-6503
BUSINESS	B级	22	BUSINESS	0019-8501
BUSINESS	B级	23	BUSINESS	0964-4733
BUSINESS	B级	24	BUSINESS   JOURNAL OF ADVERTISING	0091-3367
BUSINESS	B级	25	BUSINESS   RESPONSIBILITY AND	1535-3958
BUSINESS	B级	26	BUSINESS	0040-1625
BUSINESS	B级	27	BUSINESS   MARKETING THEORY	1470-5931
BUSINESS	B级	28	BUSINESS	0969-5931
BUSINESS	B级	29	BUSINESS   R & D MANAGEMENT	0033-6807
BUSINESS	B级	30	BUSINESS   SMALL BUSINESS ECONOMICS	0921-898X
BUSINESS	B级	31	BUSINESS	1877-8585
BUSINESS	B级	32	BUSINESS	0021-8499
BUSINESS	B级	33	BUSINESS   PSYCHOLOGY & MARKETING	0742-6046
BUSINESS	B级	34	BUSINESS   JOURNAL OF BUSINESS ETHICS	0167-4544
BUSINESS	B级	35	BUSINESS   JOURNAL OF MACROMARKETING	0276-1467
BUSINESS	B级	36	BUSINESS   MARKETING LETTERS	0923-0645
BUSINESS	B级	37	BUSINESS	0887-6045
BUSINESS	B级	38	BUSINESS	0960-6491
BUSINESS	B级	39	BUSINESS	0167-8116
BUSINESS	B级	40	BUSINESS	0265-1335
BUSINESS	B级	41	BUSINESS	0309-0566
BUSINESS	B级	42	BUSINESS	1570-7156
BUSINESS	B级	43	BUSINESS	1389-5753
BUSINESS	B级	44	BUSINESS   ENTREPRENEURSHIP AND	1554-7191
BUSINESS	B级	45	BUSINESS   JOURNAL OF CONSUMER AFFAIRS	0022-0078
BUSINESS	B级	46	BUSINESS	1540-496X
BUSINESS	B级	47	BUSINESS   ACCOUNTING INFORMATION	1467-0895
BUSINESS	B级	48	BUSINESS	0964-8410
BUSINESS	B级	49	BUSINESS	1470-6423
BUSINESS	C级	50	BUSINESS   INTERNET RESEARCH	1066-2243
BUSINESS	C级	51	BUSINESS	0889-3268
BUSINESS	C级	52	BUSINESS	0265-0487
BUSINESS	C级	53	BUSINESS	0923-4748
BUSINESS	C级	54	BUSINESS   BUSINESS HORIZONS	0007-6813
BUSINESS	C级	55	BUSINESS	1567-4223
BUSINESS	C级	56	BUSINESS	0962-8770
BUSINESS	C级	57	BUSINESS   SERVICE BUSINESS	1862-8516
BUSINESS	C级	58	BUSINESS	0743-9156
BUSINESS	C级	59	BUSINESS	0898-5626
BUSINESS	C级	60	BUSINESS   BUSINESS ETHICS QUARTERLY	1052-150X
BUSINESS	C级	61	BUSINESS	1025-3866
BUSINESS	C级	62	BUSINESS	1472-0817
BUSINESS	C级	63	BUSINESS   APPLIED ELECTRONIC COMMERCE	0718-1876
BUSINESS	C级	64	BUSINESS	1526-6133
BUSINESS	C级	65	BUSINESS	0885-8624
BUSINESS	C级	66	BUSINESS	2340-9436
BUSINESS	C级	67	BUSINESS	1051-712X
BUSINESS	C级	68	BUSINESS   PUBLIC RELATIONS REVIEW	0363-8111
BUSINESS	C级	69	BUSINESS   SERVICE SCIENCE	2164-3962
BUSINESS	C级	70	BUSINESS	1356-7667
BUSINESS	C级	71	BUSINESS   ASIAN BUSINESS & MANAGEMENT	1472-4782
BUSINESS	C级	72	BUSINESS	2055-6225
BUSINESS	C级	73	BUSINESS	1050-6519
BUSINESS	C级	74	BUSINESS   ASIA PACIFIC BUSINESS REVIEW	1360-2381
BUSINESS	C级	75	BUSINESS	1611-1699
BUSINESS	C级	76	BUSINESS	1470-7853
BUSINESS	C级	77	BUSINESS	0002-7766
BUSINESS	C级	78	BUSINESS	0887-302X
BUSINESS	C级	79	BUSINESS    BUSINESS HISTORY	0007-6791
BUSINESS	C级	80	BUSINESS	1566-7529
BUSINESS	C级	81	BUSINESS	1976-1597
BUSINESS	C级	82	BUSINESS	2194-6175
BUSINESS	C级	83	BUSINESS    ENTERPRISE & SOCIETY	1467-2227
BUSINESS	C级	84	BUSINESS	1648-4460
BUSINESS	C级	85	BUSINESS    BUSINESS HISTORY REVIEW	0007-6805
BUSINESS	C级	86	BUSINESS	1132-7200
BUSINESS	C级	87	BUSINESS	1754-9957
BUSINESS	C级	88	BUSINESS	2078-5585
BUSINESS	C级	89	BUSINESS	1331-8004
BUSINESS	C级	90	BUSINESS    CUSTOS E AGRONEGOCIO ON LINE	1808-2882
MANAGEMENT	A级	1	MANAGEMENT   ORGANIZATION SCIENCE	1047-7039
MANAGEMENT	A级	2	MANAGEMENT	1941-6520
MANAGEMENT	A级	3	MANAGEMENT	1460-8545
MANAGEMENT	A级	4	MANAGEMENT	0272-6963
MANAGEMENT	A级	5	MANAGEMENT	1558-9080
MANAGEMENT	A级	6	MANAGEMENT	1094-4281
MANAGEMENT	A级	7	MANAGEMENT	0021-9010
MANAGEMENT	A级	8	MANAGEMENT	0022-2380
MANAGEMENT	A级	9	MANAGEMENT	0894-3796
MANAGEMENT	A级	10	MANAGEMENT   RESEARCH POLICY	0048-7333
MANAGEMENT	A级	11	MANAGEMENT   PERSONNEL PSYCHOLOGY	0031-5826
MANAGEMENT	A级	12	MANAGEMENT	0737-6782
MANAGEMENT	A级	13	MANAGEMENT   JOURNAL OF MANAGEMENT	0305-0483
MANAGEMENT	A级	14	MANAGEMENT   ORGANIZATION STUDIES	0170-8406
MANAGEMENT	A级	15	MANAGEMENT	0008-1256
MANAGEMENT	A级	16	MANAGEMENT   AND HUMAN DECISION	0749-5978
MANAGEMENT	A级	17	MANAGEMENT   HUMAN RESOURCE MANAGEMENT	0090-4848
MANAGEMENT	A级	18	MANAGEMENT   HUMAN RELATIONS	0018-7267
MANAGEMENT	A级	19	MANAGEMENT   TECHNOVATION	0166-4972
MANAGEMENT	A级	20	MANAGEMENT   LEADERSHIP QUARTERLY	1048-9843
MANAGEMENT	A级	21	MANAGEMENT   SERVICE OPERATIONS	1523-4614
MANAGEMENT	A级	22	MANAGEMENT   TOURISM MANAGEMENT	0261-5177
MANAGEMENT	B级	23	MANAGEMENT   LONG RANGE PLANNING	0024-6301
MANAGEMENT	B级	24	MANAGEMENT	1523-2409
MANAGEMENT	B级	26	MANAGEMENT	0263-7863
MANAGEMENT	B级	29	MANAGEMENT	0963-8687
MANAGEMENT	B级	30	MANAGEMENT   OPERATIONS & PRODUCTION	0144-3577
MANAGEMENT	B级	31	MANAGEMENT   INFORMATION & MANAGEMENT	0378-7206
MANAGEMENT	B级	33	MANAGEMENT	0963-1798
MANAGEMENT	B级	34	MANAGEMENT   MANAGING SERVICE QUALITY	0960-4529
MANAGEMENT	B级	35	MANAGEMENT	2327-0608
MANAGEMENT	B级	36	MANAGEMENT   ORGANIZATION & ENVIRONMENT	1086-0266
MANAGEMENT	B级	39	MANAGEMENT	1045-3172
MANAGEMENT	B级	40	MANAGEMENT	1757-5818
MANAGEMENT	B级	41	MANAGEMENT   JOURNAL OF BUSINESS LOGISTICS	0735-3766
MANAGEMENT	B级	42	MANAGEMENT	0047-2778
MANAGEMENT	B级	44	MANAGEMENT	1938-9655
MANAGEMENT	B级	45	MANAGEMENT	0892-9912
MANAGEMENT	B级	46	MANAGEMENT	1075-4253
MANAGEMENT	B级	47	MANAGEMENT	0191-3085
MANAGEMENT	B级	48	MANAGEMENT	0263-2373
MANAGEMENT	B级	52	MANAGEMENT	1053-4822
MANAGEMENT	B级	53	MANAGEMENT   ORGANIZATION	1350-5084
MANAGEMENT	B级	54	MANAGEMENT	0217-4561
MANAGEMENT	B级	55	MANAGEMENT   GLOBAL STRATEGY JOURNAL	2042-5791
MANAGEMENT	B级	56	MANAGEMENT   STRATEGIC ORGANIZATION	1476-1270
MANAGEMENT	B级	57	MANAGEMENT   ELECTRONIC MARKETS	1019-6781
MANAGEMENT	B级	58	MANAGEMENT	1059-6011
MANAGEMENT	B级	59	MANAGEMENT   MANAGEMENT LEARNING	1350-5076
MANAGEMENT	B级	61	MANAGEMENT	1478-4092
MANAGEMENT	B级	62	MANAGEMENT   CONTEMPORARY HOSPITALITY	0959-6119
MANAGEMENT	B级	63	MANAGEMENT	0169-2070
MANAGEMENT	B级	64	MANAGEMENT   PHYSICAL DISTRIBUTION &	0960-0035
MANAGEMENT	B级	65	MANAGEMENT	1044-8004
MANAGEMENT	B级	66	MANAGEMENT	0895-6308
MANAGEMENT	B级	67	MANAGEMENT	1537-260X
MANAGEMENT	B级	68	MANAGEMENT	0954-5395
MANAGEMENT	B级	69	MANAGEMENT   MIS QUARTERLY EXECUTIVE	1540-1960
MANAGEMENT	B级	70	MANAGEMENT	1367-3270
MANAGEMENT	B级	71	MANAGEMENT	0966-0429
MANAGEMENT	B级	72	MANAGEMENT	1534-4843
MANAGEMENT	B级	73	MANAGEMENT	1058-6407
MANAGEMENT	B级	74	MANAGEMENT	1740-8776
MANAGEMENT	B级	75	MANAGEMENT	0958-5192
MANAGEMENT	B级	76	MANAGEMENT   DECISION SCIENCES	0011-7315
MANAGEMENT	B级	77	MANAGEMENT	0938-8249
MANAGEMENT	B级	78	MANAGEMENT   MANAGEMENT DECISION	0025-1747
MANAGEMENT	B级	81	MANAGEMENT	0953-7325
MANAGEMENT	B级	82	MANAGEMENT	0268-3946
MANAGEMENT	B级	83	MANAGEMENT	0018-9391
MANAGEMENT	B级	84	MANAGEMENT	0893-3189
MANAGEMENT	B级	85	MANAGEMENT	0160-5682
MANAGEMENT	B级	86	MANAGEMENT	0953-4814
MANAGEMENT	B级	87	MANAGEMENT	0889-938X
MANAGEMENT	B级	88	MANAGEMENT   INTERFACES	0092-2102
MANAGEMENT	B级	89	MANAGEMENT	0267-5730
MANAGEMENT	B级	90	MANAGEMENT	1092-7026
MANAGEMENT	B级	91	MANAGEMENT	1038-4111
MANAGEMENT	B级	92	MANAGEMENT	0956-5221
MANAGEMENT	B级	93	MANAGEMENT	0888-4773
MANAGEMENT	B级	94	MANAGEMENT   ORGANIZATIONAL DYNAMICS	0090-2616
MANAGEMENT	C级	95	MANAGEMENT   PROJECT MANAGEMENT JOURNAL	8756-9728
MANAGEMENT	C级	96	MANAGEMENT   AND ORGANIZATIONAL	1359-432X
MANAGEMENT	C级	97	MANAGEMENT   PUBLIC MANAGEMENT REVIEW	1471-9037
MANAGEMENT	C级	98	MANAGEMENT	2041-3866
MANAGEMENT	C级	99	MANAGEMENT   ENGINEERING ECONOMIST	0013-791X
MANAGEMENT	C级	100	MANAGEMENT   SPORT MANAGEMENT REVIEW	1441-3523
MANAGEMENT	C级	101	MANAGEMENT	1471-7727
MANAGEMENT	C级	103	MANAGEMENT	0926-2644
MANAGEMENT	C级	104	MANAGEMENT	0957-4093
MANAGEMENT	C级	105	MANAGEMENT	2212-571X
MANAGEMENT	C级	106	MANAGEMENT	0968-6673
MANAGEMENT	C级	107	MANAGEMENT   SCIENCE AND PUBLIC POLICY	0302-3427
MANAGEMENT	C级	108	MANAGEMENT	1471-678X
MANAGEMENT	C级	109	MANAGEMENT	0312-8962
MANAGEMENT	C级	110	MANAGEMENT   LEADERSHIP	1742-7150
MANAGEMENT	C级	111	MANAGEMENT   SMALL GROUP RESEARCH	1046-4964
MANAGEMENT	C级	112	MANAGEMENT	0021-8863
MANAGEMENT	C级	113	MANAGEMENT   PERSONNEL REVIEW	0048-3486
MANAGEMENT	C级	114	MANAGEMENT	0963-1690
MANAGEMENT	C级	115	MANAGEMENT	0966-0879
MANAGEMENT	C级	116	MANAGEMENT	1478-3363
MANAGEMENT	C级	117	MANAGEMENT	1740-4754
MANAGEMENT	C级	118	MANAGEMENT	0971-7218
MANAGEMENT	C级	119	MANAGEMENT   DECISION ANALYSIS	1545-8490
MANAGEMENT	C级	120	MANAGEMENT	1548-0518
MANAGEMENT	C级	121	MANAGEMENT	1048-6682
MANAGEMENT	C级	122	MANAGEMENT	1863-6683
MANAGEMENT	C级	123	MANAGEMENT	1056-4926
MANAGEMENT	C级	124	MANAGEMENT	0160-8061
MANAGEMENT	C级	125	MANAGEMENT   SERVICE INDUSTRIES JOURNAL	0264-2069
MANAGEMENT	C级	126	MANAGEMENT	1212-3609
MANAGEMENT	C级	130	MANAGEMENT   SYSTEM DYNAMICS REVIEW	0883-7066
MANAGEMENT	C级	132	MANAGEMENT	1352-7606
MANAGEMENT	C级	133	MANAGEMENT	1385-951X
MANAGEMENT	C级	135	MANAGEMENT	1362-0436
MANAGEMENT	C级	136	MANAGEMENT   LOGISTICS-RESEARCH AND	1367-5567
MANAGEMENT	C级	137	MANAGEMENT	1477-8238
MANAGEMENT	C级	139	MANAGEMENT	0268-1072
MANAGEMENT	C级	140	MANAGEMENT	0965-3562
MANAGEMENT	C级	141	MANAGEMENT	2204-0226
MANAGEMENT	C级	142	MANAGEMENT   TRANSPORTATION JOURNAL	0041-1612
MANAGEMENT	C级	143	MANAGEMENT   EMPLOYEE RELATIONS	0142-5455
MANAGEMENT	C级	144	MANAGEMENT	0143-7739
MANAGEMENT	C级	145	MANAGEMENT	0965-075X
MANAGEMENT	C级	146	MANAGEMENT	1936-9735
MANAGEMENT	C级	148	MANAGEMENT	1746-5265
MANAGEMENT	C级	149	MANAGEMENT	1546-2234
MANAGEMENT	C级	150	MANAGEMENT	0949-6181
MANAGEMENT	C级	151	MANAGEMENT   JOURNAL OF FORECASTING	0277-6693
MANAGEMENT	C级	152	MANAGEMENT   STRATEGIC PROPERTY	1648-715X
MANAGEMENT	C级	153	MANAGEMENT	1094-429X
MANAGEMENT	C级	154	MANAGEMENT   ACTION RESEARCH	1476-7503
MANAGEMENT	C级	155	MANAGEMENT	1750-4708
MANAGEMENT	C级	156	MANAGEMENT	0179-6437
MANAGEMENT	C级	157	MANAGEMENT	0143-7720
MANAGEMENT	C级	158	MANAGEMENT   SHIPPING AND TRANSPORT	1756-6517
MANAGEMENT	C级	159	MANAGEMENT	1751-6757
MANAGEMENT	C级	160	MANAGEMENT	1042-9247
MANAGEMENT	C级	161	MANAGEMENT	1833-3672
MANAGEMENT	C级	162	MANAGEMENT   CULTURE AND ORGANIZATION	1475-9551
MANAGEMENT	C级	163	MANAGEMENT	1480-8986
MANAGEMENT	C级	164	MANAGEMENT	0034-7590
MANAGEMENT	C级	165	MANAGEMENT   CHINESE MANAGEMENT STUDIES	1750-614X
MANAGEMENT	C级	166	MANAGEMENT   NEGOTIATION JOURNAL	0748-4526
MANAGEMENT	C级	167	MANAGEMENT   MANAGEMENT-A RESEARCH	0742-3322
MANAGEMENT	C级	168	MANAGEMENT	0825-0383
MANAGEMENT	C级	169	MANAGEMENT   ECONOMIC AND MANAGEMENT	2222-3436
MANAGEMENT	C级	171	MANAGEMENT   LATINOAMERICANA DE	1012-8255
MANAGEMENT	C级	172	MANAGEMENT	0340-5370
MANAGEMENT	C级	173	MANAGEMENT	1806-4892
MANAGEMENT	C级	174	MANAGEMENT	2059-5794
MANAGEMENT	C级	175	MANAGEMENT	2397-0022
LAW	A级	1	LAW     YALE LAW JOURNAL	0044-0094
LAW	A级	2	LAW     TEXAS LAW REVIEW	0040-4411
LAW	A级	3	LAW     COLUMBIA LAW REVIEW	0010-1958
LAW	A级	4	LAW     REGULATION & GOVERNANCE	1748-5983
LAW	A级	5	LAW     LAW AND HUMAN BEHAVIOR	0147-7307
LAW	A级	6	LAW     JOURNAL OF LEGAL ANALYSIS	1946-5319
LAW	A级	7	LAW	0017-8063
LAW	A级	8	LAW	0041-9907
LAW	A级	9	LAW     CALIFORNIA LAW REVIEW	0008-1221
LAW	A级	10	LAW     VIRGINIA LAW REVIEW	0042-6601
LAW	A级	11	LAW	0002-919X
LAW	A级	12	LAW   JOURNAL OF LAW & ECONOMICS	0022-2186
LAW	B级	13	LAW   GEORGETOWN LAW JOURNAL	0016-8092
LAW	B级	14	LAW   COMMON MARKET LAW REVIEW	0165-0750
LAW	B级	15	LAW   DUKE LAW JOURNAL	0012-7086
LAW	B级	16	LAW   PSYCHOLOGY APPLIED TO LEGAL	1889-1861
LAW	B级	17	LAW	0041-9494
LAW	B级	18	LAW   MINNESOTA LAW REVIEW	0026-5535
LAW	B级	19	LAW   UCLA LAW REVIEW	0041-5650
LAW	B级	20	LAW   CORNELL LAW REVIEW	0010-8847
LAW	B级	21	LAW   MICHIGAN LAW REVIEW	0026-2234
LAW	B级	22	LAW	1076-8971
LAW	B级	23	LAW   VANDERBILT LAW REVIEW	0042-2533
LAW	B级	24	LAW	0002-9300
LAW	B级	25	LAW	1355-3259
LAW	B级	26	LAW	1550-3585
LAW	B级	27	LAW   JOURNAL OF LEGAL STUDIES	0047-2530
LAW	B级	28	LAW	1752-7716
LAW	B级	29	LAW	0028-7881
LAW	B级	30	LAW   LAW & SOCIETY REVIEW	0023-9216
LAW	B级	31	LAW   ENVIRONMENTAL AGREEMENTS-	1567-9764
LAW	B级	32	LAW	0735-3936
LAW	B级	33	LAW	1740-1453
LAW	B级	34	LAW   WASHINGTON LAW REVIEW	0043-0617
LAW	B级	35	LAW	0038-3910
LAW	B级	36	LAW   EUROPEAN LAW JOURNAL	1351-5993
LAW	B级	37	LAW   PSYCHOLOGY CRIME & LAW	1068-316X
LAW	B级	38	LAW	0006-8047
LAW	B级	39	LAW   FORDHAM LAW REVIEW	0015-704X
LAW	B级	40	LAW   CURRENT LEGAL PROBLEMS	0070-1998
LAW	B级	41	LAW	0020-5893
LAW	B级	42	LAW   LAW PROBABILITY & RISK	1470-8396
LAW	B级	43	LAW   NOTRE DAME LAW REVIEW	0745-3515
LAW	B级	44	LAW	0143-6503
LAW	B级	45	LAW   MODERN LAW REVIEW	0026-7961
LAW	B级	46	LAW	1369-3034
LAW	B级	47	LAW	1073-1105
LAW	B级	48	LAW	8756-6222
LAW	B级	49	LAW   ACADEMY OF PSYCHIATRY AND	1093-6793
LAW	B级	50	LAW	0160-2527
LAW	B级	51	LAW	0016-8076
LAW	B级	52	LAW	0017-8039
LAW	B级	53	LAW   IOWA LAW REVIEW	0021-0552
LAW	B级	54	LAW   FEMINIST LEGAL STUDIES	0966-3622
LAW	B级	55	LAW   WASHINGTON QUARTERLY	0163-660X
LAW	B级	56	LAW   INDIANA LAW JOURNAL	0019-6665
LAW	B级	57	LAW	2047-1025
LAW	B级	58	LAW	0938-5428
LAW	B级	59	LAW	0952-8873
LAW	B级	60	LAW	0193-4872
LAW	B级	61	LAW	0147-8257
LAW	B级	62	LAW	0922-1565
LAW	B级	63	LAW   JOURNAL OF THE AMERICAN BAR	0897-6546
LAW	B级	64	LAW	0731-5082
LAW	B级	65	LAW	0267-3649
LAW	B级	66	LAW   MEDICAL LAW REVIEW	0967-0742
LAW	B级	67	LAW	0091-4169
LAW	B级	68	LAW	1388-364X
LAW	B级	69	LAW	1474-2640
LAW	B级	70	LAW	0029-3571
LAW	B级	71	LAW   ADMINISTRATIVE LAW REVIEW	0001-8368
LAW	B级	72	LAW   SUPREME COURT REVIEW	0081-9557
LAW	B级	73	LAW	0017-808X
LAW	B级	74	LAW	0002-7766
LAW	B级	75	LAW	1540-1650
LAW	B级	76	LAW   LAW & POLICY	0265-8240
LAW	B级	77	LAW	1478-1387
LAW	B级	78	LAW   CAMBRIDGE LAW JOURNAL	0008-1973
LAW	B级	79	LAW   JOURNAL OF LAW AND SOCIETY	0263-323X
LAW	B级	80	LAW	1566-7529
LAW	B级	81	LAW   SOCIAL & LEGAL STUDIES	0964-6639
LAW	B级	82	LAW	1465-7252
LAW	B级	83	LAW   WORLD TRADE REVIEW	1474-7456
LAW	B级	84	LAW	0098-8588
LAW	B级	85	LAW	0276-9948
LAW	B级	86	LAW	0010-1931
LAW	B级	87	LAW   LAW AND HISTORY REVIEW	0738-2480
LAW	B级	88	LAW   MEDICINE SCIENCE AND THE LAW	0025-8024
LAW	B级	89	LAW	0025-8938
LAW	B级	90	LAW   HASTINGS LAW JOURNAL	0017-8322
LAW	B级	91	LAW	1574-0196
LAW	B级	92	LAW	0090-8320
LAW	B级	93	LAW	0925-9880
LAW	B级	94	LAW	1321-8719
LAW	B级	95	LAW   FOOD AND DRUG LAW JOURNAL	1064-590X
LAW	B级	96	LAW   LEGAL STUDIES	0261-3875
LAW	B级	97	LAW	1876-4045
LAW	B级	98	LAW	0144-8188
LAW	B级	99	LAW	1180-0518
LAW	B级	100	LAW   JOURNAL OF LEGAL EDUCATION	0022-2208
LAW	B级	101	LAW	0164-0364
LAW	B级	102	LAW   LAW LIBRARY JOURNAL	0023-9283
LAW	C级	103	LAW   JOURNAL OF WORLD TRADE	1011-6702
LAW	C级	104	LAW	0027-9048
LAW	C级	105	LAW	0258-7203
LAW	C级	106	LAW	0929-1261
LAW	C级	107	LAW   JUSTICE SYSTEM JOURNAL	0098-261X
LAW	C级	108	LAW	0010-8812
LAW	C级	109	LAW	0196-3228
LAW	C级	110	LAW   JOURNAL OF LEGAL MEDICINE	0194-7648
LAW	C级	111	LAW   RUTGERS LAW REVIEW	0036-0465
LAW	C级	112	LAW   WISCONSIN LAW REVIEW	0043-650X
LAW	C级	113	LAW	1756-0616
LAW	C级	114	LAW   BUFFALO LAW REVIEW	0023-9356
LAW	C级	115	LAW   NATURAL RESOURCES JOURNAL	0028-0739
LAW	C级	116	LAW	1744-6414
LAW	C级	117	LAW   LAW AND PHILOSOPHY	0167-5249
LAW	C级	118	LAW   FAMILY LAW QUARTERLY	0014-729X
LAW	C级	119	LAW	0927-3522
LAW	C级	120	LAW	0161-7109
LAW	C级	121	LAW	0211-5743
LAW	C级	122	LAW   EUROPEAN LAW REVIEW	0307-5400
LAW	C级	123	LAW	0008-8390
LAW	C级	124	LAW	0883-9409
LAW	C级	125	LAW	1754-9957
LAW	C级	126	LAW	0886-3520
LAW	C级	127	LAW	0040-7585
LAW	C级	128	LAW   INTERNATIONAL HEALTH LAW	1819-5164
LAW	C级	129	LAW   ISSUES IN LAW & MEDICINE	8756-8160
LAW	C级	130	LAW   ECOLOGY LAW QUARTERLY	0046-1121
LAW	C级	131	LAW	1360-9939
LAW	C级	132	LAW	2374-3859
LAW	C级	133	LAW   JOURNAL OF INTERNATIONAL	1938-0283
LAW	C级	134	LAW   HONG KONG LAW JOURNAL	0378-0600
LAW	C级	135	LAW	1816-3831
LAW	C级	136	LAW   MILITARY LAW REVIEW	0026-4040
LAW	C级	137	LAW	0169-3441
LAW	C级	138	LAW	0010-1923
LAW	C级	139	LAW	1554-0189
LAW	C级	140	LAW	2045-9807
LAW	C级	141	LAW	1976-9229
LAW	C级	142	LAW        JOURNAL OF AFRICAN LAW	0021-8553
LAW	C级	143	LAW        ASIA PACIFIC LAW REVIEW	1019-2557
LAW	C级	144	LAW	0041-9915
LAW	C级	145	LAW        REVISTA CHILENA DE DERECHO	0718-3437
LAW	C级	146	LAW	0097-9554
LAW	C级	147	LAW        DENVER LAW REVIEW	2469-6463
ANTHROPOLOGY	A级	1	ANTHROPOLOGY   JOURNAL OF PEASANT STUDIES	0306-6150
ANTHROPOLOGY	A级	2	ANTHROPOLOGY	1827-4765
ANTHROPOLOGY	A级	3	ANTHROPOLOGY   JOURNAL OF HUMAN EVOLUTION	0047-2484
ANTHROPOLOGY	A级	4	ANTHROPOLOGY   EVOLUTIONARY ANTHROPOLOGY	1060-1538
ANTHROPOLOGY	A级	5	ANTHROPOLOGY	1059-0161
ANTHROPOLOGY	A级	6	ANTHROPOLOGY	1072-5369
ANTHROPOLOGY	A级	7	ANTHROPOLOGY   INTERDISCIPLINARY BIOSOCIAL	1045-6767
ANTHROPOLOGY	B级	8	ANTHROPOLOGY   CULTURAL ANTHROPOLOGY	0886-7356
ANTHROPOLOGY	B级	9	ANTHROPOLOGY	0305-4403
ANTHROPOLOGY	B级	10	ANTHROPOLOGY	0002-9483
ANTHROPOLOGY	B级	11	ANTHROPOLOGY   SOCIAL NETWORKS	0378-8733
ANTHROPOLOGY	B级	12	ANTHROPOLOGY	0084-6570
ANTHROPOLOGY	B级	13	ANTHROPOLOGY   TRANSCULTURAL PSYCHIATRY	1363-4615
ANTHROPOLOGY	B级	14	ANTHROPOLOGY   AMERICAN ETHNOLOGIST	0094-0496
ANTHROPOLOGY	B级	15	ANTHROPOLOGY   CURRENT ANTHROPOLOGY	0011-3204
ANTHROPOLOGY	B级	16	ANTHROPOLOGY	1469-6053
ANTHROPOLOGY	B级	17	ANTHROPOLOGY	1866-9557
ANTHROPOLOGY	B级	18	ANTHROPOLOGY	0745-5194
ANTHROPOLOGY	B级	19	ANTHROPOLOGY	1042-0533
ANTHROPOLOGY	B级	20	ANTHROPOLOGY   HUMAN ECOLOGY	0300-7839
ANTHROPOLOGY	B级	21	ANTHROPOLOGY	0278-4165
ANTHROPOLOGY	B级	21	ANTHROPOLOGY   PUBLIC CULTURE	0899-2363
ANTHROPOLOGY	B级	23	ANTHROPOLOGY	1359-0987
ANTHROPOLOGY	B级	24	ANTHROPOLOGY   ANTHROPOLOGICAL QUARTERLY	0003-5491
ANTHROPOLOGY	B级	25	ANTHROPOLOGY   AMERICAN ANTHROPOLOGIST	0002-7294
ANTHROPOLOGY	B级	26	ANTHROPOLOGY   ANTIQUITY	0003-598X
ANTHROPOLOGY	B级	27	ANTHROPOLOGY   JOURNAL OF WORLD PREHISTORY	0892-7537
ANTHROPOLOGY	B级	28	ANTHROPOLOGY	1055-1360
ANTHROPOLOGY	B级	29	ANTHROPOLOGY	1470-2266
ANTHROPOLOGY	B级	30	ANTHROPOLOGY   MEDICAL ANTHROPOLOGY	0145-9740
ANTHROPOLOGY	B级	31	ANTHROPOLOGY   FIELD METHODS	1525-822X
ANTHROPOLOGY	B级	32	ANTHROPOLOGY   AMERICAN ANTIQUITY	0002-7316
ANTHROPOLOGY	B级	33	ANTHROPOLOGY   HUMAN ORGANIZATION	0018-7259
ANTHROPOLOGY	B级	34	ANTHROPOLOGY   ANNALS OF HUMAN BIOLOGY	0301-4460
ANTHROPOLOGY	B级	35	ANTHROPOLOGY   ARCHAEOLOGY IN OCEANIA	0003-8121
ANTHROPOLOGY	B级	36	ANTHROPOLOGY   JOURNAL OF ETHNOBIOLOGY	0278-0771
ANTHROPOLOGY	B级	37	ANTHROPOLOGY   ETHNOGRAPHY	1466-1381
ANTHROPOLOGY	B级	38	ANTHROPOLOGY	1047-482X
ANTHROPOLOGY	B级	39	ANTHROPOLOGY	0165-005X
ANTHROPOLOGY	B级	40	ANTHROPOLOGY   CULTURAL STUDIES	0950-2386
ANTHROPOLOGY	B级	41	ANTHROPOLOGY   AUSTRALIAN ARCHAEOLOGY	0312-2417
ANTHROPOLOGY	B级	42	ANTHROPOLOGY	0010-4175
ANTHROPOLOGY	B级	43	ANTHROPOLOGY   ETHNOS	0014-1844
ANTHROPOLOGY	B级	44	ANTHROPOLOGY   JOURNAL OF MATERIAL CULTURE	1359-1835
ANTHROPOLOGY	B级	45	ANTHROPOLOGY   ANTHROPOLOGICAL THEORY	1463-4996
ANTHROPOLOGY	B级	46	ANTHROPOLOGY   ETHOS	0091-2131
ANTHROPOLOGY	B级	47	ANTHROPOLOGY	1035-8811
ANTHROPOLOGY	B级	48	ANTHROPOLOGY   HUMAN BIOLOGY	0018-7143
ANTHROPOLOGY	B级	49	ANTHROPOLOGY   ANTHROPOLOGIE	0003-5521
ANTHROPOLOGY	B级	50	ANTHROPOLOGY   ANTHROPOLOGICAL FORUM	0066-4677
ANTHROPOLOGY	B级	51	ANTHROPOLOGY	0161-7761
ANTHROPOLOGY	B级	52	ANTHROPOLOGY	0018-442X
ANTHROPOLOGY	B级	53	ANTHROPOLOGY   ANTHROPOLOGISCHER ANZEIGER	0003-5548
ANTHROPOLOGY	B级	54	ANTHROPOLOGY   AFRICA	0001-9720
ANTHROPOLOGY	B级	55	ANTHROPOLOGY	0091-7710
ANTHROPOLOGY	B级	56	ANTHROPOLOGY	1444-2213
ANTHROPOLOGY	B级	57	ANTHROPOLOGY   TRABAJOS DE PREHISTORIA	0082-5638
ANTHROPOLOGY	C级	58	ANTHROPOLOGY   ANTHROPOZOOLOGICA	0761-3032
ANTHROPOLOGY	C级	59	ANTHROPOLOGY	1081-6976
ANTHROPOLOGY	C级	60	ANTHROPOLOGY   ANTHROPOLOGY & MEDICINE	1364-8470
ANTHROPOLOGY	C级	61	ANTHROPOLOGY	0952-1909
ANTHROPOLOGY	C级	62	ANTHROPOLOGY   OCEANIA	0029-8077
ANTHROPOLOGY	C级	63	ANTHROPOLOGY   CRITIQUE OF ANTHROPOLOGY	0308-275X
ANTHROPOLOGY	C级	64	ANTHROPOLOGY	2332-3256
ANTHROPOLOGY	C级	65	ANTHROPOLOGY	0717-7356
ANTHROPOLOGY	C级	66	ANTHROPOLOGY   ZEITSCHRIFT FUR ETHNOLOGIE	0044-2666
ANTHROPOLOGY	C级	67	ANTHROPOLOGY   ARCTIC ANTHROPOLOGY	0066-6939
ANTHROPOLOGY	C级	68	ANTHROPOLOGY   RACE & CLASS	0306-3968
ANTHROPOLOGY	C级	69	ANTHROPOLOGY	1850-373X
ANTHROPOLOGY	C级	70	ANTHROPOLOGY   ANTHROPOLOGICAL NOTEBOOKS	1408-032X
ANTHROPOLOGY	C级	71	ANTHROPOLOGY	0032-4000
ANTHROPOLOGY	C级	72	ANTHROPOLOGY   MAGALLANIA	0718-2244
ANTHROPOLOGY	C级	73	ANTHROPOLOGY   PRAEHISTORISCHE ZEITSCHRIFT	0079-4848
ANTHROPOLOGY	C级	74	ANTHROPOLOGY	0729-4352
ANTHROPOLOGY	C级	75	ANTHROPOLOGY   SOCIOLOGUS	0038-0377
ANTHROPOLOGY	C级	76	ANTHROPOLOGY   INTER-ASIA CULTURAL STUDIES	1464-9373
ANTHROPOLOGY	C级	77	ANTHROPOLOGY    ETHNOHISTORY	0014-1801
ANTHROPOLOGY	C级	78	ANTHROPOLOGY    JOURNAL OF FAMILY HISTORY	0363-1990
ANTHROPOLOGY	C级	79	ANTHROPOLOGY	0006-2294
ANTHROPOLOGY	C级	80	ANTHROPOLOGY    ANTHROPOS	0257-9774
ANTHROPOLOGY	C级	81	ANTHROPOLOGY	1695-9752
ANTHROPOLOGY	C级	82	ANTHROPOLOGY    ROMANI STUDIES	1528-0748
AREA STUDIES	A级	1	AREA STUDIES   AFRICAN AFFAIRS	0001-9909
AREA STUDIES	A级	2	AREA STUDIES   CHINA QUARTERLY	0305-7410
AREA STUDIES	A级	3	AREA STUDIES   CHINA JOURNAL	1324-9347
AREA STUDIES	A级	4	AREA STUDIES	1067-0564
AREA STUDIES	A级	5	AREA STUDIES   ASIA PACIFIC VIEWPOINT	1360-7456
AREA STUDIES	B级	6	AREA STUDIES	0047-2336
AREA STUDIES	B级	7	AREA STUDIES   MEDITERRANEAN POLITICS	1362-9395
AREA STUDIES	B级	8	AREA STUDIES	1531-426X
AREA STUDIES	B级	9	AREA STUDIES   TURKISH STUDIES	1468-3849
AREA STUDIES	B级	10	AREA STUDIES   PACIFIC REVIEW	0951-2748
AREA STUDIES	B级	11	AREA STUDIES	1944-8953
AREA STUDIES	B级	12	AREA STUDIES	1753-1055
AREA STUDIES	B级	13	AREA STUDIES   CHINA INFORMATION	0920-203X
AREA STUDIES	B级	14	AREA STUDIES	0022-278X
AREA STUDIES	B级	15	AREA STUDIES   INTERDISCIPLINARY JOURNAL ON	1680-2012
AREA STUDIES	B级	16	AREA STUDIES	0305-6244
AREA STUDIES	B级	17	AREA STUDIES	0261-3050
AREA STUDIES	B级	18	AREA STUDIES	0013-0079
AREA STUDIES	B级	19	AREA STUDIES   SLAVIC REVIEW	0037-6779
AREA STUDIES	B级	20	AREA STUDIES	1538-7216
AREA STUDIES	B级	21	AREA STUDIES   AFRICAN STUDIES REVIEW	0002-0206
AREA STUDIES	B级	22	AREA STUDIES   EUROPE-ASIA STUDIES	0966-8136
AREA STUDIES	B级	23	AREA STUDIES	0007-4918
AREA STUDIES	B级	24	AREA STUDIES   JOURNAL OF ASIAN STUDIES	0021-9118
AREA STUDIES	B级	25	AREA STUDIES   MODERN CHINA	0097-7004
AREA STUDIES	B级	26	AREA STUDIES   ASIAN STUDIES REVIEW	1035-7823
AREA STUDIES	B级	27	AREA STUDIES	0129-797X
AREA STUDIES	B级	28	AREA STUDIES	0020-7438
AREA STUDIES	B级	29	AREA STUDIES   PACIFIC AFFAIRS	0030-851X
AREA STUDIES	B级	30	AREA STUDIES   CRITICAL ASIAN STUDIES	1467-2715
AREA STUDIES	B级	31	AREA STUDIES   AFRICA	0001-9720
AREA STUDIES	B级	32	AREA STUDIES   MIDDLE EAST JOURNAL	0026-3141
AREA STUDIES	B级	33	AREA STUDIES   CONTEMPORARY PACIFIC	1043-898X
AREA STUDIES	B级	34	AREA STUDIES	0022-216X
AREA STUDIES	B级	35	AREA STUDIES	0305-7070
AREA STUDIES	B级	36	AREA STUDIES	0265-5012
AREA STUDIES	B级	37	AREA STUDIES	0021-9096
AREA STUDIES	B级	38	AREA STUDIES	0253-3952
AREA STUDIES	B级	39	AREA STUDIES   AFRICA SPECTRUM	0002-0397
AREA STUDIES	B级	40	AREA STUDIES   LATIN AMERICAN PERSPECTIVES	0094-582X
AREA STUDIES	B级	41	AREA STUDIES   MIDDLE EAST POLICY	1061-1924
AREA STUDIES	B级	42	AREA STUDIES	1353-0194
AREA STUDIES	B级	43	AREA STUDIES   MODERN ASIAN STUDIES	0026-749X
AREA STUDIES	B级	44	AREA STUDIES   MIDDLE EASTERN STUDIES	0026-3206
AREA STUDIES	B级	45	AREA STUDIES   PACIFIC FOCUS	1225-4657
AREA STUDIES	B级	46	AREA STUDIES   GERMAN STUDIES REVIEW	0149-7952
AREA STUDIES	B级	47	AREA STUDIES	0888-3254
AREA STUDIES	C级	48	AREA STUDIES   JOURNAL OF JAPANESE STUDIES	0095-6848
AREA STUDIES	C级	49	AREA STUDIES	0022-4634
AREA STUDIES	C级	50	AREA STUDIES   AFRICAN STUDIES	0002-0184
AREA STUDIES	C级	51	AREA STUDIES	1468-3857
AREA STUDIES	C级	52	AREA STUDIES   ASIAN SURVEY	0004-4687
AREA STUDIES	C级	53	AREA STUDIES	1568-4849
AREA STUDIES	C级	54	AREA STUDIES   EUROPEAN REVIEW	1062-7987
AREA STUDIES	C级	55	AREA STUDIES   SOCIAL SCIENCE JAPAN JOURNAL	1369-1465
AREA STUDIES	C级	56	AREA STUDIES   JOURNAL OF BALTIC STUDIES	0162-9778
AREA STUDIES	C级	57	AREA STUDIES   IRANIAN STUDIES	0021-0862
AREA STUDIES	C级	58	AREA STUDIES	0023-8791
AREA STUDIES	C级	59	AREA STUDIES   LONDON JOURNAL	0305-8034
AREA STUDIES	C级	60	AREA STUDIES	1382-2373
AREA STUDIES	C级	61	AREA STUDIES   ISRAEL AFFAIRS	1353-7121
AREA STUDIES	C级	62	AREA STUDIES	1444-3058
AREA STUDIES	C级	63	AREA STUDIES	0219-7472
AREA STUDIES	C级	64	AREA STUDIES   AFRICAN AND ASIAN STUDIES	1569-2094
AREA STUDIES	C级	65	AREA STUDIES   KOREA OBSERVER	0023-3919
AREA STUDIES	C级	66	AREA STUDIES   JOURNAL OF PALESTINE STUDIES	0377-919X
AREA STUDIES	C级	67	AREA STUDIES   BILIG	1301-0549
AREA STUDIES	C级	68	AREA STUDIES   TRANSYLVANIAN REVIEW	1221-1249
COMMUNICATION	A级	1	COMMUNICATION   NEW MEDIA & SOCIETY	1461-4448
COMMUNICATION	A级	2	COMMUNICATION	1083-6101
COMMUNICATION	A级	3	COMMUNICATION   MEDIA PSYCHOLOGY	1521-3269
COMMUNICATION	A级	4	COMMUNICATION   COMMUNICATION RESEARCH	0093-6502
COMMUNICATION	B级	5	COMMUNICATION   COMMUNICATION THEORY	1050-3293
COMMUNICATION	B级	6	COMMUNICATION	1369-118X
COMMUNICATION	B级	7	COMMUNICATION	0963-6625
COMMUNICATION	B级	8	COMMUNICATION   POLITICAL COMMUNICATION	1058-4609
COMMUNICATION	B级	9	COMMUNICATION	0265-0487
COMMUNICATION	B级	10	COMMUNICATION   COMUNICAR	1134-3478
COMMUNICATION	B级	11	COMMUNICATION	0361-1434
COMMUNICATION	B级	12	COMMUNICATION   TECHNICAL COMMUNICATION	0049-3155
COMMUNICATION	B级	13	COMMUNICATION	0021-8499
COMMUNICATION	B级	14	COMMUNICATION   JOURNALISM STUDIES	1461-670X
COMMUNICATION	B级	15	COMMUNICATION	0835-1813
COMMUNICATION	B级	16	COMMUNICATION   SCIENCE COMMUNICATION	1075-5470
COMMUNICATION	B级	17	COMMUNICATION   COMMUNICATION MONOGRAPHS	0363-7751
COMMUNICATION	B级	18	COMMUNICATION	1062-726X
COMMUNICATION	B级	19	COMMUNICATION	1081-0730
COMMUNICATION	B级	20	COMMUNICATION	0360-3989
COMMUNICATION	B级	21	COMMUNICATION   TELECOMMUNICATIONS POLICY	0308-5961
COMMUNICATION	B级	22	COMMUNICATION	1940-1612
COMMUNICATION	B级	23	COMMUNICATION	1932-8036
COMMUNICATION	B级	24	COMMUNICATION   HEALTH COMMUNICATION	1041-0236
COMMUNICATION	B级	25	COMMUNICATION   JOURNALISM	1464-8849
COMMUNICATION	B级	26	COMMUNICATION	0265-4075
COMMUNICATION	B级	27	COMMUNICATION   COMMUNICATION-A JOURNAL OF	1752-4032
COMMUNICATION	B级	28	COMMUNICATION	0267-3231
COMMUNICATION	B级	29	COMMUNICATION   PUBLIC OPINION QUARTERLY	0033-362X
COMMUNICATION	B级	30	COMMUNICATION   TELEVISION & NEW MEDIA	1527-4764
COMMUNICATION	B级	31	COMMUNICATION	0883-8151
COMMUNICATION	B级	32	COMMUNICATION   PUBLIC RELATIONS REVIEW	0363-8111
COMMUNICATION	B级	33	COMMUNICATION	1520-5436
COMMUNICATION	B级	34	COMMUNICATION	1077-6990
COMMUNICATION	B级	35	COMMUNICATION	0261-927X
COMMUNICATION	B级	36	COMMUNICATION	0954-2892
COMMUNICATION	B级	37	COMMUNICATION   WRITTEN COMMUNICATION	0741-0883
COMMUNICATION	B级	38	COMMUNICATION   MEDIA CULTURE & SOCIETY	0163-4437
COMMUNICATION	B级	39	COMMUNICATION   DISCOURSE & COMMUNICATION	1750-4813
COMMUNICATION	B级	40	COMMUNICATION	1050-6519
COMMUNICATION	B级	41	COMMUNICATION   PSYCHOLOGY-THEORIES	1864-1105
COMMUNICATION	B级	42	COMMUNICATION   DISCOURSE & SOCIETY	0957-9265
COMMUNICATION	B级	43	COMMUNICATION   DISCOURSE CONTEXT & MEDIA	2211-6958
COMMUNICATION	B级	44	COMMUNICATION   INTERACTION STUDIES	1572-0373
COMMUNICATION	B级	45	COMMUNICATION	1354-8565
COMMUNICATION	B级	46	COMMUNICATION   JOURNAL OF COMMUNICATION	0341-2059
COMMUNICATION	B级	47	COMMUNICATION   CRITICAL DISCOURSE STUDIES	1740-5904
COMMUNICATION	B级	48	COMMUNICATION	1529-5036
COMMUNICATION	B级	49	COMMUNICATION   DISCOURSE STUDIES	1461-4456
COMMUNICATION	B级	50	COMMUNICATION   LANGUAGE & COMMUNICATION	0271-5309
COMMUNICATION	B级	51	COMMUNICATION	1044-4068
COMMUNICATION	B级	52	COMMUNICATION	1754-4750
COMMUNICATION	C级	53	COMMUNICATION   GAMES AND CULTURE	1555-4120
COMMUNICATION	C级	54	COMMUNICATION	0256-0054
COMMUNICATION	C级	55	COMMUNICATION	1479-1420
COMMUNICATION	C级	56	COMMUNICATION   PERSONAL RELATIONSHIPS	1350-4126
COMMUNICATION	C级	57	COMMUNICATION   ARGUMENTATION	0920-427X
COMMUNICATION	C级	58	COMMUNICATION   VISUAL COMMUNICATION	1470-3572
COMMUNICATION	C级	59	COMMUNICATION   TRANSLATOR	1355-6509
COMMUNICATION	C级	60	COMMUNICATION	0129-2986
COMMUNICATION	C级	61	COMMUNICATION	1748-0485
COMMUNICATION	C级	62	COMMUNICATION   SOCIAL SEMIOTICS	1035-0330
COMMUNICATION	C级	63	COMMUNICATION	1030-4312
COMMUNICATION	C级	64	COMMUNICATION   QUARTERLY JOURNAL OF SPEECH	0033-5630
COMMUNICATION	C级	65	COMMUNICATION	1753-9129
COMMUNICATION	C级	66	COMMUNICATION   TEXT & TALK	1860-7330
COMMUNICATION	C级	67	COMMUNICATION   JOURNAL OF MASS MEDIA ETHICS	0890-0523
COMMUNICATION	C级	68	COMMUNICATION   JAVNOST-THE PUBLIC	1318-3222
COMMUNICATION	C级	69	COMMUNICATION	1329-878X
COMMUNICATION	C级	70	COMMUNICATION   RHETORIC SOCIETY QUARTERLY	0277-3945
COMMUNICATION	C级	71	COMMUNICATION   NARRATIVE INQUIRY	1387-6740
COMMUNICATION	C级	72	COMMUNICATION	0090-9882
COMMUNICATION	C级	73	COMMUNICATION   JOURNAL OF MEDIA ECONOMICS	0899-7764
COMMUNICATION	C级	74	COMMUNICATION   AFRICAN JOURNALISM STUDIES	2374-3670
COMMUNICATION	C级	75	COMMUNICATION	1384-6930
COMMUNICATION	C级	76	COMMUNICATION	2040-199X
CRIMINOLOGY PENOLOGY	A级	1	CRIMINOLOGY	0011-1384
CRIMINOLOGY PENOLOGY	A级	2	TRAUMA VIOLENCE & ABUSE	1524-8380
CRIMINOLOGY PENOLOGY	A级	4	JUSTICE QUARTERLY	0741-8825
CRIMINOLOGY PENOLOGY	B级	8	JOURNAL OF SCHOOL VIOLENCE	1538-8220
CRIMINOLOGY PENOLOGY	B级	10	JOURNAL OF CRIMINAL JUSTICE	0047-2352
CRIMINOLOGY PENOLOGY	B级	11	PSYCHOLOGY OF VIOLENCE	2152-0828
CRIMINOLOGY PENOLOGY	B级	14	INTERNATIONAL JOURNAL OF	1462-4745
CRIMINOLOGY PENOLOGY	B级	17	CRIME & DELINQUENCY	0011-1287
CRIMINOLOGY PENOLOGY	B级	20	POLICING & SOCIETY	1043-9463
CRIMINOLOGY PENOLOGY	B级	22	HOMICIDE STUDIES	1088-7679
CRIMINOLOGY PENOLOGY	B级	23	THEORETICAL CRIMINOLOGY	1362-4806
CRIMINOLOGY PENOLOGY	B级	24	POLICE QUARTERLY	1098-6111
CRIMINOLOGY PENOLOGY	B级	25	CRIMINOLOGY & PUBLIC POLICY	1538-6473
CRIMINOLOGY PENOLOGY	B级	26	PSYCHOLOGY CRIME & LAW	1068-316X
CRIMINOLOGY PENOLOGY	B级	29	PRISON JOURNAL	0032-8855
CRIMINOLOGY PENOLOGY	B级	30	OFFENDER THERAPY AND	0306-624X
CRIMINOLOGY PENOLOGY	B级	33	DEVIANT BEHAVIOR	0163-9625
CRIMINOLOGY PENOLOGY	B级	37	SECURITY JOURNAL	0955-1662
CRIMINOLOGY PENOLOGY	B级	38	FEMINIST CRIMINOLOGY	1557-0851
CRIMINOLOGY PENOLOGY	B级	39	PSYCHOLOGY AND OFFENDER	1544-4759
CRIMINOLOGY PENOLOGY	B级	40	CRIMINOLOGY AND CRIMINAL	1707-7753
CRIMINOLOGY PENOLOGY	C级	43	CRITICAL CRIMINOLOGY	1205-8629
CRIMINOLOGY PENOLOGY	C级	44	SOCIAL & LEGAL STUDIES	0964-6639
CRIMINOLOGY PENOLOGY	C级	45	VIOLENCE AND VICTIMS	0886-6708
CRIMINOLOGY PENOLOGY	C级	46	CRIME MEDIA CULTURE	1741-6590
CRIMINOLOGY PENOLOGY	C级	47	CRIME LAW AND SOCIAL CHANGE	0925-4994
CRIMINOLOGY PENOLOGY	C级	49	JOURNAL OF POLICE STRATEGIES	1363-951X
CRIMINOLOGY PENOLOGY	C级	51	JOURNAL OF FORENSIC NURSING	1556-3693
CRIMINOLOGY PENOLOGY	C级	53	RECHT & PSYCHIATRIE	0724-2247
CRIMINOLOGY PENOLOGY	C级	55	DEVIANCE ET SOCIETE	0378-7931
CRIMINOLOGY PENOLOGY	C级	57	KRIMINOLOGIE UND	0026-9301
CULTURAL STUDIES	A级	1	CULTURAL   STUDIES	1469-5405
CULTURAL STUDIES	A级	2	CULTURAL   STUDIES   THEORY CULTURE & SOCIETY	0263-2764
CULTURAL STUDIES	A级	3	CULTURAL   STUDIES   PUBLIC CULTURE	0899-2363
CULTURAL STUDIES	A级	4	CULTURAL   STUDIES   JOURNAL OF VISUAL CULTURE	1470-4129
CULTURAL STUDIES	B级	5	CULTURAL   STUDIES	1040-7391
CULTURAL STUDIES	B级	6	CULTURAL   STUDIES	1367-5494
CULTURAL STUDIES	B级	7	CULTURAL   STUDIES	1028-6632
CULTURAL STUDIES	B级	8	CULTURAL   STUDIES   GAMES AND CULTURE	1555-4120
CULTURAL STUDIES	B级	9	CULTURAL   STUDIES   CULTURAL STUDIES	0950-2386
CULTURAL STUDIES	B级	10	CULTURAL   STUDIES   MEMORY STUDIES	1750-6980
CULTURAL STUDIES	B级	11	CULTURAL   STUDIES   CRITICAL INQUIRY	0093-1896
CULTURAL STUDIES	B级	12	CULTURAL   STUDIES	1367-8779
CULTURAL STUDIES	B级	13	CULTURAL   STUDIES   JOURNAL OF MATERIAL CULTURE	1359-1835
CULTURAL STUDIES	B级	14	CULTURAL   STUDIES	1369-6815
CULTURAL STUDIES	B级	15	CULTURAL   STUDIES   SOUTH ATLANTIC QUARTERLY	0038-2876
CULTURAL STUDIES	B级	16	CULTURAL   STUDIES	1753-0350
CULTURAL STUDIES	B级	17	CULTURAL   STUDIES   SCIENCE AS CULTURE	0950-5431
CULTURAL STUDIES	B级	18	CULTURAL   STUDIES	1070-289X
CULTURAL STUDIES	B级	19	CULTURAL   STUDIES	1479-1420
CULTURAL STUDIES	B级	20	CULTURAL   STUDIES   REPRESENTATIONS	0734-6018
CULTURAL STUDIES	B级	21	CULTURAL   STUDIES   ASIAN STUDIES REVIEW	1035-7823
CULTURAL STUDIES	B级	22	CULTURAL   STUDIES   SPACE AND CULTURE	1206-3312
CULTURAL STUDIES	B级	23	CULTURAL   STUDIES	1030-4312
CULTURAL STUDIES	B级	24	CULTURAL   STUDIES	0256-0046
CULTURAL STUDIES	B级	25	CULTURAL   STUDIES   PARALLAX	1353-4645
CULTURAL STUDIES	B级	26	CULTURAL   STUDIES   JOURNAL OF POSTCOLONIAL	1369-801X
CULTURAL STUDIES	B级	27	CULTURAL   STUDIES   CULTURAL CRITIQUE	0882-4371
CULTURAL STUDIES	C级	28	CULTURAL   STUDIES	1463-6204
CULTURAL STUDIES	C级	29	CULTURAL   STUDIES   INTER-ASIA CULTURAL STUDIES	1464-9373
CULTURAL STUDIES	C级	30	CULTURAL   STUDIES	1444-3058
CULTURAL STUDIES	C级	31	CULTURAL   STUDIES	2040-199X
CULTURAL STUDIES	C级	32	CULTURAL   STUDIES   JOURNAL OF POPULAR CULTURE	0022-3840
CULTURAL STUDIES	C级	33	CULTURAL   STUDIES	1520-9857
CULTURAL STUDIES	C级	34	CULTURAL   STUDIES   JOURNAL OF LITERATURE AND	0190-3659
CULTURAL STUDIES	C级	35	CULTURAL   STUDIES	1356-9325
CULTURAL STUDIES	C级	36	CULTURAL   STUDIES   FRENCH CULTURAL STUDIES	0957-1558
CULTURAL STUDIES	C级	37	CULTURAL   STUDIES	2040-5960
CULTURAL STUDIES	C级	38	CULTURAL   STUDIES	1206-0143
CULTURAL STUDIES	C级	39	CULTURAL   STUDIES	1382-5577
DEMOGRAPHY	A级	1	DEMOGRAPHY	0098-7921
DEMOGRAPHY	A级	2	DEMOGRAPHY         DEMOGRAPHY	0070-3370
DEMOGRAPHY	B级	3	DEMOGRAPHY	1538-6341
DEMOGRAPHY	B级	4	DEMOGRAPHY         STUDIES IN FAMILY PLANNING	0039-3665
DEMOGRAPHY	B级	5	DEMOGRAPHY	0197-9183
DEMOGRAPHY	B级	6	DEMOGRAPHY         POPULATION AND ENVIRONMENT	0199-0039
DEMOGRAPHY	B级	7	DEMOGRAPHY         ON SEXUAL AND REPRODUCTIVE	1944-0391
DEMOGRAPHY	B级	8	DEMOGRAPHY         POPULATION SPACE AND PLACE	1544-8444
DEMOGRAPHY	B级	9	DEMOGRAPHY	0168-6577
DEMOGRAPHY	B级	10	DEMOGRAPHY         POPULATION	0032-4663
DEMOGRAPHY	B级	11	DEMOGRAPHY	1369-183X
DEMOGRAPHY	B级	12	DEMOGRAPHY         DEMOGRAPHIC RESEARCH	1435-9871
DEMOGRAPHY	B级	13	DEMOGRAPHY	0167-5923
DEMOGRAPHY	B级	14	DEMOGRAPHY         JOURNAL OF BIOSOCIAL SCIENCE	0021-9320
DEMOGRAPHY	B级	15	DEMOGRAPHY         JOURNAL OF REFUGEE STUDIES	0951-6328
DEMOGRAPHY	B级	16	DEMOGRAPHY	0933-1433
DEMOGRAPHY	B级	17	DEMOGRAPHY	0032-4728
DEMOGRAPHY	B级	18	DEMOGRAPHY	1388-364X
DEMOGRAPHY	B级	19	DEMOGRAPHY         INTERNATIONAL MIGRATION	0020-7985
DEMOGRAPHY	C级	20	DEMOGRAPHY	1948-5565
DEMOGRAPHY	C级	21	DEMOGRAPHY	0380-1489
DEMOGRAPHY	C级	22	DEMOGRAPHY         ASIAN POPULATION STUDIES	1744-1730
DEMOGRAPHY	C级	23	DEMOGRAPHY	2054-0892
DEMOGRAPHY	C级	24	DEMOGRAPHY	0117-1968
DEMOGRAPHY	C级	25	DEMOGRAPHY	0889-8480
DEMOGRAPHY	C级	26	DEMOGRAPHY         PAPELES DE POBLACION	1405-7425
EDUCATION EDUCATIONAL RESEARCH	A级	1	EDUCATIONAL PSYCHOLOGIST	0046-1520
EDUCATION EDUCATIONAL RESEARCH	A级	3	LEARNING AND INSTRUCTION	0959-4752
EDUCATION EDUCATIONAL RESEARCH	A级	5	EDUCATIONAL RESEARCHER	0013-189X
EDUCATION EDUCATIONAL RESEARCH	A级	6	COMPUTERS & EDUCATION	0360-1315
EDUCATION EDUCATIONAL RESEARCH	A级	7	COMPUTER-SUPPORTED	1556-1607
EDUCATION EDUCATIONAL RESEARCH	A级	9	SCIENTIFIC STUDIES OF READING	1088-8438
EDUCATION EDUCATIONAL RESEARCH	A级	13	SOCIOLOGY OF EDUCATION	0038-0407
EDUCATION EDUCATIONAL RESEARCH	A级	14	HARVARD EDUCATIONAL REVIEW	0017-8055
EDUCATION EDUCATIONAL RESEARCH	A级	15	SCIENCE EDUCATION	0036-8326
EDUCATION EDUCATIONAL RESEARCH	A级	17	BILINGUAL EDUCATION AND	1367-0050
EDUCATION EDUCATIONAL RESEARCH	B级	18	JOURNAL OF SCHOOL VIOLENCE	1538-8220
EDUCATION EDUCATIONAL RESEARCH	B级	19	METACOGNITION AND LEARNING	1556-1623
EDUCATION EDUCATIONAL RESEARCH	B级	20	STUDIES IN SCIENCE EDUCATION	0305-7267
EDUCATION EDUCATIONAL RESEARCH	B级	22	RECALL	0958-3440
EDUCATION EDUCATIONAL RESEARCH	B级	23	JOURNAL OF EDUCATION POLICY	0268-0939
EDUCATION EDUCATIONAL RESEARCH	B级	28	COMUNICAR	1134-3478
EDUCATION EDUCATIONAL RESEARCH	B级	31	TOPICS-PHYSICS EDUCATION	1554-9178
EDUCATION EDUCATIONAL RESEARCH	B级	32	LANGUAGE LEARNING	0023-8333
EDUCATION EDUCATIONAL RESEARCH	B级	33	TESOL QUARTERLY	0039-8322
EDUCATION EDUCATIONAL RESEARCH	B级	36	LANGUAGE TEACHING	0261-4448
EDUCATION EDUCATIONAL RESEARCH	B级	39	JOURNAL OF HIGHER EDUCATION	0022-1546
EDUCATION EDUCATIONAL RESEARCH	B级	42	HEALTH EDUCATION RESEARCH	0268-1153
EDUCATION EDUCATIONAL RESEARCH	B级	43	JOURNAL OF SCHOOL HEALTH	0022-4391
EDUCATION EDUCATIONAL RESEARCH	B级	44	MODERN LANGUAGE JOURNAL	0026-7902
EDUCATION EDUCATIONAL RESEARCH	B级	45	LANGUAGE TEACHING RESEARCH	1362-1688
EDUCATION EDUCATIONAL RESEARCH	B级	46	RESEARCH IN OPEN AND	1492-3831
EDUCATION EDUCATIONAL RESEARCH	B级	49	INSTRUCTIONAL SCIENCE	0020-4277
EDUCATION EDUCATIONAL RESEARCH	B级	54	READING RESEARCH QUARTERLY	0034-0553
EDUCATION EDUCATIONAL RESEARCH	B级	55	DISTANCE EDUCATION	0158-7919
EDUCATION EDUCATIONAL RESEARCH	B级	59	ASSESSING WRITING	1075-2935
EDUCATION EDUCATIONAL RESEARCH	B级	60	BMC MEDICAL EDUCATION	1472-6920
EDUCATION EDUCATIONAL RESEARCH	B级	61	HIGHER EDUCATION	0018-1560
EDUCATION EDUCATIONAL RESEARCH	B级	64	STUDIES IN HIGHER EDUCATION	0307-5079
EDUCATION EDUCATIONAL RESEARCH	B级	65	RESEARCH IN HIGHER EDUCATION	0361-0365
EDUCATION EDUCATIONAL RESEARCH	B级	66	CULTURAL POLITICS OF	0159-6306
EDUCATION EDUCATIONAL RESEARCH	B级	68	READING AND WRITING	0922-4777
EDUCATION EDUCATIONAL RESEARCH	B级	69	SCIENCE AND MATHEMATICS	1571-0068
EDUCATION EDUCATIONAL RESEARCH	B级	70	EDUCATIONAL REVIEW	0013-1911
EDUCATION EDUCATIONAL RESEARCH	B级	75	MINERVA	0026-4695
EDUCATION EDUCATIONAL RESEARCH	B级	76	SECOND LANGUAGE RESEARCH	0267-6583
EDUCATION EDUCATIONAL RESEARCH	B级	77	SYSTEM	0346-251X
EDUCATION EDUCATIONAL RESEARCH	B级	78	ACADEMIC PSYCHIATRY	1042-9670
EDUCATION EDUCATIONAL RESEARCH	B级	82	QUEST	0033-6297
EDUCATION EDUCATIONAL RESEARCH	B级	83	CRITICAL STUDIES IN EDUCATION	1750-8487
EDUCATION EDUCATIONAL RESEARCH	B级	84	SPORT EDUCATION AND SOCIETY	1357-3322
EDUCATION EDUCATIONAL RESEARCH	B级	87	VOCATIONS AND LEARNING	1874-785X
EDUCATION EDUCATIONAL RESEARCH	B级	88	EDUCATION FINANCE AND POLICY	1557-3060
EDUCATION EDUCATIONAL RESEARCH	B级	89	EDUCATIONAL PSYCHOLOGY	0144-3410
EDUCATION EDUCATIONAL RESEARCH	B级	93	LANGUAGE POLICY	1568-4555
EDUCATION EDUCATIONAL RESEARCH	B级	95	MIND BRAIN AND EDUCATION	1751-2271
EDUCATION EDUCATIONAL RESEARCH	B级	98	LANGUAGE AND EDUCATION	0950-0782
EDUCATION EDUCATIONAL RESEARCH	B级	105	URBAN EDUCATION	0042-0859
EDUCATION EDUCATIONAL RESEARCH	B级	106	REVISTA DE EDUCACION	0034-8082
EDUCATION EDUCATIONAL RESEARCH	B级	107	TEACHERS AND TEACHING	1354-0602
EDUCATION EDUCATIONAL RESEARCH	B级	108	ELEMENTARY SCHOOL JOURNAL	0013-5984
EDUCATION EDUCATIONAL RESEARCH	B级	109	TEACHERS COLLEGE RECORD	0161-4681
EDUCATION EDUCATIONAL RESEARCH	B级	111	ELT JOURNAL	0951-0893
EDUCATION EDUCATIONAL RESEARCH	B级	112	COMPARATIVE EDUCATION	0305-0068
EDUCATION EDUCATIONAL RESEARCH	B级	113	SUSTAINABILITY IN HIGHER	1467-6370
EDUCATION EDUCATIONAL RESEARCH	B级	114	MIND CULTURE AND ACTIVITY	1074-9039
EDUCATION EDUCATIONAL RESEARCH	B级	118	MEDICAL EDUCATION ONLINE	1087-2981
EDUCATION EDUCATIONAL RESEARCH	B级	119	EDUCACION XX1	1139-613X
EDUCATION EDUCATIONAL RESEARCH	B级	123	READING & WRITING QUARTERLY	1057-3569
EDUCATION EDUCATIONAL RESEARCH	B级	124	RESEARCH PAPERS IN EDUCATION	0267-1522
EDUCATION EDUCATIONAL RESEARCH	B级	125	EDUCATIONAL POLICY	0895-9048
EDUCATION EDUCATIONAL RESEARCH	B级	127	REVIEW OF HIGHER EDUCATION	0162-5748
EDUCATION EDUCATIONAL RESEARCH	B级	129	COMPARATIVE AND	0305-7925
EDUCATION EDUCATIONAL RESEARCH	B级	135	CURRICULUM INQUIRY	0362-6784
EDUCATION EDUCATIONAL RESEARCH	B级	139	THEORY INTO PRACTICE	0040-5841
EDUCATION EDUCATIONAL RESEARCH	B级	141	ADULT EDUCATION QUARTERLY	0741-7136
EDUCATION EDUCATIONAL RESEARCH	B级	143	EDUCATIONAL RESEARCH	0013-1881
EDUCATION EDUCATIONAL RESEARCH	B级	145	MATHEMATICS SCIENCE AND	1305-8215
EDUCATION EDUCATIONAL RESEARCH	B级	147	OXFORD REVIEW OF EDUCATION	0305-4985
EDUCATION EDUCATIONAL RESEARCH	B级	151	HEALTH EDUCATION JOURNAL	0017-8969
EDUCATION EDUCATIONAL RESEARCH	B级	153	LINGUISTICS AND EDUCATION	0898-5898
EDUCATION EDUCATIONAL RESEARCH	B级	154	SCIENCE & EDUCATION	0926-7220
EDUCATION EDUCATIONAL RESEARCH	B级	155	TEACHING IN HIGHER EDUCATION	1356-2517
EDUCATION EDUCATIONAL RESEARCH	B级	162	FOREIGN LANGUAGE ANNALS	0015-718X
EDUCATION EDUCATIONAL RESEARCH	C级	167	HIGHER EDUCATION POLICY	0952-8733
EDUCATION EDUCATIONAL RESEARCH	C级	168	TECHNOLOGY RESEARCH AND	1042-1629
EDUCATION EDUCATIONAL RESEARCH	C级	170	INVESTIGACION EN MATEMATICA	1665-2436
EDUCATION EDUCATIONAL RESEARCH	C级	171	EVALUATION AND	1874-8597
EDUCATION EDUCATIONAL RESEARCH	C级	173	READING TEACHER	0034-0561
EDUCATION EDUCATIONAL RESEARCH	C级	177	EDUCATIONAL GERONTOLOGY	0360-1277
EDUCATION EDUCATIONAL RESEARCH	C级	180	JOURNAL OF MORAL EDUCATION	0305-7240
EDUCATION EDUCATIONAL RESEARCH	C级	181	GENDER AND EDUCATION	0954-0253
EDUCATION EDUCATIONAL RESEARCH	C级	183	LITERACY	1741-4350
EDUCATION EDUCATIONAL RESEARCH	C级	184	EDUCATIONAL AND VOCATIONAL	0251-2513
EDUCATION EDUCATIONAL RESEARCH	C级	185	CULTURA Y EDUCACION	1135-6405
EDUCATION EDUCATIONAL RESEARCH	C级	187	EDUCATIONAL STUDIES	0305-5698
EDUCATION EDUCATIONAL RESEARCH	C级	190	EDUCATION AS CHANGE	1682-3206
EDUCATION EDUCATIONAL RESEARCH	C级	192	JOURNAL OF LEGAL EDUCATION	0022-2208
EDUCATION EDUCATIONAL RESEARCH	C级	193	ENSENANZA DE LAS CIENCIAS	0212-4521
EDUCATION EDUCATIONAL RESEARCH	C级	194	APPLIED LINGUISTICS IN	1613-4141
EDUCATION EDUCATIONAL RESEARCH	C级	197	STUDIES IN RELIGION &	1361-7672
EDUCATION EDUCATIONAL RESEARCH	C级	198	TEACHING OF PSYCHOLOGY	0098-6283
EDUCATION EDUCATIONAL RESEARCH	C级	200	TEACHING SOCIOLOGY	0092-055X
EDUCATION EDUCATIONAL RESEARCH	C级	203	EDUCATION AND URBAN SOCIETY	0013-1245
EDUCATION EDUCATIONAL RESEARCH	C级	204	MUSIC EDUCATION RESEARCH	1461-3808
EDUCATION EDUCATIONAL RESEARCH	C级	205	IRISH EDUCATIONAL STUDIES	0332-3315
EDUCATION EDUCATIONAL RESEARCH	C级	208	PORTA LINGUARUM	1697-7467
EDUCATION EDUCATIONAL RESEARCH	C级	209	ZEITSCHRIFT FUR PADAGOGIK	0044-3247
EDUCATION EDUCATIONAL RESEARCH	C级	211	ENGLISH IN AUSTRALIA	0046-208X
EDUCATION EDUCATIONAL RESEARCH	C级	214	PAEDAGOGICA HISTORICA	0030-9230
EDUCATION EDUCATIONAL RESEARCH	C级	215	ASIA PACIFIC EDUCATION REVIEW	1598-1037
EDUCATION EDUCATIONAL RESEARCH	C级	217	HISTORY OF EDUCATION	0046-760X
EDUCATION EDUCATIONAL RESEARCH	C级	219	DER ERZIEHUNG UND	1436-1957
EDUCATION EDUCATIONAL RESEARCH	C级	220	MOVIMENTO	0104-754X
EDUCATION EDUCATIONAL RESEARCH	C级	221	ENGLISH IN EDUCATION	0425-0494
EDUCATION EDUCATIONAL RESEARCH	C级	222	PHI DELTA KAPPAN	0031-7217
EDUCATION EDUCATIONAL RESEARCH	C级	223	LEISURE SPORT & TOURISM	1473-8376
EDUCATION EDUCATIONAL RESEARCH	C级	225	EDUCATIONAL LEADERSHIP	0013-1784
EDUCATION EDUCATIONAL RESEARCH	C级	227	PEDAGOGISCHE STUDIEN	0165-0645
EDUCATION EDUCATIONAL RESEARCH	C级	229	CURRICULUM MATTERS	1177-1828
EDUCATION EDUCATIONAL RESEARCH	C级	230	EDUCATION-HRVATSKI CASOPIS	1848-5189
EDUCATION EDUCATIONAL RESEARCH	C级	232	CADMO	1122-5165
EDUCATION SPECIAL	A级	1	EDUCATION SPECIAL	0094-730X
EDUCATION SPECIAL	A级	2	EDUCATION SPECIAL     EXCEPTIONAL CHILDREN	0014-4029
EDUCATION SPECIAL	A级	3	EDUCATION SPECIAL	1063-4266
EDUCATION SPECIAL	B级	4	EDUCATION SPECIAL	0964-2633
EDUCATION SPECIAL	B级	5	EDUCATION SPECIAL	1098-3007
EDUCATION SPECIAL	B级	6	EDUCATION SPECIAL	1081-4159
EDUCATION SPECIAL	B级	7	EDUCATION SPECIAL     INTELLECTUAL AND	1944-7515
EDUCATION SPECIAL	B级	8	EDUCATION SPECIAL	0741-9325
EDUCATION SPECIAL	B级	8	EDUCATION SPECIAL	0891-4222
EDUCATION SPECIAL	B级	10	EDUCATION SPECIAL	1934-9491
EDUCATION SPECIAL	B级	11	EDUCATION SPECIAL     ANNALS OF DYSLEXIA	0736-9387
EDUCATION SPECIAL	B级	12	EDUCATION SPECIAL	1750-9467
EDUCATION SPECIAL	B级	13	EDUCATION SPECIAL	0022-2194
EDUCATION SPECIAL	B级	14	EDUCATION SPECIAL   DYSLEXIA	1076-9242
EDUCATION SPECIAL	B级	15	EDUCATION SPECIAL   GIFTED CHILD QUARTERLY	0016-9862
EDUCATION SPECIAL	B级	16	EDUCATION SPECIAL	0271-1214
EDUCATION SPECIAL	B级	17	EDUCATION SPECIAL   JOURNAL OF SPECIAL EDUCATION	0022-4669
EDUCATION SPECIAL	B级	18	EDUCATION SPECIAL	0938-8982
EDUCATION SPECIAL	B级	19	EDUCATION SPECIAL	1053-8151
EDUCATION SPECIAL	B级	20	EDUCATION SPECIAL   HIGH ABILITY STUDIES	1359-8139
EDUCATION SPECIAL	B级	21	EDUCATION SPECIAL   PERSONS WITH SEVERE	1540-7969
EDUCATION SPECIAL	B级	22	EDUCATION SPECIAL   READING & WRITING QUARTERLY	1057-3569
EDUCATION SPECIAL	B级	23	EDUCATION SPECIAL	1366-8250
EDUCATION SPECIAL	B级	24	EDUCATION SPECIAL	0731-9487
EDUCATION SPECIAL	B级	25	EDUCATION SPECIAL   AMERICAN ANNALS OF THE DEAF	0002-726X
EDUCATION SPECIAL	B级	26	EDUCATION SPECIAL	0265-6590
EDUCATION SPECIAL	B级	27	EDUCATION SPECIAL   INFANTS & YOUNG CHILDREN	0896-3746
EDUCATION SPECIAL	C级	28	EDUCATION SPECIAL	1088-3576
EDUCATION SPECIAL	C级	29	EDUCATION SPECIAL	0885-6257
EDUCATION SPECIAL	C级	30	EDUCATION SPECIAL   DISABILITY DEVELOPMENT AND	1034-912X
EDUCATION SPECIAL	C级	31	EDUCATION SPECIAL	0748-8491
EDUCATION SPECIAL	C级	32	EDUCATION SPECIAL   RESEARCH IN INTELLECTUAL	1931-5864
EDUCATION SPECIAL	C级	33	EDUCATION SPECIAL   AUTISM AND DEVELOPMENTAL	2154-1647
EDUCATION SPECIAL	C级	33	EDUCATION SPECIAL   RESEARCH IN DEVELOPMENTAL	2211-6095
EDUCATION SPECIAL	C级	35	EDUCATION SPECIAL	1053-4512
EDUCATION SPECIAL	C级	36	EDUCATION SPECIAL	1354-4187
EDUCATION SPECIAL	C级	37	EDUCATION SPECIAL   EXCEPTIONALITY	0936-2835
EDUCATION SPECIAL	C级	38	EDUCATION SPECIAL	2047-3869
ENVIRONMENTAL STUDIES	A级	1	NATURE CLIMATE CHANGE	1758-678X
ENVIRONMENTAL STUDIES	A级	2	CHANGE-HUMAN AND POLICY	0959-3780
ENVIRONMENTAL STUDIES	A级	4	TOURISM MANAGEMENT	0261-5177
ENVIRONMENTAL STUDIES	A级	7	ENERGY POLICY	0301-4215
ENVIRONMENTAL STUDIES	A级	8	ECOSYSTEM SERVICES	2212-0416
ENVIRONMENTAL STUDIES	B级	9	PROGRESS IN PLANNING	0305-9006
ENVIRONMENTAL STUDIES	B级	10	ORGANIZATION & ENVIRONMENT	1086-0266
ENVIRONMENTAL STUDIES	B级	13	ENVIRONMENT AND BEHAVIOR	0013-9165
ENVIRONMENTAL STUDIES	B级	15	LAND USE POLICY	0264-8377
ENVIRONMENTAL STUDIES	B级	17	ECOLOGICAL ECONOMICS	0921-8009
ENVIRONMENTAL STUDIES	B级	19	RESPONSIBILITY AND	1535-3958
ENVIRONMENTAL STUDIES	B级	20	ECOLOGY AND SOCIETY	1708-3087
ENVIRONMENTAL STUDIES	B级	21	REGIONAL STUDIES	0034-3404
ENVIRONMENTAL STUDIES	B级	22	CLIMATE POLICY	1469-3062
ENVIRONMENTAL STUDIES	B级	24	RESOURCES POLICY	0301-4207
ENVIRONMENTAL STUDIES	B级	25	WEATHER CLIMATE AND SOCIETY	1948-8327
ENVIRONMENTAL STUDIES	B级	27	ENERGY JOURNAL	0195-6574
ENVIRONMENTAL STUDIES	B级	28	CULTURAL GEOGRAPHIES	1474-4740
ENVIRONMENTAL STUDIES	B级	29	URBAN STUDIES	0042-0980
ENVIRONMENTAL STUDIES	B级	30	PART D-TRANSPORT AND	1361-9209
ENVIRONMENTAL STUDIES	B级	32	HABITAT INTERNATIONAL	0197-3975
ENVIRONMENTAL STUDIES	B级	33	MARINE POLICY	0308-597X
ENVIRONMENTAL STUDIES	B级	37	CLIMATE AND DEVELOPMENT	1756-5529
ENVIRONMENTAL STUDIES	B级	43	ENVIRONMENTAL POLITICS	0964-4016
ENVIRONMENTAL STUDIES	B级	44	MARINE RESOURCE ECONOMICS	0738-1360
ENVIRONMENTAL STUDIES	B级	45	LAND ECONOMICS	0023-7639
ENVIRONMENTAL STUDIES	B级	46	ENVIRONMENT	0013-9157
ENVIRONMENTAL STUDIES	B级	47	SUSTAINABILITY	2071-1050
ENVIRONMENTAL STUDIES	B级	49	POPULATION AND ENVIRONMENT	0199-0039
ENVIRONMENTAL STUDIES	B级	50	HUMAN ECOLOGY	0300-7839
ENVIRONMENTAL STUDIES	B级	50	JOURNAL OF REGIONAL SCIENCE	0022-4146
ENVIRONMENTAL STUDIES	B级	55	UTILITIES POLICY	0957-1787
ENVIRONMENTAL STUDIES	B级	56	CARBON MANAGEMENT	1758-3004
ENVIRONMENTAL STUDIES	B级	57	NATURAL RESOURCES FORUM	0165-0203
ENVIRONMENTAL STUDIES	B级	58	ENVIRONMENTAL AGREEMENTS-	1567-9764
ENVIRONMENTAL STUDIES	B级	65	SOCIETY & NATURAL RESOURCES	0894-1920
ENVIRONMENTAL STUDIES	B级	67	HOUSING STUDIES	0267-3037
ENVIRONMENTAL STUDIES	B级	68	COMMUNICATION-A JOURNAL OF	1752-4032
ENVIRONMENTAL STUDIES	B级	69	ENVIRONMENT AND PLANNING A	0308-518X
ENVIRONMENTAL STUDIES	B级	72	EUROPEAN PLANNING STUDIES	0965-4313
ENVIRONMENTAL STUDIES	B级	73	NATURAL HAZARDS REVIEW	1527-6988
ENVIRONMENTAL STUDIES	B级	74	COASTAL MANAGEMENT	0892-0753
ENVIRONMENTAL STUDIES	C级	76	ENVIRONMENTAL VALUES	0963-2719
ENVIRONMENTAL STUDIES	C级	77	PAPERS IN REGIONAL SCIENCE	1056-8190
ENVIRONMENTAL STUDIES	C级	78	URBAN POLICY AND RESEARCH	0811-1146
ENVIRONMENTAL STUDIES	C级	79	ENERGY EFFICIENCY	1570-646X
ENVIRONMENTAL STUDIES	C级	81	NATURE + CULTURE	1558-6073
ENVIRONMENTAL STUDIES	C级	86	HOUSING THEORY & SOCIETY	1403-6096
ENVIRONMENTAL STUDIES	C级	92	LANDSCAPE RESEARCH	0142-6397
ENVIRONMENTAL STUDIES	C级	93	CONSERVATION & SOCIETY	0972-4923
ENVIRONMENTAL STUDIES	C级	94	ANNALS OF REGIONAL SCIENCE	0570-1864
ENVIRONMENTAL STUDIES	C级	95	PROBLEMY EKOROZWOJU	1895-6912
ENVIRONMENTAL STUDIES	C级	96	ENVIRONMENT AND HISTORY	0967-3407
ENVIRONMENTAL STUDIES	C级	97	CLIMATE CHANGE STRATEGIES	1756-8692
ENVIRONMENTAL STUDIES	C级	98	ENVIRONMENTAL HISTORY	1084-5453
ENVIRONMENTAL STUDIES	C级	99	NATURAL RESOURCES JOURNAL	0028-0739
ENVIRONMENTAL STUDIES	C级	100	HUMAN ECOLOGY REVIEW	1074-4827
ENVIRONMENTAL STUDIES	C级	102	ENERGY & ENVIRONMENT	0958-305X
ENVIRONMENTAL STUDIES	C级	103	ENVIRONMENTAL ETHICS	0163-4275
ENVIRONMENTAL STUDIES	C级	104	ECOLOGY LAW QUARTERLY	0046-1121
ENVIRONMENTAL STUDIES	C级	105	OPEN HOUSE INTERNATIONAL	0168-2601
ERGONOMICS	A级	1	ERGONOMICS	1071-5819
ERGONOMICS	B级	2	ERGONOMICS	0001-4575
ERGONOMICS	B级	3	ERGONOMICS     HUMAN FACTORS	0018-7208
ERGONOMICS	B级	4	ERGONOMICS     APPLIED ERGONOMICS	0003-6870
ERGONOMICS	B级	5	ERGONOMICS     JOURNAL OF SAFETY RESEARCH	0022-4375
ERGONOMICS	B级	6	ERGONOMICS     ERGONOMICS	0014-0139
ERGONOMICS	B级	7	ERGONOMICS	0169-8141
ERGONOMICS	B级	8	ERGONOMICS     INTERACTING WITH COMPUTERS	0953-5438
ERGONOMICS	B级	9	ERGONOMICS	0144-929X
ERGONOMICS	B级	10	ERGONOMICS	1615-5289
ERGONOMICS	B级	11	ERGONOMICS	1044-7318
ERGONOMICS	C级	12	ERGONOMICS	1435-5558
ERGONOMICS	C级	13	ERGONOMICS	0268-1072
ERGONOMICS	C级	14	ERGONOMICS	1090-8471
ERGONOMICS	C级	15	ERGONOMICS   TRAVAIL HUMAIN	0041-1868
ERGONOMICS	C级	16	ERGONOMICS   OCCUPATIONAL SAFETY AND	1080-3548
ETHICS	A级	1	ETHICS	1526-5161
ETHICS	A级	2	ETHICS     JOURNAL OF BUSINESS ETHICS	0167-4544
ETHICS	A级	3	ETHICS	0963-8016
ETHICS	B级	4	ETHICS	1353-3452
ETHICS	B级	5	ETHICS     PHILOSOPHY & PUBLIC AFFAIRS	0048-3915
ETHICS	B级	6	ETHICS	0962-8770
ETHICS	B级	7	ETHICS     BUSINESS ETHICS QUARTERLY	1052-150X
ETHICS	B级	8	ETHICS     BMC MEDICAL ETHICS	1472-6939
ETHICS	B级	9	ETHICS     BIOETHICS	0269-9702
ETHICS	B级	10	ETHICS     JOURNAL OF MEDICAL ETHICS	0306-6800
ETHICS	B级	11	ETHICS	1388-1957
ETHICS	B级	12	ETHICS   RESEARCH ON HUMAN RESEARCH	1556-2646
ETHICS	B级	13	ETHICS   HASTINGS CENTER REPORT	0093-0334
ETHICS	B级	14	ETHICS   ETHICS	0014-1704
ETHICS	B级	15	ETHICS	1054-6863
ETHICS	B级	16	ETHICS   ENVIRONMENTAL VALUES	0963-2719
ETHICS	B级	17	ETHICS   PUBLIC HEALTH ETHICS	1754-9973
ETHICS	B级	18	ETHICS	1073-1105
ETHICS	B级	19	ETHICS	1187-7863
ETHICS	B级	20	ETHICS	0264-3758
ETHICS	B级	21	ETHICS   ECONOMICS AND PHILOSOPHY	0266-2671
ETHICS	B级	22	ETHICS	1386-7423
ETHICS	B级	23	ETHICS   PHILOSOPHICAL PSYCHOLOGY	0951-5089
ETHICS	B级	24	ETHICS   NEUROETHICS	1874-5490
ETHICS	B级	25	ETHICS	0094-8705
ETHICS	B级	26	ETHICS   RADICAL PHILOSOPHY	0300-211X
ETHICS	B级	27	ETHICS   DEVELOPING WORLD BIOETHICS	1471-8731
ETHICS	B级	28	ETHICS	0360-5310
ETHICS	B级	29	ETHICS	1470-594X
ETHICS	B级	30	ETHICS   HEALTH CARE ANALYSIS	1065-3058
ETHICS	B级	31	ETHICS	1176-7529
ETHICS	B级	32	ETHICS	0020-174X
ETHICS	B级	33	ETHICS      ETHICS & BEHAVIOR	1050-8422
ETHICS	B级	34	ETHICS      NANOETHICS	1871-4757
ETHICS	B级	35	ETHICS	1386-7415
ETHICS	B级	36	ETHICS	0892-6794
ETHICS	C级	37	ETHICS      HUMAN STUDIES	0163-8548
ETHICS	C级	38	ETHICS      FEMINIST APPROACHES TO	1937-4585
ETHICS	C级	39	ETHICS      JOURNAL OF MORAL PHILOSOPHY	1740-4681
ETHICS	C级	40	ETHICS      JOURNAL OF MASS MEDIA ETHICS	0890-0523
ETHICS	C级	41	ETHICS	0048-3931
ETHICS	C级	42	ETHICS      LAW AND PHILOSOPHY	0167-5249
ETHICS	C级	43	ETHICS      SOCIAL PHILOSOPHY & POLICY	0265-0525
ETHICS	C级	44	ETHICS      ETHICS & GLOBAL POLITICS	1654-4951
ETHICS	C级	45	ETHICS      ENVIRONMENTAL ETHICS	0163-4275
ETHICS	C级	46	ETHICS      JOURNAL OF SOCIAL PHILOSOPHY	0047-2786
ETHICS	C级	47	ETHICS      JOURNAL OF VALUE INQUIRY	0022-5363
ETHICS	C级	48	ETHICS      ETHICAL PERSPECTIVES	1370-0049
ETHICS	C级	49	ETHICS      ACTA BIOETHICA	1726-569X
ETHICS	C级	50	ETHICS      ETIKK I PRAKSIS	1890-3991
ETHICS	C级	51	ETHICS	0925-9392
ETHNIC STUDIES	A级	1	ETHNIC   STUDIES	1099-9809
ETHNIC STUDIES	B级	2	ETHNIC   STUDIES   ETHNICITY & HEALTH	1355-7858
ETHNIC STUDIES	B级	3	ETHNIC   STUDIES	1948-1985
ETHNIC STUDIES	B级	4	ETHNIC   STUDIES	1369-183X
ETHNIC STUDIES	B级	5	ETHNIC   STUDIES	1361-3324
ETHNIC STUDIES	B级	6	ETHNIC   STUDIES	1742-058X
ETHNIC STUDIES	B级	7	ETHNIC   STUDIES   JOURNAL OF REFUGEE STUDIES	0951-6328
ETHNIC STUDIES	B级	8	ETHNIC   STUDIES   ETHNIC AND RACIAL STUDIES	0141-9870
ETHNIC STUDIES	B级	9	ETHNIC   STUDIES	1070-289X
ETHNIC STUDIES	B级	10	ETHNIC   STUDIES   ETHNICITIES	1468-7968
ETHNIC STUDIES	B级	11	ETHNIC   STUDIES   PATTERNS OF PREJUDICE	0031-322X
ETHNIC STUDIES	C级	12	ETHNIC   STUDIES   NATIONS AND NATIONALISM	1354-5078
ETHNIC STUDIES	C级	13	ETHNIC   STUDIES   JOURNAL OF BLACK STUDIES	0021-9347
ETHNIC STUDIES	C级	14	ETHNIC   STUDIES   RACE & CLASS	0306-3968
ETHNIC STUDIES	C级	15	ETHNIC   STUDIES   SOULS	1099-9949
FAMILY   STUDIES	A级	1	FAMILY   STUDIES	1538-6341
FAMILY   STUDIES	A级	2	FAMILY   STUDIES   TRAUMA VIOLENCE & ABUSE	1524-8380
FAMILY   STUDIES	A级	3	FAMILY   STUDIES   FUTURE OF CHILDREN	1054-8289
FAMILY   STUDIES	B级	4	FAMILY   STUDIES   JOURNAL OF FAMILY NURSING	1074-8407
FAMILY   STUDIES	B级	5	FAMILY   STUDIES   FAMILY PROCESS	0014-7370
FAMILY   STUDIES	B级	6	FAMILY   STUDIES   CHILD ABUSE & NEGLECT	0145-2134
FAMILY   STUDIES	B级	7	FAMILY   STUDIES	1050-8392
FAMILY   STUDIES	B级	8	FAMILY   STUDIES   CHILD MALTREATMENT	1077-5595
FAMILY   STUDIES	B级	9	FAMILY   STUDIES	0022-2445
FAMILY   STUDIES	B级	10	FAMILY   STUDIES   PSYCHOLOGY OF VIOLENCE	2152-0828
FAMILY   STUDIES	B级	11	FAMILY   STUDIES	1529-5192
FAMILY   STUDIES	B级	12	FAMILY   STUDIES   CULTURE HEALTH & SEXUALITY	1369-1058
FAMILY   STUDIES	B级	13	FAMILY   STUDIES	0886-2605
FAMILY   STUDIES	B级	14	FAMILY   STUDIES	0092-623X
FAMILY   STUDIES	B级	15	FAMILY   STUDIES	0893-3200
FAMILY   STUDIES	B级	16	FAMILY   STUDIES   JOURNAL OF FAMILY ISSUES	0192-513X
FAMILY   STUDIES	B级	17	FAMILY   STUDIES	0272-4316
FAMILY   STUDIES	B级	18	FAMILY   STUDIES	1756-2570
FAMILY   STUDIES	B级	19	FAMILY   STUDIES   CHILD ABUSE REVIEW	0952-9136
FAMILY   STUDIES	B级	20	FAMILY   STUDIES   AND REPRODUCTIVE HEALTH	1471-1893
FAMILY   STUDIES	B级	21	FAMILY   STUDIES   FAMILY RELATIONS	0197-6664
FAMILY   STUDIES	B级	22	FAMILY   STUDIES	0265-4075
FAMILY   STUDIES	B级	23	FAMILY   STUDIES   CHILD & FAMILY SOCIAL WORK	1356-7500
FAMILY   STUDIES	B级	24	FAMILY   STUDIES	1062-1024
FAMILY   STUDIES	B级	25	FAMILY   STUDIES	0190-7409
FAMILY   STUDIES	B级	26	FAMILY   STUDIES   FAMILIES SYSTEMS & HEALTH	1091-7527
FAMILY   STUDIES	B级	27	FAMILY   STUDIES   JOURNAL OF FAMILY THERAPY	0163-4445
FAMILY   STUDIES	B级	28	FAMILY   STUDIES   FAMILY & COMMUNITY HEALTH	0160-6379
FAMILY   STUDIES	B级	29	FAMILY   STUDIES   JOURNAL OF FAMILY VIOLENCE	0885-7482
FAMILY   STUDIES	B级	30	FAMILY   STUDIES   JOURNAL OF FAMILY STUDIES	1322-9400
FAMILY   STUDIES	C级	31	FAMILY   STUDIES	1053-8712
FAMILY   STUDIES	C级	32	FAMILY   STUDIES	0814-723X
FAMILY   STUDIES	C级	33	FAMILY   STUDIES	1092-6771
FAMILY   STUDIES	C级	34	FAMILY   STUDIES	0192-6187
FAMILY   STUDIES	C级	35	FAMILY   STUDIES   HISTORY OF THE FAMILY	1081-602X
FAMILY   STUDIES	C级	36	FAMILY   STUDIES   JOURNAL OF CONTEMPORARY	1044-3894
FAMILY   STUDIES	C级	37	FAMILY   STUDIES   FAMILY LAW QUARTERLY	0014-729X
FAMILY   STUDIES	C级	37	FAMILY   STUDIES	2046-7435
FAMILY   STUDIES	C级	39	FAMILY   STUDIES	0731-7107
FAMILY   STUDIES	C级	40	FAMILY   STUDIES	1437-2940
FAMILY   STUDIES	C级	41	FAMILY   STUDIES   JOURNAL OF FAMILY HISTORY	0363-1990
FAMILY   STUDIES	C级	42	FAMILY   STUDIES	1360-9939
FAMILY   STUDIES	C级	43	FAMILY   STUDIES	0047-2328
GEOGRAPHY	A级	1	GEOGRAPHY   CHANGE-HUMAN AND POLICY	0959-3780
GEOGRAPHY	A级	2	GEOGRAPHY	0309-1325
GEOGRAPHY	A级	3	GEOGRAPHY	0169-2046
GEOGRAPHY	B级	4	GEOGRAPHY   GEOGRAPHICAL JOURNAL	0016-7398
GEOGRAPHY	B级	5	GEOGRAPHY	0004-5608
GEOGRAPHY	B级	6	GEOGRAPHY   REGIONAL STUDIES	0034-3404
GEOGRAPHY	B级	7	GEOGRAPHY	0020-2754
GEOGRAPHY	B级	8	GEOGRAPHY   APPLIED GEOGRAPHY	0143-6228
GEOGRAPHY	B级	9	GEOGRAPHY	0966-6923
GEOGRAPHY	B级	10	GEOGRAPHY	0198-9715
GEOGRAPHY	B级	11	GEOGRAPHY   GEOGRAPHICAL INFORMATION	1365-8816
GEOGRAPHY	B级	12	GEOGRAPHY   ANTIPODE	0066-4812
GEOGRAPHY	B级	13	GEOGRAPHY   POLITICAL GEOGRAPHY	0962-6298
GEOGRAPHY	B级	14	GEOGRAPHY	1523-0406
GEOGRAPHY	B级	15	GEOGRAPHY   JOURNAL OF RURAL STUDIES	0743-0167
GEOGRAPHY	B级	16	GEOGRAPHY   CULTURAL GEOGRAPHIES	1474-4740
GEOGRAPHY	B级	17	GEOGRAPHY   TRANSACTIONS IN GIS	1361-1682
GEOGRAPHY	B级	18	GEOGRAPHY   URBAN AND REGIONAL	0309-1317
GEOGRAPHY	B级	19	GEOGRAPHY   JOURNAL OF MAPS	1744-5647
GEOGRAPHY	B级	20	GEOGRAPHY	1210-8812
GEOGRAPHY	B级	21	GEOGRAPHY   GEOFORUM	0016-7185
GEOGRAPHY	B级	22	GEOGRAPHY   MOBILITIES	1745-0101
GEOGRAPHY	B级	23	GEOGRAPHY	0263-7758
GEOGRAPHY	B级	24	GEOGRAPHY   GEOGRAPHICAL ANALYSIS	0016-7363
GEOGRAPHY	B级	25	GEOGRAPHY	0373-6245
GEOGRAPHY	B级	26	GEOGRAPHY	1874-463X
GEOGRAPHY	B级	27	GEOGRAPHY   AREA	0004-0894
GEOGRAPHY	B级	28	GEOGRAPHY   SOCIOLOGIA RURALIS	0038-0199
GEOGRAPHY	B级	29	GEOGRAPHY   POPULATION SPACE AND PLACE	1544-8444
GEOGRAPHY	B级	30	GEOGRAPHY   GEOGRAPHICAL RESEARCH	1745-5863
GEOGRAPHY	B级	31	GEOGRAPHY   GENDER PLACE AND CULTURE	0966-369X
GEOGRAPHY	B级	32	GEOGRAPHY   SOCIAL & CULTURAL GEOGRAPHY	1464-9365
GEOGRAPHY	B级	33	GEOGRAPHY   ENVIRONMENT AND PLANNING A	0308-518X
GEOGRAPHY	B级	34	GEOGRAPHY	1470-2266
GEOGRAPHY	B级	35	GEOGRAPHY   EUROPEAN PLANNING STUDIES	0965-4313
GEOGRAPHY	B级	36	GEOGRAPHY	1435-5930
GEOGRAPHY	B级	37	GEOGRAPHY	0129-7619
GEOGRAPHY	B级	38	GEOGRAPHY   PROFESSIONAL GEOGRAPHER	0033-0124
GEOGRAPHY	B级	39	GEOGRAPHY   PAPERS IN REGIONAL SCIENCE	1056-8190
GEOGRAPHY	B级	40	GEOGRAPHY   URBAN POLICY AND RESEARCH	0811-1146
GEOGRAPHY	B级	41	GEOGRAPHY   ASIA PACIFIC VIEWPOINT	1360-7456
GEOGRAPHY	B级	42	GEOGRAPHY   URBAN GEOGRAPHY	0272-3638
GEOGRAPHY	B级	43	GEOGRAPHY	0040-747X
GEOGRAPHY	B级	44	GEOGRAPHY   AUSTRALIAN GEOGRAPHER	0004-9182
GEOGRAPHY	B级	45	GEOGRAPHY   GEOPOLITICS	1465-0045
GEOGRAPHY	B级	46	GEOGRAPHY   CHILDRENS GEOGRAPHIES	1473-3285
GEOGRAPHY	B级	47	GEOGRAPHY   EMOTION SPACE AND SOCIETY	1755-4586
GEOGRAPHY	B级	48	GEOGRAPHY	0016-7223
GEOGRAPHY	B级	49	GEOGRAPHY   JOURNAL OF GEOGRAPHY	0022-1341
GEOGRAPHY	B级	50	GEOGRAPHY   ERDKUNDE	0014-0015
GEOGRAPHY	B级	51	GEOGRAPHY   ISLAND STUDIES JOURNAL	1715-2593
GEOGRAPHY	B级	52	GEOGRAPHY	0008-3658
GEOGRAPHY	C级	53	GEOGRAPHY   GEOGRAPHICAL REVIEW	0016-7428
GEOGRAPHY	C级	54	GEOGRAPHY   LANDSCAPE RESEARCH	0142-6397
GEOGRAPHY	C级	55	GEOGRAPHY	0435-3684
GEOGRAPHY	C级	56	GEOGRAPHY	1538-7216
GEOGRAPHY	C级	57	GEOGRAPHY   GEOGRAPHY	0016-7487
GEOGRAPHY	C级	58	GEOGRAPHY   CARTOGRAPHIC JOURNAL	0008-7041
GEOGRAPHY	C级	59	GEOGRAPHY	0305-7488
GEOGRAPHY	C级	60	GEOGRAPHY	1470-2541
GEOGRAPHY	C级	61	GEOGRAPHY   ANNALS OF REGIONAL SCIENCE	0570-1864
GEOGRAPHY	C级	62	GEOGRAPHY   ERDE	0013-9998
GEOGRAPHY	C级	63	GEOGRAPHY   NORWEGIAN JOURNAL OF	0029-1951
GEOGRAPHY	C级	64	GEOGRAPHY    GEOGRAFIE	1212-0014
GEOGRAPHY	C级	65	GEOGRAPHY    SPACE AND CULTURE	1206-3312
GEOGRAPHY	C级	66	GEOGRAPHY	0309-8265
GEOGRAPHY	C级	67	GEOGRAPHY	0044-3751
GEOGRAPHY	C级	68	GEOGRAPHY	0718-3402
GEOGRAPHY	C级	69	GEOGRAPHY    NEW ZEALAND GEOGRAPHER	0028-8144
GEOGRAPHY	C级	70	GEOGRAPHY	0035-1121
GEOGRAPHY	C级	71	GEOGRAPHY	0212-9426
GEOGRAPHY	C级	72	GEOGRAPHY    ELECTRONICA DE GEOGRAFIA Y	1138-9788
GEOGRAPHY	C级	73	GEOGRAPHY    GEODETSKI VESTNIK	0351-0271
GEOGRAPHY	C级	74	GEOGRAPHY    INTERNATIONAL JOURNAL FOR	0308-5694
GEOGRAPHY	C级	75	GEOGRAPHY	0029-9138
GEOGRAPHY	C级	76	GEOGRAPHY	2469-4452
GERONTOLOGY	A级	1	GERONTOLOGY   SERIES A-BIOLOGICAL SCIENCES	1079-5006
GERONTOLOGY	A级	2	GERONTOLOGY	0002-8614
GERONTOLOGY	A级	3	GERONTOLOGY   GERONTOLOGIST	0016-9013
GERONTOLOGY	B级	4	GERONTOLOGY   SERIES B-PSYCHOLOGICAL	1079-5014
GERONTOLOGY	B级	5	GERONTOLOGY	0885-6230
GERONTOLOGY	B级	6	GERONTOLOGY	1064-7481
GERONTOLOGY	B级	7	GERONTOLOGY   PSYCHOLOGY AND AGING	0882-7974
GERONTOLOGY	B级	8	GERONTOLOGY   AGING & MENTAL HEALTH	1360-7863
GERONTOLOGY	B级	9	GERONTOLOGY   BMC GERIATRICS	1471-2318
GERONTOLOGY	B级	10	GERONTOLOGY	1041-6102
GERONTOLOGY	B级	11	GERONTOLOGY	1444-1586
GERONTOLOGY	B级	12	GERONTOLOGY   JOURNAL OF AGING AND HEALTH	0898-2643
GERONTOLOGY	B级	13	GERONTOLOGY	1063-8652
GERONTOLOGY	B级	14	GERONTOLOGY   JOURNAL OF SOCIAL RESEARCH	1471-3012
GERONTOLOGY	B级	15	GERONTOLOGY	0733-4648
GERONTOLOGY	B级	16	GERONTOLOGY   AGEING & SOCIETY	0144-686X
GERONTOLOGY	B级	17	GERONTOLOGY	0895-9420
GERONTOLOGY	B级	18	GERONTOLOGY   JOURNAL OF AGING STUDIES	0890-4065
GERONTOLOGY	B级	19	GERONTOLOGY   RESEARCH ON AGING	0164-0275
GERONTOLOGY	B级	20	GERONTOLOGY   EUROPEAN JOURNAL OF AGEING	1613-9372
GERONTOLOGY	B级	21	GERONTOLOGY   GERIATRIC NURSING	0197-4572
GERONTOLOGY	B级	22	GERONTOLOGY	0948-6704
GERONTOLOGY	C级	23	GERONTOLOGY	0098-9134
GERONTOLOGY	C级	24	GERONTOLOGY	1440-6381
GERONTOLOGY	C级	25	GERONTOLOGY        REVUE CANADIENNE DU	0714-9808
GERONTOLOGY	C级	26	GERONTOLOGY        EDUCATIONAL GERONTOLOGY	0360-1277
GERONTOLOGY	C级	27	GERONTOLOGY	0091-4150
GERONTOLOGY	C级	28	GERONTOLOGY        JOURNAL OF WOMEN & AGING	0895-2841
GERONTOLOGY	C级	29	GERONTOLOGY        CLINICAL GERONTOLOGIST	0731-7115
GERONTOLOGY	C级	30	GERONTOLOGY	0882-7524
GERONTOLOGY	C级	31	GERONTOLOGY	0738-7806
GERONTOLOGY	C级	32	GERONTOLOGY        GERIATRICS-TURK GERIATRI	1304-2947
GREEN & SUSTAINABLE SCIENCE &     TECHNOLOGY	A级	1	SCIENCE &	0966-9582
GREEN & SUSTAINABLE SCIENCE &     TECHNOLOGY	B级	2	SCIENCE &        SUSTAINABLE DEVELOPMENT	0968-0802
GREEN & SUSTAINABLE SCIENCE &     TECHNOLOGY	B级	3	SCIENCE &	1556-8318
GREEN & SUSTAINABLE SCIENCE &     TECHNOLOGY	B级	4	SCIENCE &        SUSTAINABILITY	2071-1050
GREEN & SUSTAINABLE SCIENCE &     TECHNOLOGY	C级	5	SCIENCE &        ENERGY EFFICIENCY	1570-646X
GREEN & SUSTAINABLE SCIENCE &     TECHNOLOGY	C级	6	SCIENCE &        SUSTAINABILITY IN HIGHER	1467-6370
HEALTH POLICY & SERVICES	A级	1	BMJ QUALITY & SAFETY	2044-5415
HEALTH POLICY & SERVICES	A级	2	HEALTH AFFAIRS	0278-2715
HEALTH POLICY & SERVICES	A级	3	MILBANK QUARTERLY	0887-378X
HEALTH POLICY & SERVICES	A级	4	IMPLEMENTATION SCIENCE	1748-5908
HEALTH POLICY & SERVICES	A级	5	HEALTH SERVICES RESEARCH	0017-9124
HEALTH POLICY & SERVICES	A级	6	HEALTH POLICY AND PLANNING	0268-1080
HEALTH POLICY & SERVICES	B级	7	MEDICAL CARE	0025-7079
HEALTH POLICY & SERVICES	B级	8	PSYCHIATRIC SERVICES	1075-2730
HEALTH POLICY & SERVICES	B级	10	MENTAL HEALTH AND MENTAL	0894-587X
HEALTH POLICY & SERVICES	B级	11	FUTURE OF CHILDREN	1054-8289
HEALTH POLICY & SERVICES	B级	13	JOURNAL OF PATIENT SAFETY	1549-8417
HEALTH POLICY & SERVICES	B级	14	JOURNAL OF HEALTH ECONOMICS	0167-6296
HEALTH POLICY & SERVICES	B级	15	QUALITY OF LIFE RESEARCH	0962-9343
HEALTH POLICY & SERVICES	B级	17	HEALTH ECONOMICS	1057-9230
HEALTH POLICY & SERVICES	B级	22	JOURNAL OF AGING AND HEALTH	0898-2643
HEALTH POLICY & SERVICES	B级	24	HEALTH POLICY	0168-8510
HEALTH POLICY & SERVICES	B级	30	SOCIO-MEDICAL ASPECTS OF	0954-0121
HEALTH POLICY & SERVICES	B级	31	PHARMACOECONOMICS &	1473-7167
HEALTH POLICY & SERVICES	B级	32	HUMAN RESOURCES FOR HEALTH	1478-4491
HEALTH POLICY & SERVICES	B级	36	HEALTH EXPECTATIONS	1369-6513
HEALTH POLICY & SERVICES	B级	38	BMC PALLIATIVE CARE	1472-684X
HEALTH POLICY & SERVICES	B级	40	JOURNAL OF RURAL HEALTH	0890-765X
HEALTH POLICY & SERVICES	B级	41	HEALTH COMMUNICATION	1041-0236
HEALTH POLICY & SERVICES	B级	46	AUSTRALIAN HEALTH REVIEW	0156-5788
HEALTH POLICY & SERVICES	C级	54	HEALTH PLANNING AND	0749-6753
HEALTH POLICY & SERVICES	C级	55	PALLIATIVE & SUPPORTIVE CARE	1478-9515
HEALTH POLICY & SERVICES	C级	59	HEALTH CARE FINANCE &	1389-6563
HEALTH POLICY & SERVICES	C级	61	ORGANIZATION AND	1477-7266
HEALTH POLICY & SERVICES	C级	63	PRACTICE IN INTELLECTUAL	1741-1122
HEALTH POLICY & SERVICES	C级	65	HEALTH SOCIOLOGY REVIEW	1446-1242
HEALTH POLICY & SERVICES	C级	67	HEALTH CARE ANALYSIS	1065-3058
HEALTH POLICY & SERVICES	C级	71	JOURNAL OF PALLIATIVE CARE	0825-8597
HEALTH POLICY & SERVICES	C级	72	HEALTH    ECONOMICS AND	2199-9023
HEALTH POLICY & SERVICES	C级	73	INTERNATIONAL HEALTH LAW	1819-5164
HEALTH POLICY & SERVICES	C级	74	HEALTH CARE ORGANIZATION	0046-9580
HEALTH POLICY & SERVICES	C级	75	SCIENCES SOCIALES ET SANTE	0294-0337
HISTORY & PHILOSOPHY OF SCIENCE	A级	3	SOCIAL STUDIES OF SCIENCE	0306-3127
HISTORY & PHILOSOPHY OF SCIENCE	B级	5	MINERVA	0026-4695
HISTORY & PHILOSOPHY OF SCIENCE	B级	6	NEW GENETICS AND SOCIETY	1463-6778
HISTORY & PHILOSOPHY OF SCIENCE	B级	7	ISIS	0021-1753
HISTORY & PHILOSOPHY OF SCIENCE	B级	8	BIOLOGY & PHILOSOPHY	0169-3867
HISTORY & PHILOSOPHY OF SCIENCE	B级	10	BIOSEMIOTICS	1875-1342
HISTORY & PHILOSOPHY OF SCIENCE	B级	11	SOCIAL EPISTEMOLOGY	0269-1728
HISTORY & PHILOSOPHY OF SCIENCE	B级	12	PHILOSOPHY OF SCIENCE	0031-8248
HISTORY & PHILOSOPHY OF SCIENCE	B级	13	SYNTHESE	0039-7857
HISTORY & PHILOSOPHY OF SCIENCE	B级	14	SCIENCE AS CULTURE	0950-5431
HISTORY & PHILOSOPHY OF SCIENCE	B级	17	NANOETHICS	1871-4757
HISTORY & PHILOSOPHY OF SCIENCE	B级	18	MEDICAL HISTORY	0025-7273
HISTORY & PHILOSOPHY OF SCIENCE	B级	20	SOCIAL HISTORY OF MEDICINE	0951-631X
HISTORY & PHILOSOPHY OF SCIENCE	B级	22	HISTORY OF SCIENCE	0073-2753
HISTORY & PHILOSOPHY OF SCIENCE	B级	25	SCIENCE IN CONTEXT	0269-8897
HISTORY & PHILOSOPHY OF SCIENCE	B级	26	TECHNOLOGY AND CULTURE	0040-165X
HISTORY & PHILOSOPHY OF SCIENCE	B级	29	DYNAMIS	0211-9536
HISTORY & PHILOSOPHY OF SCIENCE	B级	30	HYLE	1433-5158
HISTORY & PHILOSOPHY OF SCIENCE	C级	32	OSIRIS	0369-7827
HISTORY & PHILOSOPHY OF SCIENCE	C级	33	ANNALS OF SCIENCE	0003-3790
HISTORY & PHILOSOPHY OF SCIENCE	C级	34	CENTAURUS	0008-8994
HISTORY & PHILOSOPHY OF SCIENCE	C级	35	HISTORIA MATHEMATICA	0315-0860
HISTORY & PHILOSOPHY OF SCIENCE	C级	36	PHYSICS IN PERSPECTIVE	1422-6944
HISTORY & PHILOSOPHY OF SCIENCE	C级	37	ENGINEERING STUDIES	1937-8629
HISTORY & PHILOSOPHY OF SCIENCE	C级	38	INTERNATIONAL JOURNAL FOR	0308-5694
HISTORY & PHILOSOPHY OF SCIENCE	C级	39	AGRICULTURAL HISTORY	0002-1482
HISTORY & PHILOSOPHY OF SCIENCE	C级	40	EARTH SCIENCES HISTORY	0736-623X
HISTORY & PHILOSOPHY OF SCIENCE	C级	43	ARCHIVES OF NATURAL HISTORY	0260-9541
HISTORY OF     SOCIAL SCIENCES	A级	1	JOURNAL OF ECONOMIC HISTORY	0022-0507
HISTORY OF     SOCIAL SCIENCES	B级	2	HISTORY OF PSYCHOLOGY	1093-4510
HISTORY OF     SOCIAL SCIENCES	B级	4	BUSINESS HISTORY	0007-6791
HISTORY OF     SOCIAL SCIENCES	B级	8	LAW AND HISTORY REVIEW	0738-2480
HISTORY OF     SOCIAL SCIENCES	B级	10	PLANNING PERSPECTIVES	0266-5433
HISTORY OF     SOCIAL SCIENCES	B级	11	HISTORY OF POLITICAL ECONOMY	0018-2702
HISTORY OF     SOCIAL SCIENCES	B级	12	ENTERPRISE & SOCIETY	1467-2227
HISTORY OF     SOCIAL SCIENCES	B级	15	PSYCHOANALYSIS AND HISTORY	1460-8235
HISTORY OF     SOCIAL SCIENCES	B级	16	HISTORY OF THE FAMILY	1081-602X
HISTORY OF     SOCIAL SCIENCES	B级	17	BUSINESS HISTORY REVIEW	0007-6805
HISTORY OF     SOCIAL SCIENCES	B级	19	PAEDAGOGICA HISTORICA	0030-9230
HISTORY OF     SOCIAL SCIENCES	B级	21	INFORMATION & CULTURE	2164-8034
HISTORY OF     SOCIAL SCIENCES	B级	22	LABOR HISTORY	0023-656X
HISTORY OF     SOCIAL SCIENCES	B级	23	HISTORY OF EDUCATION	0046-760X
HISTORY OF     SOCIAL SCIENCES	C级	27	HISTORY OF PSYCHIATRY	0957-154X
HISTORY OF     SOCIAL SCIENCES	C级	28	JOURNAL OF URBAN HISTORY	0096-1442
HISTORY OF     SOCIAL SCIENCES	C级	29	JOURNAL OF FAMILY HISTORY	0363-1990
HISTORY OF     SOCIAL SCIENCES	C级	30	INTERNATIONAL JOURNAL FOR	0308-5694
HISTORY OF     SOCIAL SCIENCES	C级	31	HISTORY OF ECONOMIC IDEAS	1122-8792
HISTORY OF     SOCIAL SCIENCES	C级	32	SOCIAL SCIENCE HISTORY	0145-5532
HISTORY OF     SOCIAL SCIENCES	C级	33	NURSING HISTORY REVIEW	1062-8061
HISTORY	A级	1	HISTORY            AMERICAN HISTORICAL REVIEW	0002-8762
HISTORY	A级	2	HISTORY	1385-3783
HISTORY	A级	3	HISTORY            JOURNAL OF MODERN HISTORY	0022-2801
HISTORY	A级	4	HISTORY            JOURNAL OF AMERICAN HISTORY	0021-8723
HISTORY	A级	5	HISTORY            MEMORY STUDIES	1750-6980
HISTORY	B级	6	HISTORY	0010-4175
HISTORY	B级	7	HISTORY            HISTORY AND THEORY	0018-2656
HISTORY	B级	8	HISTORY   JOURNAL OF GLOBAL HISTORY	1740-0228
HISTORY	B级	9	HISTORY   JOURNAL OF AFRICAN HISTORY	0021-8537
HISTORY	B级	10	HISTORY   LAW AND HISTORY REVIEW	0738-2480
HISTORY	B级	11	HISTORY   DIPLOMATIC HISTORY	0145-2096
HISTORY	B级	12	HISTORY   SOCIAL HISTORY OF MEDICINE	0951-631X
HISTORY	B级	13	HISTORY   ENVIRONMENT AND HISTORY	0967-3407
HISTORY	B级	14	HISTORY   ENVIRONMENTAL HISTORY	1084-5453
HISTORY	B级	15	HISTORY   JOURNAL OF BRITISH STUDIES	0021-9371
HISTORY	B级	16	HISTORY   NATIONS AND NATIONALISM	1354-5078
HISTORY	B级	17	HISTORY	0952-1909
HISTORY	B级	18	HISTORY   HISTORICAL METHODS	0161-5440
HISTORY	B级	19	HISTORY   HISTORY WORKSHOP JOURNAL	1363-3554
HISTORY	B级	20	HISTORY	0022-0094
HISTORY	B级	21	HISTORY   COLD WAR HISTORY	1468-2745
HISTORY	B级	22	HISTORY	0018-2168
HISTORY	B级	23	HISTORY	1053-8372
HISTORY	B级	24	HISTORY   PSYCHOANALYSIS AND HISTORY	1460-8235
HISTORY	B级	25	HISTORY	0022-1953
HISTORY	B级	26	HISTORY   LABOUR-LE TRAVAIL	0700-3862
HISTORY	B级	27	HISTORY	0960-7773
HISTORY	B级	28	HISTORY   ENGLISH HISTORICAL REVIEW	0013-8266
HISTORY	B级	29	HISTORY   HISTORIA AGRARIA	1139-1472
HISTORY	B级	30	HISTORY	1354-571X
HISTORY	B级	31	HISTORY   GERMAN HISTORY	0266-3554
HISTORY	B级	32	HISTORY	0212-6109
HISTORY	B级	33	HISTORY   HISTORICAL JOURNAL	0018-246X
HISTORY	B级	34	HISTORY   SCOTTISH HISTORICAL REVIEW	0036-9241
HISTORY	B级	35	HISTORY   JOURNAL OF POLICY HISTORY	0898-0306
HISTORY	B级	36	HISTORY   JOURNAL OF SOCIAL HISTORY	0022-4529
HISTORY	B级	37	HISTORY   JOURNAL OF POSTCOLONIAL	1369-801X
HISTORY	B级	38	HISTORY   RETHINKING HISTORY	1364-2529
HISTORY	B级	39	HISTORY   EUROPEAN HISTORY QUARTERLY	0265-6914
HISTORY	B级	40	HISTORY	0952-3367
HISTORY	B级	41	HISTORY   JOURNAL OF VICTORIAN CULTURE	1355-5502
HISTORY	B级	42	HISTORY	0147-5479
HISTORY	B级	43	HISTORY	1132-7200
HISTORY	B级	44	HISTORY	0172-6404
HISTORY	B级	45	HISTORY   FRENCH HISTORY	0269-1191
HISTORY	B级	46	HISTORY	0040-7585
HISTORY	B级	47	HISTORY   HISTORIA Y POLITICA	1575-0361
HISTORY	B级	48	HISTORY	1043-4070
HISTORY	B级	49	HISTORY	1611-8944
HISTORY	B级	50	HISTORY   LONDON JOURNAL	0305-8034
HISTORY	B级	51	HISTORY   WAR & SOCIETY	0729-2473
HISTORY	B级	52	HISTORY   ETHNOHISTORY	0014-1801
HISTORY	B级	53	HISTORY   LABOUR HISTORY	0023-6942
HISTORY	B级	54	HISTORY   JOURNAL OF FAMILY HISTORY	0363-1990
HISTORY	B级	55	HISTORY	0165-1153
HISTORY	B级	56	HISTORY	1444-3058
HISTORY	B级	57	HISTORY   JOURNAL OF WOMENS HISTORY	1042-7961
HISTORY	B级	58	HISTORY   AMERICAS	0003-1615
HISTORY	B级	59	HISTORY	0019-4646
HISTORY	C级	60	HISTORY   ACTA HISTRIAE	1318-0185
HISTORY	C级	61	HISTORY	0022-4995
HISTORY	C级	62	HISTORY   AYER	1134-2277
HISTORY	C级	63	HISTORY   INTERNATIONAL JOURNAL FOR	0308-5694
HISTORY	C级	64	HISTORY   JOURNAL OF COLD WAR STUDIES	1520-3972
HISTORY	C级	65	HISTORY   CENTRAL EUROPEAN HISTORY	0008-9389
HISTORY	C级	66	HISTORY   HISTORY OF ECONOMIC IDEAS	1122-8792
HISTORY	C级	67	HISTORY   SOCIAL SCIENCE HISTORY	0145-5532
HISTORY	C级	68	HISTORY	0258-2473
HISTORY	C级	69	HISTORY	0004-9522
HISTORY	C级	70	HISTORY	0020-8590
HISTORY	C级	71	HISTORY         HISTORIA CRITICA	0121-1617
HISTORY	C级	72	HISTORY	0956-7933
HISTORY	C级	73	HISTORY         WAR IN HISTORY	0968-3445
HISTORY	C级	74	HISTORY         SCANDIA	0036-5483
HISTORY	C级	75	HISTORY         BRITAIN AND THE WORLD	2043-8567
HISTORY	C级	76	HISTORY         MOUVEMENT SOCIAL	0027-2671
HISTORY	C级	77	HISTORY	0165-0505
HISTORY	C级	78	HISTORY         AUSTRIAN HISTORY YEARBOOK	0067-2378
HISTORY	C级	79	HISTORY	1537-7814
HISTORY	C级	80	HISTORY	0309-6564
HISTORY	C级	81	HISTORY         JOURNAL OF ISRAELI HISTORY	1353-1042
HISTORY	C级	82	HISTORY         NORTHERN HISTORY	0078-172X
HISTORY	C级	83	HISTORY	0951-8967
HISTORY	C级	84	HISTORY         ZEITGESCHICHTE	0256-5250
HOSPITALITY    LEISURE SPORT TOURISM	A级	1	TOURISM MANAGEMENT	0261-5177
HOSPITALITY    LEISURE SPORT TOURISM	A级	2	JOURNAL OF TRAVEL RESEARCH	0047-2875
HOSPITALITY    LEISURE SPORT TOURISM	A级	3	ANNALS OF TOURISM RESEARCH	0160-7383
HOSPITALITY    LEISURE SPORT TOURISM	B级	5	SPORT AND EXERCISE	1750-984X
HOSPITALITY    LEISURE SPORT TOURISM	B级	11	CURRENT ISSUES IN TOURISM	1368-3500
HOSPITALITY    LEISURE SPORT TOURISM	B级	13	SPORT MANAGEMENT REVIEW	1441-3523
HOSPITALITY    LEISURE SPORT TOURISM	B级	18	TOURISM GEOGRAPHIES	1461-6688
HOSPITALITY    LEISURE SPORT TOURISM	B级	20	LEISURE STUDIES	0261-4367
HOSPITALITY    LEISURE SPORT TOURISM	B级	23	SPORT EDUCATION AND SOCIETY	1357-3322
HOSPITALITY    LEISURE SPORT TOURISM	B级	25	SPORT PSYCHOLOGIST	0888-4781
HOSPITALITY    LEISURE SPORT TOURISM	B级	27	TOURIST STUDIES	1468-7976
HOSPITALITY    LEISURE SPORT TOURISM	B级	28	LEISURE SCIENCES	0149-0400
HOSPITALITY    LEISURE SPORT TOURISM	C级	35	JOURNAL OF LEISURE RESEARCH	0022-2216
HOSPITALITY    LEISURE SPORT TOURISM	C级	36	TOURISM ECONOMICS	1354-8166
HOSPITALITY    LEISURE SPORT TOURISM	C级	37	JOURNAL OF SPORTS ECONOMICS	1527-0025
HOSPITALITY    LEISURE SPORT TOURISM	C级	39	SOCIOLOGY OF SPORT JOURNAL	0741-1235
HOSPITALITY    LEISURE SPORT TOURISM	C级	43	SPORTS MARKETING &	1464-6668
HOSPITALITY    LEISURE SPORT TOURISM	C级	45	LEISURE SPORT & TOURISM	1473-8376
INDUSTRIAL RELATIONS &          LABOR	A级	1	JOURNAL OF HUMAN RESOURCES	0022-166X
INDUSTRIAL RELATIONS &          LABOR	A级	2	JOURNAL OF LABOR ECONOMICS	0734-306X
INDUSTRIAL RELATIONS &          LABOR	A级	4	INDUSTRIAL RELATIONS	0019-8676
INDUSTRIAL RELATIONS &          LABOR	A级	5	ILR REVIEW	0019-7939
INDUSTRIAL RELATIONS &          LABOR	B级	7	WORK AND OCCUPATIONS	0730-8884
INDUSTRIAL RELATIONS &          LABOR	B级	10	HUMAN RESOURCES FOR HEALTH	1478-4491
INDUSTRIAL RELATIONS &          LABOR	B级	11	PERSONNEL REVIEW	0048-3486
INDUSTRIAL RELATIONS &          LABOR	B级	15	EMPLOYEE RELATIONS	0142-5455
INDUSTRIAL RELATIONS &          LABOR	B级	18	INTERNATIONAL LABOUR REVIEW	0020-7780
INDUSTRIAL RELATIONS &          LABOR	C级	20	MONTHLY LABOR REVIEW	0098-1818
INDUSTRIAL RELATIONS &          LABOR	C级	21	JOURNAL OF LABOR RESEARCH	0195-3613
INDUSTRIAL RELATIONS &          LABOR	C级	23	LABOUR-LE TRAVAIL	0700-3862
INDUSTRIAL RELATIONS &          LABOR	C级	24	LABOR HISTORY	0023-656X
INDUSTRIAL RELATIONS &          LABOR	C级	27	LABOUR HISTORY	0023-6942
INFORMATION SCIENCE &           LIBRARY   SCIENCE	A级	2	INFORMATION SYSTEMS JOURNAL	1350-1917
INFORMATION SCIENCE &           LIBRARY   SCIENCE	A级	6	MEDICAL INFORMATICS	1067-5027
INFORMATION SCIENCE &           LIBRARY   SCIENCE	B级	9	COMPUTER-SUPPORTED	1556-1607
INFORMATION SCIENCE &           LIBRARY   SCIENCE	B级	10	TELEMATICS AND INFORMATICS	0736-5853
INFORMATION SCIENCE &           LIBRARY   SCIENCE	B级	11	INFORMATION & MANAGEMENT	0378-7206
INFORMATION SCIENCE &           LIBRARY   SCIENCE	B级	12	JOURNAL OF INFORMETRICS	1751-1577
INFORMATION SCIENCE &           LIBRARY   SCIENCE	B级	15	GEOGRAPHICAL INFORMATION	1365-8816
INFORMATION SCIENCE &           LIBRARY   SCIENCE	B级	17	FOR INFORMATION SCIENCE AND	2330-1635
INFORMATION SCIENCE &           LIBRARY   SCIENCE	B级	18	RESEARCH EVALUATION	0958-2029
INFORMATION SCIENCE &           LIBRARY   SCIENCE	B级	20	SCIENTOMETRICS	0138-9130
INFORMATION SCIENCE &           LIBRARY   SCIENCE	B级	24	QUALITATIVE HEALTH RESEARCH	1049-7323
INFORMATION SCIENCE &           LIBRARY   SCIENCE	B级	25	MIS QUARTERLY EXECUTIVE	1540-1960
INFORMATION SCIENCE &           LIBRARY   SCIENCE	B级	26	INFORMATION DEVELOPMENT	0266-6669
INFORMATION SCIENCE &           LIBRARY   SCIENCE	B级	29	INFORMATION SOCIETY	0197-2243
INFORMATION SCIENCE &           LIBRARY   SCIENCE	B级	30	ONLINE INFORMATION REVIEW	1468-4527
INFORMATION SCIENCE &           LIBRARY   SCIENCE	B级	31	TELECOMMUNICATIONS POLICY	0308-5961
INFORMATION SCIENCE &           LIBRARY   SCIENCE	B级	32	COLLEGE & RESEARCH LIBRARIES	0010-0870
INFORMATION SCIENCE &           LIBRARY   SCIENCE	B级	38	LEARNED PUBLISHING	0953-1513
INFORMATION SCIENCE &           LIBRARY   SCIENCE	B级	42	INFORMATION TECHNOLOGY	1097-198X
INFORMATION SCIENCE &           LIBRARY   SCIENCE	B级	49	JOURNAL OF DOCUMENTATION	0022-0418
INFORMATION SCIENCE &           LIBRARY   SCIENCE	B级	50	KNOWLEDGE ORGANIZATION	0943-7444
INFORMATION SCIENCE &           LIBRARY   SCIENCE	B级	52	LIBRARY HI TECH	0737-8831
INFORMATION SCIENCE &           LIBRARY   SCIENCE	B级	54	LIBRARY & INFORMATION	1394-6234
INFORMATION SCIENCE &           LIBRARY   SCIENCE	B级	56	INTERNATIONAL ELECTRONIC	1368-1613
INFORMATION SCIENCE &           LIBRARY   SCIENCE	B级	57	LIBRARY QUARTERLY	0024-2519
INFORMATION SCIENCE &           LIBRARY   SCIENCE	B级	59	LAW LIBRARY JOURNAL	0023-9283
INFORMATION SCIENCE &           LIBRARY   SCIENCE	C级	62	ELECTRONIC LIBRARY	0264-0473
INFORMATION SCIENCE &           LIBRARY   SCIENCE	C级	66	LIBRI	0024-2667
INFORMATION SCIENCE &           LIBRARY   SCIENCE	C级	67	SERIALS REVIEW	0098-7913
INFORMATION SCIENCE &           LIBRARY   SCIENCE	C级	69	INFORMATION & CULTURE	2164-8034
INFORMATION SCIENCE &           LIBRARY   SCIENCE	C级	71	TRANSINFORMACAO	0103-3786
INFORMATION SCIENCE &           LIBRARY   SCIENCE	C级	73	SCIENTIST	0890-3670
INFORMATION SCIENCE &           LIBRARY   SCIENCE	C级	74	LIBRARY TRENDS	0024-2594
INFORMATION SCIENCE &           LIBRARY   SCIENCE	C级	75	AUSTRALIAN LIBRARY JOURNAL	0004-9670
INFORMATION SCIENCE &           LIBRARY   SCIENCE	C级	76	ACQUISITIONS & TECHNICAL	1464-9055
INFORMATION SCIENCE &           LIBRARY   SCIENCE	C级	77	ARCHIVES AND INFORMATION	0795-4778
INFORMATION SCIENCE &           LIBRARY   SCIENCE	C级	79	BIBLIOTHEKSWESEN UND	0044-2380
INFORMATION SCIENCE &           LIBRARY   SCIENCE	C级	81	SCIENCE-REVUE CANADIENNE	1195-096X
INFORMATION SCIENCE &           LIBRARY   SCIENCE	C级	83	ECONTENT	1525-2531
INFORMATION SCIENCE &           LIBRARY   SCIENCE	C级	84	INFORMACIOS TARSADALOM	1587-8694
INTERNATIONAL RELATIONS	A级	1	WORLD POLITICS	0043-8871
INTERNATIONAL RELATIONS	A级	2	INTERNATIONAL ORGANIZATION	0020-8183
INTERNATIONAL RELATIONS	A级	3	INTERNATIONAL SECURITY	0162-2889
INTERNATIONAL RELATIONS	A级	5	SECURITY DIALOGUE	0967-0106
INTERNATIONAL RELATIONS	A级	6	FOREIGN AFFAIRS	0015-7120
INTERNATIONAL RELATIONS	B级	8	COMMON MARKET LAW REVIEW	0165-0750
INTERNATIONAL RELATIONS	B级	9	JOURNAL OF PEACE RESEARCH	0022-3433
INTERNATIONAL RELATIONS	B级	12	MARINE POLICY	0308-597X
INTERNATIONAL RELATIONS	B级	13	INTERNATIONAL THEORY	1752-9719
INTERNATIONAL RELATIONS	B级	15	INTERNATIONAL AFFAIRS	0020-5850
INTERNATIONAL RELATIONS	B级	20	NEW POLITICAL ECONOMY	1356-3467
INTERNATIONAL RELATIONS	B级	24	COOPERATION AND CONFLICT	0010-8367
INTERNATIONAL RELATIONS	B级	27	SECURITY STUDIES	0963-6412
INTERNATIONAL RELATIONS	B级	29	INTERNATIONAL STUDIES REVIEW	1521-9488
INTERNATIONAL RELATIONS	B级	30	JOURNAL OF STRATEGIC STUDIES	0140-2390
INTERNATIONAL RELATIONS	B级	31	JOURNAL OF HUMAN RIGHTS	1475-4835
INTERNATIONAL RELATIONS	B级	32	MEDITERRANEAN POLITICS	1362-9395
INTERNATIONAL RELATIONS	B级	33	WASHINGTON QUARTERLY	0163-660X
INTERNATIONAL RELATIONS	B级	35	SURVIVAL	0039-6338
INTERNATIONAL RELATIONS	B级	38	PACIFIC REVIEW	0951-2748
INTERNATIONAL RELATIONS	B级	41	REVIEW OF WORLD ECONOMICS	1610-2878
INTERNATIONAL RELATIONS	B级	43	WORLD ECONOMY	0378-5920
INTERNATIONAL RELATIONS	B级	44	GLOBALIZATIONS	1474-7731
INTERNATIONAL RELATIONS	B级	45	INTERNATIONAL PEACEKEEPING	1353-3312
INTERNATIONAL RELATIONS	B级	47	GLOBAL GOVERNANCE	1075-2846
INTERNATIONAL RELATIONS	B级	48	GLOBAL POLICY	1758-5880
INTERNATIONAL RELATIONS	B级	51	FOREIGN POLICY ANALYSIS	1743-8586
INTERNATIONAL RELATIONS	B级	53	INTERNATIONAL POLITICS	1384-5748
INTERNATIONAL RELATIONS	B级	55	INTERNATIONAL INTERACTIONS	0305-0629
INTERNATIONAL RELATIONS	B级	56	WORLD TRADE REVIEW	1474-7456
INTERNATIONAL RELATIONS	C级	62	SPACE POLICY	0265-9646
INTERNATIONAL RELATIONS	C级	65	ASIA EUROPE JOURNAL	1610-2932
INTERNATIONAL RELATIONS	C级	67	JOURNAL OF WORLD TRADE	1011-6702
INTERNATIONAL RELATIONS	C级	68	INTERNATIONAL JOURNAL	0020-7020
INTERNATIONAL RELATIONS	C级	69	MIDDLE EAST POLICY	1061-1924
INTERNATIONAL RELATIONS	C级	72	PACIFIC FOCUS	1225-4657
INTERNATIONAL RELATIONS	C级	73	INTERNATIONAL RELATIONS	0047-1178
INTERNATIONAL RELATIONS	C级	74	ALTERNATIVES	0304-3754
INTERNATIONAL RELATIONS	C级	75	ASIAN PERSPECTIVE	0258-9184
INTERNATIONAL RELATIONS	C级	78	CURRENT HISTORY	0011-3530
INTERNATIONAL RELATIONS	C级	80	INTERNATIONAL HEALTH LAW	1819-5164
INTERNATIONAL RELATIONS	C级	81	JOURNAL OF COLD WAR STUDIES	1520-3972
INTERNATIONAL RELATIONS	C级	82	KOREA OBSERVER	0023-3919
INTERNATIONAL RELATIONS	C级	83	WAR IN HISTORY	0968-3445
INTERNATIONAL RELATIONS	C级	85	INTERNASJONAL POLITIKK	0020-577X
LINGUISTICS	A级	1	LINGUISTICS	1366-7289
LINGUISTICS	A级	2	LINGUISTICS	1094-3501
LINGUISTICS	A级	3	LINGUISTICS   COGNITIVE LINGUISTICS	0936-5907
LINGUISTICS	A级	4	LINGUISTICS	0267-1905
LINGUISTICS	A级	5	LINGUISTICS   LANGUAGE LEARNING	0023-8333
LINGUISTICS	A级	6	LINGUISTICS   TESOL QUARTERLY	0039-8322
LINGUISTICS	A级	7	LINGUISTICS   APPLIED PSYCHOLINGUISTICS	0142-7164
LINGUISTICS	A级	8	LINGUISTICS   LANGUAGE TEACHING RESEARCH	1362-1688
LINGUISTICS	A级	9	LINGUISTICS	1060-3743
LINGUISTICS	A级	10	LINGUISTICS   LINGUISTIC INQUIRY	0024-3892
LINGUISTICS	A级	11	LINGUISTICS   ENGLISH FOR SPECIFIC PURPOSES	0889-4906
LINGUISTICS	A级	12	LINGUISTICS	0954-3945
LINGUISTICS	A级	13	LINGUISTICS   METAPHOR AND SYMBOL	1092-6488
LINGUISTICS	A级	14	LINGUISTICS   LINGUA	0024-3841
LINGUISTICS	A级	15	LINGUISTICS   TRANSLATION STUDIES	1478-1700
LINGUISTICS	A级	16	LINGUISTICS   TRANSLATOR	1355-6509
LINGUISTICS	B级	17	LINGUISTICS	0749-596X
LINGUISTICS	B级	18	LINGUISTICS	0094-730X
LINGUISTICS	B级	19	LINGUISTICS   COMPUTATIONAL LINGUISTICS	0891-2017
LINGUISTICS	B级	20	LINGUISTICS   BRAIN AND LANGUAGE	0093-934X
LINGUISTICS	B级	21	LINGUISTICS   RECALL	0958-3440
LINGUISTICS	B级	22	LINGUISTICS   LANGUAGE & COMMUNICATION	1368-2822
LINGUISTICS	B级	23	LINGUISTICS	0958-8221
LINGUISTICS	B级	24	LINGUISTICS	0272-2631
LINGUISTICS	B级	25	LINGUISTICS   LANGUAGE TEACHING	0261-4448
LINGUISTICS	B级	26	LINGUISTICS	0835-1813
LINGUISTICS	B级	27	LINGUISTICS	2327-3798
LINGUISTICS	B级	28	LINGUISTICS	1092-4388
LINGUISTICS	B级	29	LINGUISTICS   MODERN LANGUAGE JOURNAL	0026-7902
LINGUISTICS	B级	30	LINGUISTICS   LANGUAGE	0097-8507
LINGUISTICS	B级	31	LINGUISTICS   JOURNAL OF CHILD LANGUAGE	0305-0009
LINGUISTICS	B级	32	LINGUISTICS   ASSESSING WRITING	1075-2935
LINGUISTICS	B级	33	LINGUISTICS	1879-9264
LINGUISTICS	B级	34	LINGUISTICS   LANGUAGE AND SPEECH	0023-8309
LINGUISTICS	B级	35	LINGUISTICS	1055-1360
LINGUISTICS	B级	36	LINGUISTICS	1475-1585
LINGUISTICS	B级	37	LINGUISTICS   LANGUAGE IN SOCIETY	0047-4045
LINGUISTICS	B级	38	LINGUISTICS   SECOND LANGUAGE RESEARCH	0267-6583
LINGUISTICS	B级	39	LINGUISTICS   JOURNAL OF NEUROLINGUISTICS	0911-6044
LINGUISTICS	B级	40	LINGUISTICS   SYSTEM	0346-251X
LINGUISTICS	B级	41	LINGUISTICS	0790-8318
LINGUISTICS	B级	42	LINGUISTICS   BILINGUAL EDUCATION AND	1367-0050
LINGUISTICS	B级	43	LINGUISTICS   ANNUAL REVIEW OF LINGUISTICS	2333-9691
LINGUISTICS	B级	44	LINGUISTICS   JOURNAL OF PHONETICS	0095-4470
LINGUISTICS	B级	45	LINGUISTICS	0021-9924
LINGUISTICS	B级	46	LINGUISTICS   LANGUAGE ACQUISITION	1048-9223
LINGUISTICS	B级	47	LINGUISTICS   LANGUAGE POLICY	1568-4555
LINGUISTICS	B级	48	LINGUISTICS	0261-927X
LINGUISTICS	B级	49	LINGUISTICS   LANGUAGE AND EDUCATION	0950-0782
LINGUISTICS	B级	50	LINGUISTICS   LINGUISTICS AND PHILOSOPHY	0165-0157
LINGUISTICS	B级	51	LINGUISTICS   JOURNAL OF SOCIOLINGUISTICS	1360-6441
LINGUISTICS	B级	52	LINGUISTICS   FIRST LANGUAGE	0142-7237
LINGUISTICS	B级	53	LINGUISTICS	0161-1461
LINGUISTICS	B级	54	LINGUISTICS	1754-9507
LINGUISTICS	B级	55	LINGUISTICS	1058-0360
LINGUISTICS	B级	56	LINGUISTICS   ENGLISH WORLD-WIDE	0172-8865
LINGUISTICS	B级	57	LINGUISTICS   ELT JOURNAL	0951-0893
LINGUISTICS	B级	58	LINGUISTICS	0268-1145
LINGUISTICS	B级	59	LINGUISTICS	0950-3846
LINGUISTICS	B级	60	LINGUISTICS	1351-3249
LINGUISTICS	B级	61	LINGUISTICS   JOURNAL OF SEMANTICS	0167-5133
LINGUISTICS	B级	62	LINGUISTICS   NATURAL LANGUAGE SEMANTICS	0925-854X
LINGUISTICS	B级	63	LINGUISTICS	1543-4303
LINGUISTICS	B级	64	LINGUISTICS   LANGUAGE TESTING	0265-5322
LINGUISTICS	B级	65	LINGUISTICS	0265-6590
LINGUISTICS	B级	66	LINGUISTICS	1367-0069
LINGUISTICS	B级	67	LINGUISTICS   PHONOLOGY	0952-6757
LINGUISTICS	B级	68	LINGUISTICS   MIND & LANGUAGE	0268-1064
LINGUISTICS	B级	69	LINGUISTICS   INTERACTION STUDIES	1572-0373
LINGUISTICS	B级	70	LINGUISTICS	0143-4632
LINGUISTICS	B级	71	LINGUISTICS   JOURNAL OF PRAGMATICS	0378-2166
LINGUISTICS	B级	72	LINGUISTICS   JOURNAL OF LINGUISTICS	0022-2267
LINGUISTICS	B级	73	LINGUISTICS	0269-9206
LINGUISTICS	B级	74	LINGUISTICS	1368-0005
LINGUISTICS	B级	75	LINGUISTICS   THEORETICAL LINGUISTICS	0301-4428
LINGUISTICS	B级	76	LINGUISTICS	1384-6655
LINGUISTICS	B级	77	LINGUISTICS	0075-4242
LINGUISTICS	B级	78	LINGUISTICS   LINGUISTICS AND EDUCATION	0898-5898
LINGUISTICS	B级	79	LINGUISTICS   LANGUAGE & COMMUNICATION	0271-5309
LINGUISTICS	B级	80	LINGUISTICS   INTERCULTURAL PRAGMATICS	1612-295X
LINGUISTICS	B级	81	LINGUISTICS	1613-7027
LINGUISTICS	B级	82	LINGUISTICS   WORLD ENGLISHES	0883-2919
LINGUISTICS	B级	83	LINGUISTICS   FOREIGN LANGUAGE ANNALS	0015-718X
LINGUISTICS	B级	84	LINGUISTICS   PRAGMATICS	1018-2101
LINGUISTICS	B级	85	LINGUISTICS   GESTURE	1568-1475
LINGUISTICS	B级	86	LINGUISTICS	0925-8558
LINGUISTICS	B级	87	LINGUISTICS   ARGUMENTATION	0920-427X
LINGUISTICS	B级	88	LINGUISTICS	0167-8507
LINGUISTICS	B级	89	LINGUISTICS   LINGUISTIC REVIEW	0167-6318
LINGUISTICS	B级	90	LINGUISTICS   LANGUAGE SCIENCES	0388-0001
LINGUISTICS	B级	91	LINGUISTICS   LABORATORY PHONOLOGY	1868-6346
LINGUISTICS	B级	92	LINGUISTICS	0090-6905
LINGUISTICS	B级	93	LINGUISTICS	1360-6743
LINGUISTICS	B级	94	LINGUISTICS   SLOVO A SLOVESNOST	0037-7031
LINGUISTICS	B级	95	LINGUISTICS	1750-399X
LINGUISTICS	B级	96	LINGUISTICS   LITERACY	1741-4350
LINGUISTICS	B级	97	LINGUISTICS   TERMINOLOGY	0929-9971
LINGUISTICS	B级	98	LINGUISTICS	1470-8477
LINGUISTICS	B级	99	LINGUISTICS   STUDIES IN LANGUAGE	0378-4177
LINGUISTICS	B级	100	LINGUISTICS   LANGUAGE AWARENESS	0965-8416
LINGUISTICS	B级	101	LINGUISTICS	0025-1003
LINGUISTICS	B级	102	LINGUISTICS	2055-7671
LINGUISTICS	B级	103	LINGUISTICS   JOURNAL OF TRANSLATION	0924-1884
LINGUISTICS	B级	104	LINGUISTICS   DIACHRONICA	0176-4225
LINGUISTICS	B级	105	LINGUISTICS   APPLIED LINGUISTICS IN	1613-4141
LINGUISTICS	B级	106	LINGUISTICS   PROBUS	0921-4771
LINGUISTICS	B级	107	LINGUISTICS   TOPICS IN LANGUAGE DISORDERS	0271-8294
LINGUISTICS	B级	108	LINGUISTICS   RESEARCH-LANGUAGE	1612-5681
LINGUISTICS	B级	109	LINGUISTICS	0167-806X
LINGUISTICS	B级	110	LINGUISTICS	0044-1449
LINGUISTICS	B级	111	LINGUISTICS   SOCIAL SEMIOTICS	1035-0330
LINGUISTICS	B级	112	LINGUISTICS	1534-8458
LINGUISTICS	B级	113	LINGUISTICS   FUNCTIONS OF LANGUAGE	0929-998X
LINGUISTICS	B级	114	LINGUISTICS   PRAGMATICS & COGNITION	0929-0907
LINGUISTICS	B级	115	LINGUISTICS   PHONETICA	0031-8388
LINGUISTICS	B级	116	LINGUISTICS	0726-8602
LINGUISTICS	B级	117	LINGUISTICS   TEXT & TALK	1860-7330
LINGUISTICS	B级	118	LINGUISTICS	1175-8708
LINGUISTICS	B级	119	LINGUISTICS   SINTAGMA	0214-9141
LINGUISTICS	B级	120	LINGUISTICS   PORTA LINGUARUM	1697-7467
LINGUISTICS	B级	121	LINGUISTICS   GENDER AND LANGUAGE	1747-6321
LINGUISTICS	B级	122	LINGUISTICS	0959-2695
LINGUISTICS	B级	123	LINGUISTICS	1569-2159
LINGUISTICS	B级	124	LINGUISTICS	0020-7071
LINGUISTICS	B级	125	LINGUISTICS   LINGUISTICS	0024-3949
LINGUISTICS	B级	126	LINGUISTICS   LANGUAGE AND LINGUISTICS	1606-822X
LINGUISTICS	B级	127	LINGUISTICS   INTERPRETING	1384-6647
LINGUISTICS	C级	128	LINGUISTICS   LEXIKOS	1684-4904
LINGUISTICS	C级	129	LINGUISTICS	0920-9034
LINGUISTICS	C级	130	LINGUISTICS	1607-3614
LINGUISTICS	C级	131	LINGUISTICS   APPLIED LINGUISTICS REVIEW	1868-6311
LINGUISTICS	C级	132	LINGUISTICS	0027-7738
LINGUISTICS	C级	133	LINGUISTICS   NARRATIVE INQUIRY	1387-6740
LINGUISTICS	C级	134	LINGUISTICS   FOLIA LINGUISTICA	0165-4004
LINGUISTICS	C级	135	LINGUISTICS   LINGUISTIC TYPOLOGY	1430-0532
LINGUISTICS	C级	136	LINGUISTICS	0019-7262
LINGUISTICS	C级	137	LINGUISTICS   ENGLISH TODAY	0266-0784
LINGUISTICS	C级	138	LINGUISTICS   FOLIA LINGUISTICA HISTORICA	0168-647X
LINGUISTICS	C级	139	LINGUISTICS	0272-2690
LINGUISTICS	C级	140	LINGUISTICS   NORDIC JOURNAL OF LINGUISTICS	0332-5865
LINGUISTICS	C级	141	LINGUISTICS   SPANISH IN CONTEXT	1571-0718
LINGUISTICS	C级	142	LINGUISTICS	1877-9751
LINGUISTICS	C级	143	LINGUISTICS	1748-8885
LINGUISTICS	C级	144	LINGUISTICS	1470-5427
LINGUISTICS	C级	145	LINGUISTICS	1576-4737
LINGUISTICS	C级	146	LINGUISTICS   REVIEW-REVUE CANADIENNE DES	0008-4506
LINGUISTICS	C级	147	LINGUISTICS	0721-9067
LINGUISTICS	C级	148	LINGUISTICS   PRAGMATICS AND SOCIETY	1878-9714
LINGUISTICS	C级	149	LINGUISTICS   REVISTA SIGNOS	0718-0934
LINGUISTICS	C级	150	LINGUISTICS	1566-5852
LINGUISTICS	C级	151	LINGUISTICS	0091-3723
LINGUISTICS	C级	152	LINGUISTICS   AMERICAN SPEECH	0003-1283
LINGUISTICS	C级	153	LINGUISTICS	1897-7499
LINGUISTICS	C级	154	LINGUISTICS   ACTA LINGUISTICA HUNGARICA	1216-8076
LINGUISTICS	C级	155	LINGUISTICS   IBERICA	1139-7241
LINGUISTICS	C级	156	LINGUISTICS   LANGUAGE MATTERS	1022-8195
LINGUISTICS	C级	157	LINGUISTICS   LANGUAGE AND LITERATURE	0963-9470
LINGUISTICS	C级	158	LINGUISTICS	0929-6174
LINGUISTICS	C级	159	LINGUISTICS   SPANISH ASSOCIATION OF ANGLO-	0210-6124
LINGUISTICS	C级	160	LINGUISTICS	1585-1923
LINGUISTICS	C级	161	LINGUISTICS	0942-4040
LINGUISTICS	C级	162	LINGUISTICS   LANGUAGE & HISTORY	1759-7536
LINGUISTICS	C级	163	LINGUISTICS   TO THE TEACHING OF SPANISH	0018-2133
LINGUISTICS	C级	164	LINGUISTICS	0213-2028
LINGUISTICS	C级	165	LINGUISTICS	1383-4924
LINGUISTICS	C级	166	LINGUISTICS   NEW SERIES-THEMES IN	0304-2294
LINGUISTICS	C级	167	LINGUISTICS	0718-4883
LINGUISTICS	C级	168	LINGUISTICS	1932-2798
LINGUISTICS	C级	169	LINGUISTICS   ONOMAZEIN	0717-1285
LINGUISTICS	C级	170	LINGUISTICS	0213-2370
LINGUISTICS	C级	171	LINGUISTICS   LANGAGES	0458-726X
LINGUISTICS	C级	172	LINGUISTICS	1386-1204
LINGUISTICS	C级	173	LINGUISTICS	0521-9744
LINGUISTICS	C级	174	LINGUISTICS   AFRICANA LINGUISTICA	0065-4124
LINGUISTICS	C级	175	LINGUISTICS   JOURNAL OF APPLIED	1697-0381
LINGUISTICS	C级	176	LINGUISTICS	0167-6164
LINGUISTICS	C级	177	LINGUISTICS   LINGUISTIQUE-ROMANIAN	0035-3957
LINGUISTICS	C级	178	LINGUISTICS   HISTORIOGRAPHIA LINGUISTICA	0302-5160
LINGUISTICS	C级	179	LINGUISTICS   SYNTAX AND SEMANTICS	0092-4563
LINGUISTICS	C级	180	LINGUISTICS   ESTUDIOS FILOLOGICOS	0071-1713
LINGUISTICS	C级	181	LINGUISTICS	1382-5577
NURSING	A级	1	NURSING	0020-7489
NURSING	A级	2	NURSING	1474-5151
NURSING	A级	3	NURSING      JOURNAL OF FAMILY NURSING	1074-8407
NURSING	A级	4	NURSING      NURSE EDUCATION TODAY	0260-6917
NURSING	A级	5	NURSING   BIRTH-ISSUES IN PERINATAL CARE	0730-7659
NURSING	A级	6	NURSING	1527-6546
NURSING	A级	7	NURSING   NURSING OUTLOOK	0029-6554
NURSING	A级	8	NURSING   WOMEN AND BIRTH	1871-5192
NURSING	A级	9	NURSING	0889-4655
NURSING	B级	10	NURSING	0961-5423
NURSING	B级	11	NURSING	1545-102X
NURSING	B级	12	NURSING   JOURNAL OF ADVANCED NURSING	0309-2402
NURSING	B级	13	NURSING   MIDWIFERY	0266-6138
NURSING	B级	14	NURSING   NURSING RESEARCH	0029-6562
NURSING	B级	15	NURSING   AUSTRALIAN CRITICAL CARE	1036-7314
NURSING	B级	16	NURSING	0966-0429
NURSING	B级	17	NURSING	1445-8330
NURSING	B级	18	NURSING	1462-3889
NURSING	B级	19	NURSING   REHABILITATION NURSING	0278-4807
NURSING	B级	20	NURSING   ONCOLOGY NURSING FORUM	0190-535X
NURSING	B级	21	NURSING   NURSING ETHICS	0969-7330
NURSING	B级	22	NURSING   RESEARCH IN NURSING & HEALTH	0160-6891
NURSING	B级	23	NURSING   CANCER NURSING	0162-220X
NURSING	B级	24	NURSING   AMERICAN JOURNAL OF NURSING	0002-936X
NURSING	B级	25	NURSING   CRITICAL CARE NURSE	0279-5442
NURSING	B级	26	NURSING	0020-8132
NURSING	B级	27	NURSING	1526-9523
NURSING	B级	28	NURSING   NURSING IN CRITICAL CARE	1362-1017
NURSING	B级	29	NURSING	0891-5245
NURSING	B级	30	NURSING	0283-9318
NURSING	B级	31	NURSING   COLLEGIAN	1322-7696
NURSING	B级	32	NURSING	0002-0443
NURSING	B级	33	NURSING   APPLIED NURSING RESEARCH	0897-1897
NURSING	B级	34	NURSING   NURSE EDUCATOR	0363-3624
NURSING	B级	35	NURSING	1071-5754
NURSING	B级	36	NURSING	0964-3397
NURSING	B级	37	NURSING   ASSOCIATION OF NURSES IN AIDS	1055-3290
NURSING	B级	38	NURSING   NURSE EDUCATION IN PRACTICE	1471-5953
NURSING	B级	39	NURSING	0193-9459
NURSING	B级	40	NURSING   CLINICAL NURSING RESEARCH	1054-7738
NURSING	B级	41	NURSING	1538-2931
NURSING	B级	42	NURSING	1755-599X
NURSING	B级	43	NURSING   PAIN MANAGEMENT NURSING	1524-9042
NURSING	B级	44	NURSING   JOURNAL OF CHILD HEALTH CARE	1367-4935
NURSING	B级	45	NURSING   ADVANCES IN NEONATAL CARE	1536-0903
NURSING	B级	45	NURSING	1876-1399
NURSING	B级	47	NURSING   JOURNAL OF TISSUE VIABILITY	0965-206X
NURSING	B级	48	NURSING	1043-6596
NURSING	B级	49	NURSING   GYNECOLOGIC AND NEONATAL	0884-2175
NURSING	B级	50	NURSING   NURSING PHILOSOPHY	1466-7681
NURSING	B级	51	NURSING	1057-3631
NURSING	B级	52	NURSING   JOURNAL OF CLINICAL NURSING	0962-1067
NURSING	B级	53	NURSING	0883-9417
NURSING	B级	54	NURSING   NURSING & HEALTH SCIENCES	1441-0745
NURSING	B级	55	NURSING   NURSING CARE OF CHILDREN &	0882-5963
NURSING	B级	56	NURSING	8755-7223
NURSING	B级	56	NURSING   JOURNAL OF SCHOOL NURSING	1059-8405
NURSING	B级	58	NURSING   NURSING INQUIRY	1320-7881
NURSING	B级	59	NURSING   GERIATRIC NURSING	0197-4572
NURSING	B级	60	NURSING	1351-0126
NURSING	B级	61	NURSING	0031-5990
NURSING	B级	62	NURSING	1527-7941
NURSING	B级	63	NURSING   NURSING ECONOMICS	0746-1739
NURSING	B级	64	NURSING	1322-7114
NURSING	B级	65	NURSING	1038-5282
NURSING	B级	65	NURSING	1539-0136
NURSING	B级	67	NURSING	1043-4542
NURSING	B级	68	NURSING	0148-4834
NURSING	B级	69	NURSING   JOURNAL OF NURSING RESEARCH	1682-3141
NURSING	B级	70	NURSING	0361-929X
NURSING	B级	71	NURSING	0893-2190
NURSING	B级	72	NURSING   ASSOCIATION OF NURSE	2327-6886
NURSING	B级	73	NURSING	2047-3087
NURSING	B级	74	NURSING	0022-0124
NURSING	B级	75	NURSING	0161-2840
NURSING	B级	76	NURSING   JOURNAL OF TRAUMA NURSING	1078-7496
NURSING	B级	77	NURSING   CONTEMPORARY NURSE	1037-6178
NURSING	B级	78	NURSING	0098-9134
NURSING	B级	79	NURSING	0099-1767
NURSING	B级	80	NURSING   PUBLIC HEALTH NURSING	0737-1209
NURSING	C级	81	NURSING   PSYCHIATRIC NURSES	1078-3903
NURSING	C级	82	NURSING   ASIAN NURSING RESEARCH	1976-1317
NURSING	C级	83	NURSING   CLINICAL NURSE SPECIALIST	0887-6274
NURSING	C级	84	NURSING	1089-9472
NURSING	C级	85	NURSING   AORN JOURNAL	0001-2092
NURSING	C级	86	NURSING   HOLISTIC NURSING PRACTICE	0887-9311
NURSING	C级	87	NURSING	1940-4921
NURSING	C级	88	NURSING   NURSING AND MENTAL HEALTH	0279-3695
NURSING	C级	89	NURSING   WORKPLACE HEALTH & SAFETY	2165-0799
NURSING	C级	90	NURSING   ADVANCES IN NURSING SCIENCE	0161-9268
NURSING	C级	91	NURSING	1522-2179
NURSING	C级	92	NURSING   GASTROENTEROLOGY NURSING	1042-895X
NURSING	C级	93	NURSING	0888-0395
NURSING	C级	94	NURSING	1518-8345
NURSING	C级	95	NURSING	1092-1095
NURSING	C级	96	NURSING   JOURNAL OF FORENSIC NURSING	1556-3693
NURSING	C级	97	NURSING	0029-6465
NURSING	C级	98	NURSING	0080-6234
NURSING	C级	99	NURSING	1742-7932
NURSING	C级	100	NURSING   NEPHROLOGY NURSING JOURNAL	1526-744X
NURSING	C级	101	NURSING	2005-3673
NURSING	C级	102	NURSING   NURSING SCIENCE QUARTERLY	0894-3184
NURSING	C级	103	NURSING   ACTA PAULISTA DE ENFERMAGEM	0103-2100
NURSING	C级	104	NURSING	1541-6577
NURSING	C级	105	NURSING	1555-4155
NURSING	C级	106	NURSING	1088-4602
NURSING	C级	107	NURSING	0899-5885
NURSING	C级	108	NURSING   ORTHOPAEDIC NURSING	0744-6020
NURSING	C级	109	NURSING	0813-0531
NURSING	C级	109	NURSING	2168-023X
NURSING	C级	109	NURSING	0737-0016
NURSING	C级	112	NURSING	1592-5986
NURSING	C级	113	NURSING      PFLEGE	1012-5302
NURSING	C级	114	NURSING      NURSING HISTORY REVIEW	1062-8061
PLANNING & DEVELOPMENT	A级	1	RESEARCH POLICY	0048-7333
PLANNING & DEVELOPMENT	A级	2	JOURNAL OF PEASANT STUDIES	0306-6150
PLANNING & DEVELOPMENT	A级	3	PROGRESS IN PLANNING	0305-9006
PLANNING & DEVELOPMENT	B级	4	WORLD DEVELOPMENT	0305-750X
PLANNING & DEVELOPMENT	B级	6	JOURNAL OF RURAL STUDIES	0743-0167
PLANNING & DEVELOPMENT	B级	7	JOURNAL OF AGRARIAN CHANGE	1471-0358
PLANNING & DEVELOPMENT	B级	8	HABITAT INTERNATIONAL	0197-3975
PLANNING & DEVELOPMENT	B级	9	URBAN AND REGIONAL	0309-1317
PLANNING & DEVELOPMENT	B级	11	SUSTAINABLE DEVELOPMENT	0968-0802
PLANNING & DEVELOPMENT	B级	13	PLANNING THEORY	1473-0952
PLANNING & DEVELOPMENT	B级	15	FUTURES	0016-3287
PLANNING & DEVELOPMENT	B级	17	POLICY SCIENCES	0032-2687
PLANNING & DEVELOPMENT	B级	18	JOURNAL OF REGIONAL SCIENCE	0022-4146
PLANNING & DEVELOPMENT	B级	20	SCIENCE AND PUBLIC POLICY	0302-3427
PLANNING & DEVELOPMENT	B级	21	SOCIETY & NATURAL RESOURCES	0894-1920
PLANNING & DEVELOPMENT	B级	22	WORLD BANK ECONOMIC REVIEW	0258-6770
PLANNING & DEVELOPMENT	B级	23	DEVELOPMENT AND CHANGE	0012-155X
PLANNING & DEVELOPMENT	B级	25	EUROPEAN PLANNING STUDIES	0965-4313
PLANNING & DEVELOPMENT	B级	26	HOUSING POLICY DEBATE	1051-1482
PLANNING & DEVELOPMENT	B级	27	DISASTERS	0361-3666
PLANNING & DEVELOPMENT	B级	29	THIRD WORLD QUARTERLY	0143-6597
PLANNING & DEVELOPMENT	B级	33	REVUE AFRICAINE DE	1017-6772
PLANNING & DEVELOPMENT	B级	35	LOCAL GOVERNMENT STUDIES	0300-3930
PLANNING & DEVELOPMENT	B级	38	GROWTH AND CHANGE	0017-4815
PLANNING & DEVELOPMENT	C级	42	DEVELOPMENT AND	1945-2829
PLANNING & DEVELOPMENT	C级	44	DEVELOPMENT POLICY REVIEW	0950-6764
PLANNING & DEVELOPMENT	C级	50	DEVELOPING ECONOMIES	0012-1533
PLANNING & DEVELOPMENT	C级	53	DISP	0251-3625
POLITICAL SCIENCE	A级	1	POLITICAL   SCIENCE   WORLD POLITICS	0043-8871
POLITICAL SCIENCE	A级	2	POLITICAL   SCIENCE   INTERNATIONAL ORGANIZATION	0020-8183
POLITICAL SCIENCE	A级	3	POLITICAL   SCIENCE   POLITICAL ANALYSIS	1047-1987
POLITICAL SCIENCE	A级	4	POLITICAL   SCIENCE	0003-0554
POLITICAL SCIENCE	A级	5	POLITICAL   SCIENCE	0007-1234
POLITICAL SCIENCE	A级	6	POLITICAL   SCIENCE   PERSPECTIVES ON POLITICS	1537-5927
POLITICAL SCIENCE	A级	7	POLITICAL   SCIENCE	1350-1763
POLITICAL SCIENCE	A级	8	POLITICAL   SCIENCE   PUBLIC ADMINISTRATION	0033-3298
POLITICAL SCIENCE	A级	9	POLITICAL   SCIENCE	0022-0027
POLITICAL SCIENCE	A级	10	POLITICAL   SCIENCE   REGULATION & GOVERNANCE	1748-5983
POLITICAL SCIENCE	A级	11	POLITICAL   SCIENCE	0304-4130
POLITICAL SCIENCE	B级	12	POLITICAL   SCIENCE	1094-2939
POLITICAL SCIENCE	B级	13	POLITICAL   SCIENCE   POLITICAL PSYCHOLOGY	0162-895X
POLITICAL SCIENCE	B级	14	POLITICAL   SCIENCE   SOCIO-ECONOMIC REVIEW	1475-1461
POLITICAL SCIENCE	B级	15	POLITICAL   SCIENCE	0952-1895
POLITICAL SCIENCE	B级	16	POLITICAL   SCIENCE   AFRICAN AFFAIRS	0001-9909
POLITICAL SCIENCE	B级	17	POLITICAL   SCIENCE   WEST EUROPEAN POLITICS	0140-2382
POLITICAL SCIENCE	B级	18	POLITICAL   SCIENCE	0010-4140
POLITICAL SCIENCE	B级	19	POLITICAL   SCIENCE   POLITICAL COMMUNICATION	1058-4609
POLITICAL SCIENCE	B级	20	POLITICAL   SCIENCE	1559-7431
POLITICAL SCIENCE	B级	21	POLITICAL   SCIENCE   POLITICAL GEOGRAPHY	0962-6298
POLITICAL SCIENCE	B级	22	POLITICAL   SCIENCE   JOURNAL OF PEACE RESEARCH	0022-3433
POLITICAL SCIENCE	B级	23	POLITICAL   SCIENCE   POST-SOVIET AFFAIRS	1060-586X
POLITICAL SCIENCE	B级	24	POLITICAL   SCIENCE	0021-9886
POLITICAL SCIENCE	B级	25	POLITICAL   SCIENCE	0963-8016
POLITICAL SCIENCE	B级	26	POLITICAL   SCIENCE   PHILOSOPHY & PUBLIC AFFAIRS	0048-3915
POLITICAL SCIENCE	B级	27	POLITICAL   SCIENCE   INTERNATIONAL THEORY	1752-9719
POLITICAL SCIENCE	B级	28	POLITICAL   SCIENCE   POLICY STUDIES JOURNAL	0190-292X
POLITICAL SCIENCE	B级	29	POLITICAL   SCIENCE   POLITICAL BEHAVIOR	0190-9320
POLITICAL SCIENCE	B级	30	POLITICAL   SCIENCE   ACADEMY OF POLITICAL AND	0002-7162
POLITICAL SCIENCE	B级	31	POLITICAL   SCIENCE   POLITICS & GENDER	1743-923X
POLITICAL SCIENCE	B级	32	POLITICAL   SCIENCE   EUROPEAN UNION POLITICS	1465-1165
POLITICAL SCIENCE	B级	33	POLITICAL   SCIENCE	1526-3800
POLITICAL SCIENCE	B级	34	POLITICAL   SCIENCE	1360-8746
POLITICAL SCIENCE	B级	35	POLITICAL   SCIENCE	1749-5679
POLITICAL SCIENCE	B级	36	POLITICAL   SCIENCE   POLICY AND POLITICS	0305-5736
POLITICAL SCIENCE	B级	37	POLITICAL   SCIENCE   JOURNAL OF POLITICS	0022-3816
POLITICAL SCIENCE	B级	38	POLITICAL   SCIENCE	0020-8833
POLITICAL SCIENCE	B级	39	POLITICAL   SCIENCE   ENVIRONMENTAL POLITICS	0964-4016
POLITICAL SCIENCE	B级	40	POLITICAL   SCIENCE   PARTY POLITICS	1354-0688
POLITICAL SCIENCE	B级	41	POLITICAL   SCIENCE	1554-0626
POLITICAL SCIENCE	B级	42	POLITICAL   SCIENCE   JOURNAL OF PUBLIC POLICY	0143-814X
POLITICAL SCIENCE	B级	43	POLITICAL   SCIENCE   NEW LEFT REVIEW	0028-6060
POLITICAL SCIENCE	B级	44	POLITICAL   SCIENCE	1752-7716
POLITICAL SCIENCE	B级	45	POLITICAL   SCIENCE	1755-7739
POLITICAL SCIENCE	B级	46	POLITICAL   SCIENCE	0703-6337
POLITICAL SCIENCE	B级	47	POLITICAL   SCIENCE   NEW POLITICAL ECONOMY	1356-3467
POLITICAL SCIENCE	B级	48	POLITICAL   SCIENCE   POLITICS & SOCIETY	0032-3292
POLITICAL SCIENCE	B级	49	POLITICAL   SCIENCE   ENVIRONMENTAL AGREEMENTS-	1567-9764
POLITICAL SCIENCE	B级	50	POLITICAL   SCIENCE	0954-6553
POLITICAL SCIENCE	B级	51	POLITICAL   SCIENCE   JOURNAL OF DEMOCRACY	1045-5736
POLITICAL SCIENCE	B级	52	POLITICAL   SCIENCE	0192-5121
POLITICAL SCIENCE	B级	53	POLITICAL   SCIENCE   DEMOCRATIZATION	1351-0347
POLITICAL SCIENCE	B级	54	POLITICAL   SCIENCE   REVIEW OF POLICY RESEARCH	1541-132X
POLITICAL SCIENCE	B级	55	POLITICAL   SCIENCE   ACTA POLITICA	0001-6810
POLITICAL SCIENCE	B级	56	POLITICAL   SCIENCE	1472-4790
POLITICAL SCIENCE	B级	57	POLITICAL   SCIENCE	1940-1612
POLITICAL SCIENCE	B级	58	POLITICAL   SCIENCE	0048-5950
POLITICAL SCIENCE	B级	59	POLITICAL   SCIENCE   COMPARATIVE POLITICS	0010-4159
POLITICAL SCIENCE	B级	60	POLITICAL   SCIENCE	1369-1481
POLITICAL SCIENCE	B级	61	POLITICAL   SCIENCE   COOPERATION AND CONFLICT	0010-8367
POLITICAL SCIENCE	B级	62	POLITICAL   SCIENCE   PUBLIC OPINION QUARTERLY	0033-362X
POLITICAL SCIENCE	B级	63	POLITICAL   SCIENCE   ELECTORAL STUDIES	0261-3794
POLITICAL SCIENCE	B级	64	POLITICAL   SCIENCE   SOCIAL MOVEMENT STUDIES	1474-2837
POLITICAL SCIENCE	B级	65	POLITICAL   SCIENCE	1408-6980
POLITICAL SCIENCE	B级	66	POLITICAL   SCIENCE   EUROPEAN POLITICAL SCIENCE	1680-4333
POLITICAL SCIENCE	B级	67	POLITICAL   SCIENCE   POLITICS	0263-3957
POLITICAL SCIENCE	B级	68	POLITICAL   SCIENCE   INTERNATIONAL STUDIES REVIEW	1521-9488
POLITICAL SCIENCE	B级	69	POLITICAL   SCIENCE   JOURNAL OF STRATEGIC STUDIES	0140-2390
POLITICAL SCIENCE	B级	70	POLITICAL   SCIENCE	1461-6742
POLITICAL SCIENCE	B级	71	POLITICAL   SCIENCE   PARLIAMENTARY AFFAIRS	0031-2290
POLITICAL SCIENCE	B级	72	POLITICAL   SCIENCE   JOURNAL OF HUMAN RIGHTS	1475-4835
POLITICAL SCIENCE	B级	73	POLITICAL   SCIENCE   POLITICAL STUDIES	0032-3217
POLITICAL SCIENCE	B级	74	POLITICAL   SCIENCE   MEDITERRANEAN POLITICS	1362-9395
POLITICAL SCIENCE	B级	75	POLITICAL   SCIENCE   POLICY AND SOCIETY	1449-4035
POLITICAL SCIENCE	B级	76	POLITICAL   SCIENCE	0362-9805
POLITICAL SCIENCE	B级	77	POLITICAL   SCIENCE   GEOPOLITICS	1465-0045
POLITICAL SCIENCE	B级	78	POLITICAL   SCIENCE	0176-2680
POLITICAL SCIENCE	B级	79	POLITICAL   SCIENCE	1057-610X
POLITICAL SCIENCE	B级	80	POLITICAL   SCIENCE   SURVIVAL	0039-6338
POLITICAL SCIENCE	B级	81	POLITICAL   SCIENCE	1065-9129
POLITICAL SCIENCE	B级	82	POLITICAL   SCIENCE	1531-426X
POLITICAL SCIENCE	B级	83	POLITICAL   SCIENCE   ARMED FORCES & SOCIETY	0095-327X
POLITICAL SCIENCE	B级	84	POLITICAL   SCIENCE	0039-3606
POLITICAL SCIENCE	B级	85	POLITICAL   SCIENCE   PS-POLITICAL SCIENCE & POLITICS	1049-0965
POLITICAL SCIENCE	B级	86	POLITICAL   SCIENCE   LOCAL GOVERNMENT STUDIES	0300-3930
POLITICAL SCIENCE	B级	87	POLITICAL   SCIENCE   CITIZENSHIP STUDIES	1362-1025
POLITICAL SCIENCE	B级	88	POLITICAL   SCIENCE	0305-6244
POLITICAL SCIENCE	B级	89	POLITICAL   SCIENCE	0955-7571
POLITICAL SCIENCE	B级	90	POLITICAL   SCIENCE   AMERICAN POLITICS RESEARCH	1532-673X
POLITICAL SCIENCE	B级	91	POLITICAL   SCIENCE	1470-594X
POLITICAL SCIENCE	B级	92	POLITICAL   SCIENCE   GLOBAL POLICY	1758-5880
POLITICAL SCIENCE	B级	93	POLITICAL   SCIENCE   GOVERNMENT AND OPPOSITION	0017-257X
POLITICAL SCIENCE	B级	94	POLITICAL   SCIENCE   SOCIAL SCIENCE QUARTERLY	0038-4941
POLITICAL SCIENCE	B级	95	POLITICAL   SCIENCE	1424-7755
POLITICAL SCIENCE	B级	96	POLITICAL   SCIENCE   INTERNATIONAL POLITICS	1384-5748
POLITICAL SCIENCE	B级	97	POLITICAL   SCIENCE   GERMAN POLITICS	0964-4008
POLITICAL SCIENCE	B级	98	POLITICAL   SCIENCE   PUBLIC CHOICE	0048-5829
POLITICAL SCIENCE	B级	99	POLITICAL   SCIENCE   PROBLEMS OF POST-COMMUNISM	1075-8216
POLITICAL SCIENCE	B级	100	POLITICAL   SCIENCE   POLITICAL THEORY	0090-5917
POLITICAL SCIENCE	B级	101	POLITICAL   SCIENCE   ECONOMICS & POLITICS	0954-1985
POLITICAL SCIENCE	B级	102	POLITICAL   SCIENCE   EUROPE-ASIA STUDIES	0966-8136
POLITICAL SCIENCE	B级	103	POLITICAL   SCIENCE   NEW REPUBLIC	0028-6583
POLITICAL SCIENCE	B级	104	POLITICAL   SCIENCE   CRITICAL REVIEW	0891-3811
POLITICAL SCIENCE	B级	105	POLITICAL   SCIENCE	1581-5374
POLITICAL SCIENCE	B级	106	POLITICAL   SCIENCE   POLITICAL SCIENCE QUARTERLY	0032-3195
POLITICAL SCIENCE	B级	107	POLITICAL   SCIENCE	1036-1146
POLITICAL SCIENCE	B级	108	POLITICAL   SCIENCE	0129-797X
POLITICAL SCIENCE	B级	109	POLITICAL   SCIENCE	0892-6794
POLITICAL SCIENCE	B级	110	POLITICAL   SCIENCE	0080-6757
POLITICAL SCIENCE	B级	111	POLITICAL   SCIENCE	0036-9292
POLITICAL SCIENCE	B级	112	POLITICAL   SCIENCE   HUMAN RIGHTS QUARTERLY	0275-0392
POLITICAL SCIENCE	B级	113	POLITICAL   SCIENCE	0951-6298
POLITICAL SCIENCE	B级	114	POLITICAL   SCIENCE	1532-4400
POLITICAL SCIENCE	C级	115	POLITICAL   SCIENCE   POLITICAL STUDIES REVIEW	1478-9299
POLITICAL SCIENCE	C级	116	POLITICAL   SCIENCE	0967-067X
POLITICAL SCIENCE	C级	117	POLITICAL   SCIENCE	1470-8914
POLITICAL SCIENCE	C级	118	POLITICAL   SCIENCE   POLITICKA EKONOMIE	0032-3233
POLITICAL SCIENCE	C级	119	POLITICAL   SCIENCE   POLITICAL SCIENCE	0032-3187
POLITICAL SCIENCE	C级	120	POLITICAL   SCIENCE   NATIONS AND NATIONALISM	1354-5078
POLITICAL SCIENCE	C级	121	POLITICAL   SCIENCE   CONTEMPORARY POLITICS	1356-9775
POLITICAL SCIENCE	C级	122	POLITICAL   SCIENCE	0898-588X
POLITICAL SCIENCE	C级	123	POLITICAL   SCIENCE   POLITICAL QUARTERLY	0032-3179
POLITICAL SCIENCE	C级	124	POLITICAL   SCIENCE   BRITISH POLITICS	1746-918X
POLITICAL SCIENCE	C级	125	POLITICAL   SCIENCE   POLITIKON	0258-9346
POLITICAL SCIENCE	C级	126	POLITICAL   SCIENCE   INDEPENDENT SOCIALIST	0027-0520
POLITICAL SCIENCE	C级	127	POLITICAL   SCIENCE   POLITICS AND RELIGION	1755-0483
POLITICAL SCIENCE	C级	128	POLITICAL   SCIENCE	0156-5826
POLITICAL SCIENCE	C级	129	POLITICAL   SCIENCE   LATIN AMERICAN PERSPECTIVES	0094-582X
POLITICAL SCIENCE	C级	130	POLITICAL   SCIENCE	1582-456X
POLITICAL SCIENCE	C级	131	POLITICAL   SCIENCE   IRISH POLITICAL STUDIES	0790-7184
POLITICAL SCIENCE	C级	132	POLITICAL   SCIENCE	0008-4239
POLITICAL SCIENCE	C级	133	POLITICAL   SCIENCE	0888-3254
POLITICAL SCIENCE	C级	134	POLITICAL   SCIENCE   RESEARCH IN CONTEMPORARY	2194-6183
POLITICAL SCIENCE	C级	135	POLITICAL   SCIENCE   REVISTA DE CIENCIA POLITICA	0718-090X
POLITICAL SCIENCE	C级	136	POLITICAL   SCIENCE   ETHICS & GLOBAL POLITICS	1654-4951
POLITICAL SCIENCE	C级	137	POLITICAL   SCIENCE	1554-477X
POLITICAL SCIENCE	C级	138	POLITICAL   SCIENCE   JOURNAL OF POLICY HISTORY	0898-0306
POLITICAL SCIENCE	C级	139	POLITICAL   SCIENCE   DISSENT	0012-3846
POLITICAL SCIENCE	C级	140	POLITICAL   SCIENCE   EUROPEAN HISTORY QUARTERLY	0265-6914
POLITICAL SCIENCE	C级	141	POLITICAL   SCIENCE	1468-1099
POLITICAL SCIENCE	C级	142	POLITICAL   SCIENCE	0115-4451
POLITICAL SCIENCE	C级	143	POLITICAL   SCIENCE	0034-7329
POLITICAL SCIENCE	C级	144	POLITICAL   SCIENCE   POLITY	0032-3497
POLITICAL SCIENCE	C级	145	POLITICAL   SCIENCE   CURRENT HISTORY	0011-3530
POLITICAL SCIENCE	C级	146	POLITICAL   SCIENCE   RESEARCH IN CRITICAL MARXIST	1465-4466
POLITICAL SCIENCE	C级	147	POLITICAL   SCIENCE	1864-1385
POLITICAL SCIENCE	C级	148	POLITICAL   SCIENCE   REVISTA DE ESTUDIOS POLITICOS	0048-7694
POLITICAL SCIENCE	C级	149	POLITICAL   SCIENCE   HISTORIA Y POLITICA	1575-0361
POLITICAL SCIENCE	C级	150	POLITICAL   SCIENCE	1615-5548
POLITICAL SCIENCE	C级	151	POLITICAL   SCIENCE   POLITICA Y GOBIERNO	1665-2037
POLITICAL SCIENCE	C级	152	POLITICAL   SCIENCE   OSTEUROPA	0030-6428
POLITICAL SCIENCE	C级	153	POLITICAL   SCIENCE   REVUE D ECONOMIE POLITIQUE	0373-2630
POLITICAL SCIENCE	C级	154	POLITICAL   SCIENCE   INDEPENDENT REVIEW	1086-1653
POLITICAL SCIENCE	C级	155	POLITICAL   SCIENCE   JOURNAL OF COLD WAR STUDIES	1520-3972
POLITICAL SCIENCE	C级	156	POLITICAL   SCIENCE   POLITIX	0295-2319
POLITICAL SCIENCE	C级	157	POLITICAL   SCIENCE	0004-9522
POLITICAL SCIENCE	C级	158	POLITICAL   SCIENCE	1315-2378
POLITICAL SCIENCE	C级	159	POLITICAL   SCIENCE	0032-3470
POLITICAL SCIENCE	C级	160	POLITICAL   SCIENCE	2313-5433
POLITICAL SCIENCE	C级	161	POLITICAL   SCIENCE   TELOS	0090-6514
POLITICAL SCIENCE	C级	162	POLITICAL   SCIENCE   INTERNASJONAL POLITIKK	0020-577X
POLITICAL SCIENCE	C级	163	POLITICAL   SCIENCE   POLICY REVIEW	0146-5945
PSYCHIATRY	A级	1	PSYCHIATRY         WORLD PSYCHIATRY	1723-8617
PSYCHIATRY	A级	2	PSYCHIATRY         JAMA PSYCHIATRY	2168-622X
PSYCHIATRY	A级	3	PSYCHIATRY	0002-953X
PSYCHIATRY	A级	4	PSYCHIATRY         LANCET PSYCHIATRY	2215-0374
PSYCHIATRY	A级	5	PSYCHIATRY	0033-3190
PSYCHIATRY	A级	6	PSYCHIATRY   SCHIZOPHRENIA BULLETIN	0586-7614
PSYCHIATRY	A级	7	PSYCHIATRY	0001-690X
PSYCHIATRY	A级	8	PSYCHIATRY   ACADEMY OF CHILD AND	0890-8567
PSYCHIATRY	A级	9	PSYCHIATRY	0007-1250
PSYCHIATRY	A级	10	PSYCHIATRY	0021-9630
PSYCHIATRY	A级	11	PSYCHIATRY   ADDICTION	0965-2140
PSYCHIATRY	B级	12	PSYCHIATRY	0160-6689
PSYCHIATRY	B级	13	PSYCHIATRY   PSYCHOLOGICAL MEDICINE	0033-2917
PSYCHIATRY	B级	14	PSYCHIATRY	1180-4882
PSYCHIATRY	B级	15	PSYCHIATRY   DEPRESSION AND ANXIETY	1091-4269
PSYCHIATRY	B级	16	PSYCHIATRY	2045-7960
PSYCHIATRY	B级	17	PSYCHIATRY	0022-3956
PSYCHIATRY	B级	18	PSYCHIATRY	2062-5871
PSYCHIATRY	B级	19	PSYCHIATRY	0004-8674
PSYCHIATRY	B级	20	PSYCHIATRY	0951-7367
PSYCHIATRY	B级	21	PSYCHIATRY   SCHIZOPHRENIA RESEARCH	0920-9964
PSYCHIATRY	B级	22	PSYCHIATRY   PSYCHOSOMATIC MEDICINE	0033-3174
PSYCHIATRY	B级	23	PSYCHIATRY   CURRENT PSYCHIATRY REPORTS	1523-3812
PSYCHIATRY	B级	24	PSYCHIATRY	0276-3478
PSYCHIATRY	B级	25	PSYCHIATRY   FRONTIERS IN PSYCHIATRY	1664-0640
PSYCHIATRY	B级	26	PSYCHIATRY	0165-0327
PSYCHIATRY	B级	27	PSYCHIATRY   PSYCHIATRY-REVUE	0706-7437
PSYCHIATRY	B级	28	PSYCHIATRY	1087-0547
PSYCHIATRY	B级	29	PSYCHIATRY	1018-8827
PSYCHIATRY	B级	30	PSYCHIATRY	2000-8066
PSYCHIATRY	B级	31	PSYCHIATRY	0363-0234
PSYCHIATRY	B级	32	PSYCHIATRY	0376-8716
PSYCHIATRY	B级	33	PSYCHIATRY   METHODS IN PSYCHIATRIC	1049-8931
PSYCHIATRY	B级	34	PSYCHIATRY	0885-579X
PSYCHIATRY	B级	35	PSYCHIATRY   EUROPEAN PSYCHIATRY	0924-9338
PSYCHIATRY	B级	36	PSYCHIATRY   JOURNAL OF ANXIETY DISORDERS	0887-6185
PSYCHIATRY	B级	37	PSYCHIATRY	0885-6230
PSYCHIATRY	B级	38	PSYCHIATRY   MINDFULNESS	1868-8527
PSYCHIATRY	B级	39	PSYCHIATRY	1067-3229
PSYCHIATRY	B级	40	PSYCHIATRY   BODY IMAGE	1740-1445
PSYCHIATRY	B级	41	PSYCHIATRY	0933-7954
PSYCHIATRY	B级	42	PSYCHIATRY	1064-7481
PSYCHIATRY	B级	43	PSYCHIATRY	0022-3999
PSYCHIATRY	B级	44	PSYCHIATRY   AGING & MENTAL HEALTH	1360-7863
PSYCHIATRY	B级	45	PSYCHIATRY   EUROPEAN ADDICTION RESEARCH	1022-6877
PSYCHIATRY	B级	46	PSYCHIATRY   PSYCHIATRY RESEARCH	0165-1781
PSYCHIATRY	B级	47	PSYCHIATRY	0005-7916
PSYCHIATRY	B级	48	PSYCHIATRY   PSYCHIATRIC CLINICS OF NORTH	1056-4993
PSYCHIATRY	B级	49	PSYCHIATRY   JOURNAL OF ECT	1095-0680
PSYCHIATRY	B级	50	PSYCHIATRY	1751-7885
PSYCHIATRY	B级	51	PSYCHIATRY	0033-2747
PSYCHIATRY	B级	52	PSYCHIATRY   BEHAVIORAL MEDICINE	0896-4289
PSYCHIATRY	B级	53	PSYCHIATRY   TRANSCULTURAL PSYCHIATRY	1363-4615
PSYCHIATRY	B级	54	PSYCHIATRY   GENERAL HOSPITAL PSYCHIATRY	0163-8343
PSYCHIATRY	B级	55	PSYCHIATRY   EATING BEHAVIORS	1471-0153
PSYCHIATRY	B级	56	PSYCHIATRY   JOURNAL OF TRAUMATIC STRESS	0894-9867
PSYCHIATRY	B级	57	PSYCHIATRY	0954-0261
PSYCHIATRY	B级	58	PSYCHIATRY	1888-9891
PSYCHIATRY	B级	59	PSYCHIATRY	1755-2966
PSYCHIATRY	B级	60	PSYCHIATRY   COMPREHENSIVE PSYCHIATRY	0010-440X
PSYCHIATRY	B级	61	PSYCHIATRY	0193-953X
PSYCHIATRY	B级	62	PSYCHIATRY   STRESS AND HEALTH	1532-3005
PSYCHIATRY	B级	63	PSYCHIATRY	1516-4446
PSYCHIATRY	B级	64	PSYCHIATRY   ANXIETY STRESS AND COPING	1061-5806
PSYCHIATRY	B级	65	PSYCHIATRY	0009-398X
PSYCHIATRY	B级	66	PSYCHIATRY   ARCHIVES OF SUICIDE RESEARCH	1381-1118
PSYCHIATRY	B级	67	PSYCHIATRY	1445-8330
PSYCHIATRY	B级	68	PSYCHIATRY	0022-3018
PSYCHIATRY	B级	69	PSYCHIATRY	1040-1237
PSYCHIATRY	B级	70	PSYCHIATRY	1529-9732
PSYCHIATRY	B级	71	PSYCHIATRY	1752-4458
PSYCHIATRY	B级	72	PSYCHIATRY   COMPULSIVE AND RELATED	2211-3649
PSYCHIATRY	B级	73	PSYCHIATRY   PSYCHOTHERAPY-THEORY	1476-0835
PSYCHIATRY	B级	74	PSYCHIATRY   PSYCHOPATHOLOGY	0254-4962
PSYCHIATRY	B级	75	PSYCHIATRY	1475-357X
PSYCHIATRY	B级	76	PSYCHIATRY   THEORY RESEARCH PRACTICE	1942-9681
PSYCHIATRY	B级	77	PSYCHIATRY	0957-9664
PSYCHIATRY	B级	78	PSYCHIATRY   PSYCHIATRY AND MENTAL	1753-2000
PSYCHIATRY	B级	79	PSYCHIATRY	1750-9467
PSYCHIATRY	B级	80	PSYCHIATRY   PSYCHIATRIC QUARTERLY	0033-2720
PSYCHIATRY	B级	81	PSYCHIATRY   JOURNAL OF DUAL DIAGNOSIS	1550-4263
PSYCHIATRY	B级	82	PSYCHIATRY   INTERVENTION AND SUICIDE	0227-5910
PSYCHIATRY	B级	83	PSYCHIATRY   PSYCHOSOMATICS	0033-3182
PSYCHIATRY	B级	84	PSYCHIATRY   NORDIC JOURNAL OF PSYCHIATRY	0803-9488
PSYCHIATRY	B级	84	PSYCHIATRY   PSYCHIATRY INVESTIGATION	1738-3684
PSYCHIATRY	B级	86	PSYCHIATRY	1744-859X
PSYCHIATRY	B级	87	PSYCHIATRY   ACADEMIC PSYCHIATRY	1042-9670
PSYCHIATRY	B级	88	PSYCHIATRY	1932-8621
PSYCHIATRY	B级	89	PSYCHIATRY	1062-1024
PSYCHIATRY	B级	90	PSYCHIATRY	0020-7640
PSYCHIATRY	B级	91	PSYCHIATRY	1937-1209
PSYCHIATRY	B级	92	PSYCHIATRY	1499-9013
PSYCHIATRY	B级	93	PSYCHIATRY   COGNITIVE NEUROPSYCHIATRY	1354-6805
PSYCHIATRY	B级	94	PSYCHIATRY   PSYCHIATRISCHE PRAXIS	0303-4259
PSYCHIATRY	B级	95	PSYCHIATRY   PSYCHIATRIA DANUBINA	0353-5053
PSYCHIATRY	B级	96	PSYCHIATRY   ACADEMY OF PSYCHIATRY AND	1093-6793
PSYCHIATRY	B级	97	PSYCHIATRY	0160-2527
PSYCHIATRY	C级	98	PSYCHIATRY	0883-9417
PSYCHIATRY	C级	99	PSYCHIATRY	1557-1874
PSYCHIATRY	C级	100	PSYCHIATRY	0010-3853
PSYCHIATRY	C级	101	PSYCHIATRY	1359-1045
PSYCHIATRY	C级	102	PSYCHIATRY	1351-0126
PSYCHIATRY	C级	103	PSYCHIATRY	0031-5990
PSYCHIATRY	C级	104	PSYCHIATRY   EATING DISORDERS	1064-0266
PSYCHIATRY	C级	105	PSYCHIATRY   JUGENDPSYCHIATRIE UND	1422-4917
PSYCHIATRY	C级	106	PSYCHIATRY	1095-158X
PSYCHIATRY	C级	107	PSYCHIATRY	0165-005X
PSYCHIATRY	C级	108	PSYCHIATRY	1478-9949
PSYCHIATRY	C级	108	PSYCHIATRY	1091-4358
PSYCHIATRY	C级	110	PSYCHIATRY   ASIA-PACIFIC PSYCHIATRY	1758-5864
PSYCHIATRY	C级	111	PSYCHIATRY	0091-2174
PSYCHIATRY	C级	112	PSYCHIATRY   SOCIAL AND INTEGRATIVE	1752-2439
PSYCHIATRY	C级	113	PSYCHIATRY	0025-9284
PSYCHIATRY	C级	114	PSYCHIATRY	0161-2840
PSYCHIATRY	C级	115	PSYCHIATRY   AUSTRALASIAN PSYCHIATRY	1039-8562
PSYCHIATRY	C级	116	PSYCHIATRY   CLINICAL AND EXPERIMENTAL	0020-7144
PSYCHIATRY	C级	117	PSYCHIATRY   INDIAN JOURNAL OF PSYCHIATRY	0019-5545
PSYCHIATRY	C级	118	PSYCHIATRY   PSYCHIATRIC NURSES	1078-3903
PSYCHIATRY	C级	119	PSYCHIATRY	1462-3730
PSYCHIATRY	C级	120	PSYCHIATRY	1321-8719
PSYCHIATRY	C级	121	PSYCHIATRY   RIVISTA DI PSICHIATRIA	0035-6484
PSYCHIATRY	C级	122	PSYCHIATRY	0333-7308
PSYCHIATRY	C级	123	PSYCHIATRY   CLINICAL GERONTOLOGIST	0731-7115
PSYCHIATRY	C级	124	PSYCHIATRY   RESEARCH IN INTELLECTUAL	1931-5864
PSYCHIATRY	C级	125	PSYCHIATRY	1092-6771
PSYCHIATRY	C级	126	PSYCHIATRY   CLINICAL CASE STUDIES	1534-6501
PSYCHIATRY	C级	127	PSYCHIATRY   TURK PSIKIYATRI DERGISI	1300-2163
PSYCHIATRY	C级	128	PSYCHIATRY	2043-8087
PSYCHIATRY	C级	129	PSYCHIATRY         RECHT & PSYCHIATRIE	0724-2247
PSYCHIATRY	C级	130	PSYCHIATRY	0213-6163
PSYCHIATRY	C级	131	PSYCHIATRY	0010-7530
PSYCHIATRY	C级	132	PSYCHIATRY	0003-0651
PSYCHIATRY	C级	133	PSYCHIATRY         SALUD MENTAL	0185-3325
PSYCHIATRY	C级	134	PSYCHIATRY         EVOLUTION PSYCHIATRIQUE	0014-3855
PSYCHIATRY	C级	135	PSYCHIATRY         HISTORY OF PSYCHIATRY	0957-154X
PSYCHIATRY	C级	136	PSYCHIATRY         PSYCHIATRIC ANNALS	0048-5713
PSYCHIATRY	C级	137	PSYCHIATRY         KINDERPSYCHOLOGIE UND	0032-7034
PSYCHIATRY	C级	138	PSYCHIATRY	1608-9685
PSYCHIATRY	C级	139	PSYCHIATRY         PSYCHIATRIE DE L ENFANT	0079-726X
PSYCHOLOGY   APPLIED	A级	1	PSYCHOLOGY   APPLIED	1094-4281
PSYCHOLOGY   APPLIED	A级	2	PSYCHOLOGY   APPLIED   PERSONNEL PSYCHOLOGY	0031-5826
PSYCHOLOGY   APPLIED	A级	3	PSYCHOLOGY   APPLIED	0021-9010
PSYCHOLOGY   APPLIED	A级	4	PSYCHOLOGY   APPLIED	0894-3796
PSYCHOLOGY   APPLIED	A级	5	PSYCHOLOGY   APPLIED	0001-8791
PSYCHOLOGY   APPLIED	B级	6	PSYCHOLOGY   APPLIED   WORK AND STRESS	0267-8373
PSYCHOLOGY   APPLIED	B级	7	PSYCHOLOGY   APPLIED	1057-7408
PSYCHOLOGY   APPLIED	B级	8	PSYCHOLOGY   APPLIED	0963-1798
PSYCHOLOGY   APPLIED	B级	9	PSYCHOLOGY   APPLIED   MEDIA PSYCHOLOGY	1521-3269
PSYCHOLOGY   APPLIED	B级	10	PSYCHOLOGY   APPLIED   LEADERSHIP QUARTERLY	1048-9843
PSYCHOLOGY   APPLIED	B级	11	PSYCHOLOGY   APPLIED   SPORT AND EXERCISE	1750-984X
PSYCHOLOGY   APPLIED	B级	12	PSYCHOLOGY   APPLIED	1469-0292
PSYCHOLOGY   APPLIED	B级	13	PSYCHOLOGY   APPLIED	1758-0846
PSYCHOLOGY   APPLIED	B级	14	PSYCHOLOGY   APPLIED	0889-3268
PSYCHOLOGY   APPLIED	B级	15	PSYCHOLOGY   APPLIED	1076-8998
PSYCHOLOGY   APPLIED	B级	16	PSYCHOLOGY   APPLIED	0191-3085
PSYCHOLOGY   APPLIED	B级	17	PSYCHOLOGY   APPLIED	0022-0167
PSYCHOLOGY   APPLIED	B级	18	PSYCHOLOGY   APPLIED   AND HUMAN DECISION	0749-5978
PSYCHOLOGY   APPLIED	B级	19	PSYCHOLOGY   APPLIED	0895-2779
PSYCHOLOGY   APPLIED	B级	20	PSYCHOLOGY   APPLIED	1044-8004
PSYCHOLOGY   APPLIED	B级	21	PSYCHOLOGY   APPLIED	1015-5759
PSYCHOLOGY   APPLIED	B级	22	PSYCHOLOGY   APPLIED   AND ORGANIZATIONAL	1359-432X
PSYCHOLOGY   APPLIED	B级	23	PSYCHOLOGY   APPLIED	2041-3866
PSYCHOLOGY   APPLIED	B级	24	PSYCHOLOGY   APPLIED   HUMAN FACTORS	0018-7208
PSYCHOLOGY   APPLIED	B级	25	PSYCHOLOGY   APPLIED	1076-898X
PSYCHOLOGY   APPLIED	B级	26	PSYCHOLOGY   APPLIED   STRESS AND HEALTH	1532-3005
PSYCHOLOGY   APPLIED	B级	27	PSYCHOLOGY   APPLIED   PSYCHOLOGY & MARKETING	0742-6046
PSYCHOLOGY   APPLIED	B级	28	PSYCHOLOGY   APPLIED	0886-2605
PSYCHOLOGY   APPLIED	B级	29	PSYCHOLOGY   APPLIED	2157-3905
PSYCHOLOGY   APPLIED	B级	30	PSYCHOLOGY   APPLIED   APPLIED ERGONOMICS	0003-6870
PSYCHOLOGY   APPLIED	B级	31	PSYCHOLOGY   APPLIED	0269-994X
PSYCHOLOGY   APPLIED	B级	32	PSYCHOLOGY   APPLIED	1059-6011
PSYCHOLOGY   APPLIED	B级	33	PSYCHOLOGY   APPLIED   PART F-TRAFFIC PSYCHOLOGY	1369-8478
PSYCHOLOGY   APPLIED	B级	34	PSYCHOLOGY   APPLIED   ERGONOMICS	0014-0139
PSYCHOLOGY   APPLIED	B级	35	PSYCHOLOGY   APPLIED   HUMAN RESOURCE MANAGEMENT	0090-4848
PSYCHOLOGY   APPLIED	B级	36	PSYCHOLOGY   APPLIED	0270-1367
PSYCHOLOGY   APPLIED	B级	37	PSYCHOLOGY   APPLIED	1754-9426
PSYCHOLOGY   APPLIED	B级	38	PSYCHOLOGY   APPLIED	0894-3257
PSYCHOLOGY   APPLIED	B级	39	PSYCHOLOGY   APPLIED	0735-3936
PSYCHOLOGY   APPLIED	B级	40	PSYCHOLOGY   APPLIED	1072-5245
PSYCHOLOGY   APPLIED	B级	41	PSYCHOLOGY   APPLIED   SMALL GROUP RESEARCH	1046-4964
PSYCHOLOGY   APPLIED	B级	42	PSYCHOLOGY   APPLIED	0021-8863
PSYCHOLOGY   APPLIED	B级	43	PSYCHOLOGY   APPLIED   PERSONNEL REVIEW	0048-3486
PSYCHOLOGY   APPLIED	B级	44	PSYCHOLOGY   APPLIED	1041-3200
PSYCHOLOGY   APPLIED	B级	45	PSYCHOLOGY   APPLIED   PSYCHOLOGY OF MUSIC	0305-7356
PSYCHOLOGY   APPLIED	B级	46	PSYCHOLOGY   APPLIED	1069-0727
PSYCHOLOGY   APPLIED	B级	47	PSYCHOLOGY   APPLIED   HUMAN PERFORMANCE	0895-9285
PSYCHOLOGY   APPLIED	B级	48	PSYCHOLOGY   APPLIED	0894-8453
PSYCHOLOGY   APPLIED	B级	49	PSYCHOLOGY   APPLIED   SPORT PSYCHOLOGIST	0888-4781
PSYCHOLOGY   APPLIED	B级	50	PSYCHOLOGY   APPLIED	0748-9633
PSYCHOLOGY   APPLIED	B级	51	PSYCHOLOGY   APPLIED	0268-3946
PSYCHOLOGY   APPLIED	B级	52	PSYCHOLOGY   APPLIED	0160-8061
PSYCHOLOGY   APPLIED	B级	53	PSYCHOLOGY   APPLIED   COUNSELING PSYCHOLOGIST	0011-0000
PSYCHOLOGY   APPLIED	B级	54	PSYCHOLOGY   APPLIED   OFFENDER THERAPY AND	0306-624X
PSYCHOLOGY   APPLIED	C级	55	PSYCHOLOGY   APPLIED	1866-5888
PSYCHOLOGY   APPLIED	C级	56	PSYCHOLOGY   APPLIED	0022-0787
PSYCHOLOGY   APPLIED	C级	57	PSYCHOLOGY   APPLIED	0889-4019
PSYCHOLOGY   APPLIED	C级	58	PSYCHOLOGY   APPLIED   EVALUATION IN COUNSELING	0748-1756
PSYCHOLOGY   APPLIED	C级	59	PSYCHOLOGY   APPLIED	1362-0436
PSYCHOLOGY   APPLIED	C级	60	PSYCHOLOGY   APPLIED	0022-0655
PSYCHOLOGY   APPLIED	C级	61	PSYCHOLOGY   APPLIED	1050-8414
PSYCHOLOGY   APPLIED	C级	62	PSYCHOLOGY   APPLIED   PSYCHOLOGY AND OFFENDER	1544-4759
PSYCHOLOGY   APPLIED	C级	63	PSYCHOLOGY   APPLIED   ORGANIZATIONAL DYNAMICS	0090-2616
PSYCHOLOGY   APPLIED	C级	64	PSYCHOLOGY   APPLIED	0965-075X
PSYCHOLOGY   APPLIED	C级	65	PSYCHOLOGY   APPLIED	1132-239X
PSYCHOLOGY   APPLIED	C级	66	PSYCHOLOGY   APPLIED   TRAVAIL HUMAIN	0041-1868
PSYCHOLOGY   APPLIED	C级	67	PSYCHOLOGY   APPLIED	1162-9088
PSYCHOLOGY   APPLIED	C级	68	PSYCHOLOGY   APPLIED	1750-4708
PSYCHOLOGY   APPLIED	C级	69	PSYCHOLOGY   APPLIED	0179-6437
PSYCHOLOGY   APPLIED	C级	70	PSYCHOLOGY   APPLIED	0306-9885
PSYCHOLOGY   APPLIED	C级	71	PSYCHOLOGY   APPLIED	0897-5264
PSYCHOLOGY   APPLIED	C级	72	PSYCHOLOGY   APPLIED   EDUCATIONAL AND VOCATIONAL	0251-2513
PSYCHOLOGY   APPLIED	C级	73	PSYCHOLOGY   APPLIED	1747-9541
PSYCHOLOGY   APPLIED	C级	74	PSYCHOLOGY   APPLIED   GEDRAG & ORGANISATIE	0921-5077
PSYCHOLOGY   APPLIED	C级	75	PSYCHOLOGY   APPLIED	0932-4089
PSYCHOLOGY   APPLIED	C级	76	PSYCHOLOGY   APPLIED	0883-8534
PSYCHOLOGY   APPLIED	C级	77	PSYCHOLOGY   APPLIED	1612-5010
PSYCHOLOGY   APPLIED	C级	78	PSYCHOLOGY   APPLIED	2397-0022
PSYCHOLOGY BIOLOGICAL	B级	3	BIOLOGICAL PSYCHOLOGY	0301-0511
PSYCHOLOGY BIOLOGICAL	B级	4	PSYCHOPHYSIOLOGY	0048-5772
PSYCHOLOGY BIOLOGICAL	B级	6	PHYSIOLOGY & BEHAVIOR	0031-9384
PSYCHOLOGY BIOLOGICAL	B级	8	PSYCHOLOGY-ANIMAL LEARNING	0097-7403
PSYCHOLOGY BIOLOGICAL	B级	9	BEHAVIOURAL PROCESSES	0376-6357
PSYCHOLOGY BIOLOGICAL	C级	12	LEARNING & BEHAVIOR	1543-4494
PSYCHOLOGY BIOLOGICAL	C级	13	JOURNAL OF PSYCHOPHYSIOLOGY	0269-8803
PSYCHOLOGY BIOLOGICAL	C级	14	LEARNING AND MOTIVATION	0023-9690
PSYCHOLOGY   CLINICAL	A级	1	PSYCHOLOGY   CLINICAL	1548-5943
PSYCHOLOGY   CLINICAL	A级	2	PSYCHOLOGY   CLINICAL   CLINICAL PSYCHOLOGY REVIEW	0272-7358
PSYCHOLOGY   CLINICAL	A级	3	PSYCHOLOGY   CLINICAL   HEALTH PSYCHOLOGY REVIEW	1743-7199
PSYCHOLOGY   CLINICAL	A级	4	PSYCHOLOGY   CLINICAL   NEUROPSYCHOLOGY REVIEW	1040-7308
PSYCHOLOGY   CLINICAL	A级	5	PSYCHOLOGY   CLINICAL	0160-6689
PSYCHOLOGY   CLINICAL	A级	6	PSYCHOLOGY   CLINICAL   PSYCHOLOGICAL MEDICINE	0033-2917
PSYCHOLOGY   CLINICAL	A级	7	PSYCHOLOGY   CLINICAL   DEPRESSION AND ANXIETY	1091-4269
PSYCHOLOGY   CLINICAL	A级	8	PSYCHOLOGY   CLINICAL	0022-006X
PSYCHOLOGY   CLINICAL	A级	9	PSYCHOLOGY   CLINICAL	1537-4416
PSYCHOLOGY   CLINICAL	A级	10	PSYCHOLOGY   CLINICAL	1096-4037
PSYCHOLOGY   CLINICAL	B级	11	PSYCHOLOGY   CLINICAL	0021-843X
PSYCHOLOGY   CLINICAL	B级	12	PSYCHOLOGY   CLINICAL	0005-7967
PSYCHOLOGY   CLINICAL	B级	13	PSYCHOLOGY   CLINICAL	0091-0627
PSYCHOLOGY   CLINICAL	B级	14	PSYCHOLOGY   CLINICAL	0276-3478
PSYCHOLOGY   CLINICAL	B级	15	PSYCHOLOGY   CLINICAL   HEALTH PSYCHOLOGY	0278-6133
PSYCHOLOGY   CLINICAL	B级	16	PSYCHOLOGY   CLINICAL   BEHAVIOR THERAPY	0005-7894
PSYCHOLOGY   CLINICAL	B级	17	PSYCHOLOGY   CLINICAL	1072-4133
PSYCHOLOGY   CLINICAL	B级	18	PSYCHOLOGY   CLINICAL   PSYCHOLOGICAL ASSESSMENT	1040-3590
PSYCHOLOGY   CLINICAL	B级	19	PSYCHOLOGY   CLINICAL   NEUROPSYCHOLOGY	0894-4105
PSYCHOLOGY   CLINICAL	B级	20	PSYCHOLOGY   CLINICAL	2000-8066
PSYCHOLOGY   CLINICAL	B级	21	PSYCHOLOGY   CLINICAL   JOURNAL OF ANXIETY DISORDERS	0887-6185
PSYCHOLOGY   CLINICAL	B级	22	PSYCHOLOGY   CLINICAL   ASSESSMENT	1073-1911
PSYCHOLOGY   CLINICAL	B级	23	PSYCHOLOGY   CLINICAL   MINDFULNESS	1868-8527
PSYCHOLOGY   CLINICAL	B级	24	PSYCHOLOGY   CLINICAL	0144-6657
PSYCHOLOGY   CLINICAL	B级	25	PSYCHOLOGY   CLINICAL   ADDICTIVE BEHAVIORS	0306-4603
PSYCHOLOGY   CLINICAL	B级	26	PSYCHOLOGY   CLINICAL   BODY IMAGE	1740-1445
PSYCHOLOGY   CLINICAL	B级	26	PSYCHOLOGY   CLINICAL	1079-0632
PSYCHOLOGY   CLINICAL	B级	28	PSYCHOLOGY   CLINICAL   JOURNAL OF SEX RESEARCH	0022-4499
PSYCHOLOGY   CLINICAL	B级	29	PSYCHOLOGY   CLINICAL	0740-5472
PSYCHOLOGY   CLINICAL	B级	30	PSYCHOLOGY   CLINICAL   ARCHIVES OF SEXUAL BEHAVIOR	0004-0002
PSYCHOLOGY   CLINICAL	B级	31	PSYCHOLOGY   CLINICAL   THEORY RESEARCH AND	1949-2715
PSYCHOLOGY   CLINICAL	B级	32	PSYCHOLOGY   CLINICAL   PSYCHOTHERAPY	0033-3204
PSYCHOLOGY   CLINICAL	B级	33	PSYCHOLOGY   CLINICAL   CLINICAL AND HEALTH	1697-2600
PSYCHOLOGY   CLINICAL	B级	34	PSYCHOLOGY   CLINICAL   PSYCHOTHERAPY RESEARCH	1050-3307
PSYCHOLOGY   CLINICAL	B级	35	PSYCHOLOGY   CLINICAL	1359-107X
PSYCHOLOGY   CLINICAL	B级	36	PSYCHOLOGY   CLINICAL	1077-7229
PSYCHOLOGY   CLINICAL	B级	37	PSYCHOLOGY   CLINICAL	0005-7916
PSYCHOLOGY   CLINICAL	B级	38	PSYCHOLOGY   CLINICAL	0160-7715
PSYCHOLOGY   CLINICAL	B级	39	PSYCHOLOGY   CLINICAL	1041-6102
PSYCHOLOGY   CLINICAL	B级	40	PSYCHOLOGY   CLINICAL   FAMILY PROCESS	0014-7370
PSYCHOLOGY   CLINICAL	B级	41	PSYCHOLOGY   CLINICAL	0969-5893
PSYCHOLOGY   CLINICAL	B级	42	PSYCHOLOGY   CLINICAL	0147-5916
PSYCHOLOGY   CLINICAL	B级	43	PSYCHOLOGY   CLINICAL   COGNITIVE BEHAVIOUR THERAPY	1650-6073
PSYCHOLOGY   CLINICAL	B级	44	PSYCHOLOGY   CLINICAL   EATING BEHAVIORS	1471-0153
PSYCHOLOGY   CLINICAL	B级	45	PSYCHOLOGY   CLINICAL   JOURNAL OF TRAUMATIC STRESS	0894-9867
PSYCHOLOGY   CLINICAL	B级	46	PSYCHOLOGY   CLINICAL   PSYCHOLOGY OF VIOLENCE	2152-0828
PSYCHOLOGY   CLINICAL	B级	47	PSYCHOLOGY   CLINICAL	1064-1297
PSYCHOLOGY   CLINICAL	B级	48	PSYCHOLOGY   CLINICAL	1359-1053
PSYCHOLOGY   CLINICAL	B级	49	PSYCHOLOGY   CLINICAL	0095-2990
PSYCHOLOGY   CLINICAL	B级	50	PSYCHOLOGY   CLINICAL	0021-9762
PSYCHOLOGY   CLINICAL	B级	51	PSYCHOLOGY   CLINICAL	0093-8548
PSYCHOLOGY   CLINICAL	B级	52	PSYCHOLOGY   CLINICAL	0887-6177
PSYCHOLOGY   CLINICAL	B级	53	PSYCHOLOGY   CLINICAL	0022-3891
PSYCHOLOGY   CLINICAL	B级	54	PSYCHOLOGY   CLINICAL   JOURNAL OF MENTAL HEALTH	0963-8237
PSYCHOLOGY   CLINICAL	B级	55	PSYCHOLOGY   CLINICAL	0092-623X
PSYCHOLOGY   CLINICAL	B级	56	PSYCHOLOGY   CLINICAL	1063-3995
PSYCHOLOGY   CLINICAL	B级	57	PSYCHOLOGY   CLINICAL	1098-3007
PSYCHOLOGY   CLINICAL	B级	58	PSYCHOLOGY   CLINICAL	0882-2689
PSYCHOLOGY   CLINICAL	B级	59	PSYCHOLOGY   CLINICAL	1070-5503
PSYCHOLOGY   CLINICAL	B级	60	PSYCHOLOGY   CLINICAL   EXPERIMENTAL	1380-3395
PSYCHOLOGY   CLINICAL	B级	61	PSYCHOLOGY   CLINICAL	0893-3200
PSYCHOLOGY   CLINICAL	B级	62	PSYCHOLOGY   CLINICAL	0279-1072
PSYCHOLOGY   CLINICAL	B级	63	PSYCHOLOGY   CLINICAL	1352-4658
PSYCHOLOGY   CLINICAL	B级	64	PSYCHOLOGY   CLINICAL	1529-9732
PSYCHOLOGY   CLINICAL	B级	65	PSYCHOLOGY   CLINICAL   PSYCHOTHERAPY-THEORY	1476-0835
PSYCHOLOGY   CLINICAL	B级	66	PSYCHOLOGY   CLINICAL   REHABILITATION PSYCHOLOGY	0090-5550
PSYCHOLOGY   CLINICAL	B级	67	PSYCHOLOGY   CLINICAL	1475-357X
PSYCHOLOGY   CLINICAL	B级	68	PSYCHOLOGY   CLINICAL   THEORY RESEARCH PRACTICE	1942-9681
PSYCHOLOGY   CLINICAL	B级	69	PSYCHOLOGY   CLINICAL	0167-482X
PSYCHOLOGY   CLINICAL	B级	70	PSYCHOLOGY   CLINICAL   CLINICAL NEUROPSYCHOLOGIST	1385-4046
PSYCHOLOGY   CLINICAL	B级	71	PSYCHOLOGY   CLINICAL   PSYCHOLOGICAL SERVICES	1541-1559
PSYCHOLOGY   CLINICAL	B级	72	PSYCHOLOGY   CLINICAL	0736-7236
PSYCHOLOGY   CLINICAL	B级	73	PSYCHOLOGY   CLINICAL   BEHAVIOR MODIFICATION	0145-4455
PSYCHOLOGY   CLINICAL	B级	74	PSYCHOLOGY   CLINICAL   JOURNAL OF DUAL DIAGNOSIS	1550-4263
PSYCHOLOGY   CLINICAL	B级	75	PSYCHOLOGY   CLINICAL	1937-1209
PSYCHOLOGY   CLINICAL	B级	76	PSYCHOLOGY   CLINICAL	0002-7642
PSYCHOLOGY   CLINICAL	B级	77	PSYCHOLOGY   CLINICAL	0002-9157
PSYCHOLOGY   CLINICAL	B级	78	PSYCHOLOGY   CLINICAL	1468-1994
PSYCHOLOGY   CLINICAL	B级	79	PSYCHOLOGY   CLINICAL   JOURNAL OF FAMILY THERAPY	0163-4445
PSYCHOLOGY   CLINICAL	B级	80	PSYCHOLOGY   CLINICAL	1557-1874
PSYCHOLOGY   CLINICAL	B级	81	PSYCHOLOGY   CLINICAL	1359-1045
PSYCHOLOGY   CLINICAL	B级	82	PSYCHOLOGY   CLINICAL   EATING DISORDERS	1064-0266
PSYCHOLOGY   CLINICAL	B级	83	PSYCHOLOGY   CLINICAL   PSYCHOANALYTIC PSYCHOLOGY	0736-9735
PSYCHOLOGY   CLINICAL	B级	84	PSYCHOLOGY   CLINICAL   NATIVE MENTAL HEALTH	1533-7731
PSYCHOLOGY   CLINICAL	B级	85	PSYCHOLOGY   CLINICAL   DIAGNOSTICA	0012-1924
PSYCHOLOGY   CLINICAL	C级	86	PSYCHOLOGY   CLINICAL   CLINICAL PSYCHOLOGIST	1328-4207
PSYCHOLOGY   CLINICAL	C级	87	PSYCHOLOGY   CLINICAL	1090-0586
PSYCHOLOGY   CLINICAL	C级	88	PSYCHOLOGY   CLINICAL	1132-9483
PSYCHOLOGY   CLINICAL	C级	89	PSYCHOLOGY   CLINICAL   ARTS IN PSYCHOTHERAPY	0197-4556
PSYCHOLOGY   CLINICAL	C级	89	PSYCHOLOGY   CLINICAL   BEHAVIORAL DISORDERS	0198-7429
PSYCHOLOGY   CLINICAL	C级	91	PSYCHOLOGY   CLINICAL   BEHAVIOR ANALYST	0738-6729
PSYCHOLOGY   CLINICAL	C级	92	PSYCHOLOGY   CLINICAL	0021-8855
PSYCHOLOGY   CLINICAL	C级	93	PSYCHOLOGY   CLINICAL	0943-8149
PSYCHOLOGY   CLINICAL	C级	94	PSYCHOLOGY   CLINICAL   PSYCHOLOGY IN MEDICAL	1068-9583
PSYCHOLOGY   CLINICAL	C级	95	PSYCHOLOGY   CLINICAL   SOCIAL AND INTEGRATIVE	1752-2439
PSYCHOLOGY   CLINICAL	C级	96	PSYCHOLOGY   CLINICAL   VERHALTENSTHERAPIE	1016-6262
PSYCHOLOGY   CLINICAL	C级	97	PSYCHOLOGY   CLINICAL   JOURNAL OF FAMILY VIOLENCE	0885-7482
PSYCHOLOGY   CLINICAL	C级	98	PSYCHOLOGY   CLINICAL   PSYCHOSOMATIK MEDIZINISCHE	0937-2032
PSYCHOLOGY   CLINICAL	C级	99	PSYCHOLOGY   CLINICAL	1931-7611
PSYCHOLOGY   CLINICAL	C级	100	PSYCHOLOGY   CLINICAL	0017-4947
PSYCHOLOGY   CLINICAL	C级	101	PSYCHOLOGY   CLINICAL   CLINICAL AND EXPERIMENTAL	0020-7144
PSYCHOLOGY   CLINICAL	C级	102	PSYCHOLOGY   CLINICAL   TERAPIA PSICOLOGICA	0718-4808
PSYCHOLOGY   CLINICAL	C级	103	PSYCHOLOGY   CLINICAL   PSYCHOSOMATISCHE MEDIZIN	1438-3608
PSYCHOLOGY   CLINICAL	C级	104	PSYCHOLOGY   CLINICAL   AND COGNITIVE-BEHAVIOR	0894-9085
PSYCHOLOGY   CLINICAL	C级	105	PSYCHOLOGY   CLINICAL   BEHAVIOUR CHANGE	0813-4839
PSYCHOLOGY   CLINICAL	C级	106	PSYCHOLOGY   CLINICAL	1053-8712
PSYCHOLOGY   CLINICAL	C级	107	PSYCHOLOGY   CLINICAL	1092-6771
PSYCHOLOGY   CLINICAL	C级	108	PSYCHOLOGY   CLINICAL   CLINICAL CASE STUDIES	1534-6501
PSYCHOLOGY   CLINICAL	C级	109	PSYCHOLOGY   CLINICAL	2043-8087
PSYCHOLOGY   CLINICAL	C级	110	PSYCHOLOGY   CLINICAL	0192-6187
PSYCHOLOGY   CLINICAL	C级	111	PSYCHOLOGY   CLINICAL	1072-0537
PSYCHOLOGY   CLINICAL	C级	112	PSYCHOLOGY   CLINICAL   BEHAVIORAL INTERVENTIONS	1072-0847
PSYCHOLOGY   CLINICAL	C级	113	PSYCHOLOGY   CLINICAL	0932-8114
PSYCHOLOGY   CLINICAL	C级	114	PSYCHOLOGY   CLINICAL   PSYCHOLOGIE UND	1616-3443
PSYCHOLOGY   CLINICAL	C级	115	PSYCHOLOGY   CLINICAL	0731-7107
PSYCHOLOGY   CLINICAL	C级	116	PSYCHOLOGY   CLINICAL	0020-7284
PSYCHOLOGY   CLINICAL	C级	117	PSYCHOLOGY   CLINICAL   PSYCHOTHERAPEUT	0935-6185
PSYCHOLOGY   CLINICAL	C级	118	PSYCHOLOGY   CLINICAL	0327-6716
PSYCHOLOGY   CLINICAL	C级	119	PSYCHOLOGY   CLINICAL   PSYCHOLOGIE UND	1661-4747
PSYCHOLOGY   CLINICAL	C级	120	PSYCHOLOGY   CLINICAL	2360-0853
PSYCHOLOGY   CLINICAL	C级	121	PSYCHOLOGY   CLINICAL   DIAGNOSTICO Y EVALUACION-E	2183-6051
PSYCHOLOGY   DEVELOPMENTAL	A级	1	ACADEMY OF CHILD AND	0890-8567
PSYCHOLOGY   DEVELOPMENTAL	A级	3	DEVELOPMENTAL REVIEW	0273-2297
PSYCHOLOGY   DEVELOPMENTAL	A级	4	DEVELOPMENTAL SCIENCE	1363-755X
PSYCHOLOGY   DEVELOPMENTAL	A级	6	CHILD DEVELOPMENT	0009-3920
PSYCHOLOGY   DEVELOPMENTAL	B级	9	AUTISM RESEARCH	1939-3792
PSYCHOLOGY   DEVELOPMENTAL	B级	10	AUTISM	1362-3613
PSYCHOLOGY   DEVELOPMENTAL	B级	17	DEVELOPMENTAL PSYCHOLOGY	0012-1649
PSYCHOLOGY   DEVELOPMENTAL	B级	18	PSYCHOLOGY AND AGING	0882-7974
PSYCHOLOGY   DEVELOPMENTAL	B级	20	HUMAN DEVELOPMENT	0018-716X
PSYCHOLOGY   DEVELOPMENTAL	B级	23	JOURNAL OF SCHOOL VIOLENCE	1538-8220
PSYCHOLOGY   DEVELOPMENTAL	B级	24	INFANCY	1525-0008
PSYCHOLOGY   DEVELOPMENTAL	B级	26	SOCIAL DEVELOPMENT	0961-205X
PSYCHOLOGY   DEVELOPMENTAL	B级	28	FOR RESEARCH IN CHILD	0037-976X
PSYCHOLOGY   DEVELOPMENTAL	B级	33	SEX ROLES	0360-0025
PSYCHOLOGY   DEVELOPMENTAL	B级	36	JOURNAL OF ADOLESCENCE	0140-1971
PSYCHOLOGY   DEVELOPMENTAL	B级	39	SCHOOL MENTAL HEALTH	1866-2625
PSYCHOLOGY   DEVELOPMENTAL	B级	41	JOURNAL OF CHILD LANGUAGE	0305-0009
PSYCHOLOGY   DEVELOPMENTAL	B级	48	COGNITIVE DEVELOPMENT	0885-2014
PSYCHOLOGY   DEVELOPMENTAL	C级	50	KINDHEIT UND ENTWICKLUNG	0942-5403
PSYCHOLOGY   DEVELOPMENTAL	C级	55	MIND BRAIN AND EDUCATION	1751-2271
PSYCHOLOGY   DEVELOPMENTAL	C级	56	FIRST LANGUAGE	0142-7237
PSYCHOLOGY   DEVELOPMENTAL	C级	59	CHILD & YOUTH CARE FORUM	1053-1890
PSYCHOLOGY   DEVELOPMENTAL	C级	60	JOURNAL OF DEVELOPMENTAL	0272-930X
PSYCHOLOGY   DEVELOPMENTAL	C级	63	INFANTS & YOUNG CHILDREN	0896-3746
PSYCHOLOGY   DEVELOPMENTAL	C级	67	INFANCIA Y APRENDIZAJE	0210-3702
PSYCHOLOGY   DEVELOPMENTAL	C级	69	KINDERPSYCHOLOGIE UND	0032-7034
PSYCHOLOGY   EDUCATIONAL	A级	1	EDUCATIONAL PSYCHOLOGIST	0046-1520
PSYCHOLOGY   EDUCATIONAL	A级	3	CHILD DEVELOPMENT	0009-3920
PSYCHOLOGY   EDUCATIONAL	A级	4	LEARNING AND INSTRUCTION	0959-4752
PSYCHOLOGY   EDUCATIONAL	B级	7	SCIENTIFIC STUDIES OF READING	1088-8438
PSYCHOLOGY   EDUCATIONAL	B级	11	JOURNAL OF SCHOOL VIOLENCE	1538-8220
PSYCHOLOGY   EDUCATIONAL	B级	12	METACOGNITION AND LEARNING	1556-1623
PSYCHOLOGY   EDUCATIONAL	B级	15	REVISTA DE PSICODIDACTICA	1136-1034
PSYCHOLOGY   EDUCATIONAL	B级	17	DISCOURSE PROCESSES	0163-853X
PSYCHOLOGY   EDUCATIONAL	B级	19	JOURNAL OF CREATIVE BEHAVIOR	0022-0175
PSYCHOLOGY   EDUCATIONAL	B级	20	INSTRUCTIONAL SCIENCE	0020-4277
PSYCHOLOGY   EDUCATIONAL	B级	21	SCHOOL MENTAL HEALTH	1866-2625
PSYCHOLOGY   EDUCATIONAL	B级	23	READING RESEARCH QUARTERLY	0034-0553
PSYCHOLOGY   EDUCATIONAL	B级	28	READING AND WRITING	0922-4777
PSYCHOLOGY   EDUCATIONAL	B级	30	PSYCHOLOGY OF MUSIC	0305-7356
PSYCHOLOGY   EDUCATIONAL	B级	31	DYSLEXIA	1076-9242
PSYCHOLOGY   EDUCATIONAL	B级	32	GIFTED CHILD QUARTERLY	0016-9862
PSYCHOLOGY   EDUCATIONAL	B级	33	EDUCATIONAL PSYCHOLOGY	0144-3410
PSYCHOLOGY   EDUCATIONAL	B级	35	COGNITION AND INSTRUCTION	0737-0008
PSYCHOLOGY   EDUCATIONAL	B级	36	CREATIVITY RESEARCH JOURNAL	1040-0419
PSYCHOLOGY   EDUCATIONAL	B级	38	PSYCHOLOGY IN THE SCHOOLS	0033-3085
PSYCHOLOGY   EDUCATIONAL	B级	40	HIGH ABILITY STUDIES	1359-8139
PSYCHOLOGY   EDUCATIONAL	C级	42	SCHOOL PSYCHOLOGY REVIEW	0279-6015
PSYCHOLOGY   EDUCATIONAL	C级	43	EVALUATION IN COUNSELING	0748-1756
PSYCHOLOGY   EDUCATIONAL	C级	44	PSYCHOEDUCATIONAL	0734-2829
PSYCHOLOGY   EDUCATIONAL	C级	49	BEHAVIORAL DISORDERS	0198-7429
PSYCHOLOGY   EDUCATIONAL	C级	56	INFANCIA Y APRENDIZAJE	0210-3702
PSYCHOLOGY   EDUCATIONAL	C级	58	VOPROSY PSIKHOLOGII	0042-8841
PSYCHOLOGY   EXPERIMENTAL	A级	1	TRENDS IN COGNITIVE SCIENCES	1364-6613
PSYCHOLOGY   EXPERIMENTAL	A级	3	DEVELOPMENTAL SCIENCE	1363-755X
PSYCHOLOGY   EXPERIMENTAL	A级	6	COGNITIVE PSYCHOLOGY	0010-0285
PSYCHOLOGY   EXPERIMENTAL	B级	8	JOURNAL OF NEUROPSYCHOLOGY	1748-6645
PSYCHOLOGY   EXPERIMENTAL	B级	9	BEHAVIOR RESEARCH METHODS	1554-351X
PSYCHOLOGY   EXPERIMENTAL	B级	10	MATHEMATICAL & STATISTICAL	0007-1102
PSYCHOLOGY   EXPERIMENTAL	B级	11	COGNITION	0010-0277
PSYCHOLOGY   EXPERIMENTAL	B级	12	EMOTION	1528-3542
PSYCHOLOGY   EXPERIMENTAL	B级	13	NEUROPSYCHOLOGIA	0028-3932
PSYCHOLOGY   EXPERIMENTAL	B级	16	BIOLOGICAL PSYCHOLOGY	0301-0511
PSYCHOLOGY   EXPERIMENTAL	B级	20	COGNITIVE SCIENCE	0364-0213
PSYCHOLOGY   EXPERIMENTAL	B级	23	THINKING & REASONING	1354-6783
PSYCHOLOGY   EXPERIMENTAL	B级	24	COGNITION & EMOTION	0269-9931
PSYCHOLOGY   EXPERIMENTAL	B级	25	PSYCHOPHYSIOLOGY	0048-5772
PSYCHOLOGY   EXPERIMENTAL	B级	26	PSYCHOLOGY-LEARNING	0278-7393
PSYCHOLOGY   EXPERIMENTAL	B级	30	BRAIN AND LANGUAGE	0093-934X
PSYCHOLOGY   EXPERIMENTAL	B级	31	BRAIN AND COGNITION	0278-2626
PSYCHOLOGY   EXPERIMENTAL	B级	32	PSYCHOLOGY-HUMAN	0096-1523
PSYCHOLOGY   EXPERIMENTAL	B级	33	MEMORY & COGNITION	0090-502X
PSYCHOLOGY   EXPERIMENTAL	B级	35	CONSCIOUSNESS AND COGNITION	1053-8100
PSYCHOLOGY   EXPERIMENTAL	B级	36	PSYCHOLOGY-ANIMAL LEARNING	0097-7403
PSYCHOLOGY   EXPERIMENTAL	B级	38	MEMORY	0965-8211
PSYCHOLOGY   EXPERIMENTAL	B级	39	DISCOURSE PROCESSES	0163-853X
PSYCHOLOGY   EXPERIMENTAL	B级	40	MOTIVATION AND EMOTION	0146-7239
PSYCHOLOGY   EXPERIMENTAL	B级	41	ACTA PSYCHOLOGICA	0001-6918
PSYCHOLOGY   EXPERIMENTAL	B级	42	TOPICS IN COGNITIVE SCIENCE	1756-8757
PSYCHOLOGY   EXPERIMENTAL	B级	43	APPLIED PSYCHOLINGUISTICS	0142-7164
PSYCHOLOGY   EXPERIMENTAL	B级	44	MULTISENSORY RESEARCH	2213-4794
PSYCHOLOGY   EXPERIMENTAL	B级	48	HUMAN MOVEMENT SCIENCE	0167-9457
PSYCHOLOGY   EXPERIMENTAL	B级	49	EXPERIMENTAL PSYCHOLOGY	1618-3169
PSYCHOLOGY   EXPERIMENTAL	B级	52	NEW IDEAS IN PSYCHOLOGY	0732-118X
PSYCHOLOGY   EXPERIMENTAL	B级	53	JOURNAL OF CHILD LANGUAGE	0305-0009
PSYCHOLOGY   EXPERIMENTAL	B级	58	LANGUAGE AND SPEECH	0023-8309
PSYCHOLOGY   EXPERIMENTAL	B级	59	COGNITIVE DEVELOPMENT	0885-2014
PSYCHOLOGY   EXPERIMENTAL	C级	60	MUSICAE SCIENTIAE	1029-8649
PSYCHOLOGY   EXPERIMENTAL	C级	61	JOURNAL OF NEUROLINGUISTICS	0911-6044
PSYCHOLOGY   EXPERIMENTAL	C级	62	PSYCHOLOGY OF MUSIC	0305-7356
PSYCHOLOGY   EXPERIMENTAL	C级	64	JOURNAL OF MOTOR BEHAVIOR	0022-2895
PSYCHOLOGY   EXPERIMENTAL	C级	65	VISUAL COGNITION	1350-6285
PSYCHOLOGY   EXPERIMENTAL	C级	66	LATERALITY	1357-650X
PSYCHOLOGY   EXPERIMENTAL	C级	67	EVOLUTIONARY PSYCHOLOGY	1474-7049
PSYCHOLOGY   EXPERIMENTAL	C级	68	ECOLOGICAL PSYCHOLOGY	1040-7413
PSYCHOLOGY   EXPERIMENTAL	C级	69	COGNITION AND INSTRUCTION	0737-0008
PSYCHOLOGY   EXPERIMENTAL	C级	70	COGNITIVE SYSTEMS RESEARCH	1389-0417
PSYCHOLOGY   EXPERIMENTAL	C级	72	COGNITIVE NEUROPSYCHOLOGY	0264-3294
PSYCHOLOGY   EXPERIMENTAL	C级	73	PERCEPTION	0301-0066
PSYCHOLOGY   EXPERIMENTAL	C级	75	I-PERCEPTION	2041-6695
PSYCHOLOGY   EXPERIMENTAL	C级	76	ADAPTIVE BEHAVIOR	1059-7123
PSYCHOLOGY   EXPERIMENTAL	C级	77	LEARNING & BEHAVIOR	1543-4494
PSYCHOLOGY   EXPERIMENTAL	C级	78	COGNITIVE PROCESSING	1612-4782
PSYCHOLOGY   EXPERIMENTAL	C级	79	MIND & LANGUAGE	0268-1064
PSYCHOLOGY   EXPERIMENTAL	C级	80	MUSIC PERCEPTION	0730-7829
PSYCHOLOGY   EXPERIMENTAL	C级	81	LEARNING AND MOTIVATION	0023-9690
PSYCHOLOGY   EXPERIMENTAL	C级	83	PERCEPTUAL AND MOTOR SKILLS	0031-5125
PSYCHOLOGY   EXPERIMENTAL	C级	84	PSICOLOGICA	0211-2159
PSYCHOLOGY   MATHEMATICAL	A级	1	BEHAVIOR RESEARCH METHODS	1554-351X
PSYCHOLOGY   MATHEMATICAL	B级	2	MATHEMATICAL & STATISTICAL	0007-1102
PSYCHOLOGY   MATHEMATICAL	B级	3	JOURNAL OF CLASSIFICATION	0176-4268
PSYCHOLOGY   MATHEMATICAL	B级	5	PSYCHOMETRIKA	0033-3123
PSYCHOLOGY   MULTIDISCIPLINARY	A级	1	PSYCHOLOGICAL BULLETIN	0033-2909
PSYCHOLOGY   MULTIDISCIPLINARY	A级	2	PSYCHOLOGICAL INQUIRY	1047-840X
PSYCHOLOGY   MULTIDISCIPLINARY	A级	4	PSYCHOLOGICAL REVIEW	0033-295X
PSYCHOLOGY   MULTIDISCIPLINARY	A级	6	AMERICAN PSYCHOLOGIST	0003-066X
PSYCHOLOGY   MULTIDISCIPLINARY	A级	7	PSYCHOLOGICAL SCIENCE	0956-7976
PSYCHOLOGY   MULTIDISCIPLINARY	A级	9	PSYCHOLOGICAL METHODS	1082-989X
PSYCHOLOGY   MULTIDISCIPLINARY	B级	11	PSYCHOSOMATIC MEDICINE	0033-3174
PSYCHOLOGY   MULTIDISCIPLINARY	B级	15	EUROPEAN PSYCHOLOGIST	1016-9040
PSYCHOLOGY   MULTIDISCIPLINARY	B级	16	ENVIRONMENT AND BEHAVIOR	0013-9165
PSYCHOLOGY   MULTIDISCIPLINARY	B级	19	PSYCHO-ONCOLOGY	1057-9249
PSYCHOLOGY   MULTIDISCIPLINARY	B级	20	SERIES B-PSYCHOLOGICAL	1079-5014
PSYCHOLOGY   MULTIDISCIPLINARY	B级	21	INTELLIGENCE	0160-2896
PSYCHOLOGY   MULTIDISCIPLINARY	B级	23	BODY IMAGE	1740-1445
PSYCHOLOGY   MULTIDISCIPLINARY	B级	25	AGGRESSIVE BEHAVIOR	0096-140X
PSYCHOLOGY   MULTIDISCIPLINARY	B级	26	EMOTION REVIEW	1754-0739
PSYCHOLOGY   MULTIDISCIPLINARY	B级	29	BEHAVIOR GENETICS	0001-8244
PSYCHOLOGY   MULTIDISCIPLINARY	B级	30	JOURNAL OF HAPPINESS STUDIES	1389-4978
PSYCHOLOGY   MULTIDISCIPLINARY	B级	32	FRONTIERS IN PSYCHOLOGY	1664-1078
PSYCHOLOGY   MULTIDISCIPLINARY	B级	33	PSYCHOLOGY APPLIED TO LEGAL	1889-1861
PSYCHOLOGY   MULTIDISCIPLINARY	B级	35	PSYCHOLOGY & HEALTH	0887-0446
PSYCHOLOGY   MULTIDISCIPLINARY	B级	36	JOURNAL OF GAMBLING STUDIES	1050-5350
PSYCHOLOGY   MULTIDISCIPLINARY	B级	38	ANXIETY STRESS AND COPING	1061-5806
PSYCHOLOGY   MULTIDISCIPLINARY	B级	43	ARCHIVES OF SUICIDE RESEARCH	1381-1118
PSYCHOLOGY   MULTIDISCIPLINARY	B级	45	SOCIO-MEDICAL ASPECTS OF	0954-0121
PSYCHOLOGY   MULTIDISCIPLINARY	B级	48	NEW IDEAS IN PSYCHOLOGY	0732-118X
PSYCHOLOGY   MULTIDISCIPLINARY	B级	49	JOURNAL OF BLACK PSYCHOLOGY	0095-7984
PSYCHOLOGY   MULTIDISCIPLINARY	B级	50	JOURNAL OF PSYCHOLOGY	0022-3980
PSYCHOLOGY   MULTIDISCIPLINARY	B级	55	INTERVENTION AND SUICIDE	0227-5910
PSYCHOLOGY   MULTIDISCIPLINARY	B级	57	PSYCHOLOGY CRIME & LAW	1068-316X
PSYCHOLOGY   MULTIDISCIPLINARY	B级	58	JOURNAL OF HOMOSEXUALITY	0091-8369
PSYCHOLOGY   MULTIDISCIPLINARY	B级	60	PSICOTHEMA	0214-9915
PSYCHOLOGY   MULTIDISCIPLINARY	B级	64	LATERALITY	1357-650X
PSYCHOLOGY   MULTIDISCIPLINARY	B级	65	CREATIVITY RESEARCH JOURNAL	1040-0419
PSYCHOLOGY   MULTIDISCIPLINARY	B级	68	DEATH STUDIES	0748-1187
PSYCHOLOGY   MULTIDISCIPLINARY	B级	69	PSYCHOLOGISCHE RUNDSCHAU	0033-3042
PSYCHOLOGY   MULTIDISCIPLINARY	B级	70	AUSTRALIAN PSYCHOLOGIST	0005-0067
PSYCHOLOGY   MULTIDISCIPLINARY	B级	71	PSYCHOLOGY-THEORIES	1864-1105
PSYCHOLOGY   MULTIDISCIPLINARY	B级	72	DISCOURSE & SOCIETY	0957-9265
PSYCHOLOGY   MULTIDISCIPLINARY	B级	73	PHILOSOPHICAL PSYCHOLOGY	0951-5089
PSYCHOLOGY   MULTIDISCIPLINARY	B级	75	HISTORY OF PSYCHOLOGY	1093-4510
PSYCHOLOGY   MULTIDISCIPLINARY	B级	76	CURRENT PSYCHOLOGY	1046-1310
PSYCHOLOGY   MULTIDISCIPLINARY	B级	79	ETHOS	0091-2131
PSYCHOLOGY   MULTIDISCIPLINARY	B级	81	ANALES DE PSICOLOGIA	0212-9728
PSYCHOLOGY   MULTIDISCIPLINARY	B级	82	DREAMING	1053-0797
PSYCHOLOGY   MULTIDISCIPLINARY	B级	84	CULTURE & PSYCHOLOGY	1354-067X
PSYCHOLOGY   MULTIDISCIPLINARY	B级	85	THEORY & PSYCHOLOGY	0959-3543
PSYCHOLOGY   MULTIDISCIPLINARY	B级	86	PSYCHOLOGICA BELGICA	0033-2879
PSYCHOLOGY   MULTIDISCIPLINARY	B级	87	PSYCHOSOMATISCHE MEDIZIN	1438-3608
PSYCHOLOGY   MULTIDISCIPLINARY	B级	88	ETHICS & BEHAVIOR	1050-8422
PSYCHOLOGY   MULTIDISCIPLINARY	B级	89	FEMINISM & PSYCHOLOGY	0959-3535
PSYCHOLOGY   MULTIDISCIPLINARY	C级	90	MILITARY PSYCHOLOGY	0899-5605
PSYCHOLOGY   MULTIDISCIPLINARY	C级	92	PSYCHOLOGICAL RECORD	0033-2933
PSYCHOLOGY   MULTIDISCIPLINARY	C级	98	PSYCHOLOGICAL REPORTS	0033-2941
PSYCHOLOGY   MULTIDISCIPLINARY	C级	103	OF RELIGION-ARCHIV FUR	0084-6724
PSYCHOLOGY   MULTIDISCIPLINARY	C级	106	RESEARCH IN DEVELOPMENTAL	2211-6095
PSYCHOLOGY   MULTIDISCIPLINARY	C级	107	STUDIA PSYCHOLOGICA	0039-3320
PSYCHOLOGY   MULTIDISCIPLINARY	C级	108	TEACHING OF PSYCHOLOGY	0098-6283
PSYCHOLOGY   MULTIDISCIPLINARY	C级	110	SWISS JOURNAL OF PSYCHOLOGY	1421-0185
PSYCHOLOGY   MULTIDISCIPLINARY	C级	111	PSYCHOLOGIE FRANCAISE	0033-2984
PSYCHOLOGY   MULTIDISCIPLINARY	C级	113	PSYCHOLOGIST	0952-8229
PSYCHOLOGY   MULTIDISCIPLINARY	C级	116	ANNEE PSYCHOLOGIQUE	0003-5033
PSYCHOLOGY   MULTIDISCIPLINARY	C级	117	EMPIRICAL STUDIES OF THE ARTS	0276-2374
PSYCHOLOGY   MULTIDISCIPLINARY	C级	118	WOMEN & THERAPY	0270-3149
PSYCHOLOGY   MULTIDISCIPLINARY	C级	119	PSIHOLOGIJA	0048-5705
PSYCHOLOGY   MULTIDISCIPLINARY	C级	120	PRATIQUES PSYCHOLOGIQUES	1269-1763
PSYCHOLOGY   MULTIDISCIPLINARY	C级	121	NORDIC PSYCHOLOGY	1901-2276
PSYCHOLOGY   MULTIDISCIPLINARY	C级	122	UNIVERSITAS PSYCHOLOGICA	1657-9267
PSYCHOLOGY   MULTIDISCIPLINARY	C级	123	PSICOLOGIA-REFLEXAO E CRITICA	1678-7153
PSYCHOLOGY   MULTIDISCIPLINARY	C级	124	ESTUDIOS DE PSICOLOGIA	0210-9395
PSYCHOLOGY   MULTIDISCIPLINARY	C级	125	CESKOSLOVENSKA PSYCHOLOGIE	0009-062X
PSYCHOLOGY   MULTIDISCIPLINARY	C级	126	PSIKHOLOGICHESKII ZHURNAL	0205-9592
PSYCHOLOGY   MULTIDISCIPLINARY	C级	127	PSYCHOLOGIA	0033-2852
PSYCHOLOGY   MULTIDISCIPLINARY	C级	128	TURK PSIKOLOJI DERGISI	1300-4433
PSYCHOLOGY PSYCHOANALYSIS	A级	1	PSYCHOANALYTIC PSYCHOLOGY	0736-9735
PSYCHOLOGY PSYCHOANALYSIS	B级	3	PSYCHOSOMATISCHE MEDIZIN	1438-3608
PSYCHOLOGY PSYCHOANALYSIS	B级	5	PSYCHOANALYTIC DIALOGUES	1048-1885
PSYCHOLOGY PSYCHOANALYSIS	B级	6	PSYCHOANALYSE UND IHRE	0033-2623
PSYCHOLOGY PSYCHOANALYSIS	B级	7	PSYCHOANALYSIS AND HISTORY	1460-8235
PSYCHOLOGY PSYCHOANALYSIS	C级	10	PSYCHOANALYTIC QUARTERLY	0033-2828
PSYCHOLOGY PSYCHOANALYSIS	C级	11	FORUM DER PSYCHOANALYSE	0178-7667
PSYCHOLOGY PSYCHOANALYSIS	C级	12	PSYCHOANALYTIC INQUIRY	0735-1690
PSYCHOLOGY   SOCIAL	A级	1	PSYCHOLOGY   SOCIAL	1088-8683
PSYCHOLOGY   SOCIAL	A级	2	PSYCHOLOGY   SOCIAL	1751-2395
PSYCHOLOGY   SOCIAL	A级	3	PSYCHOLOGY   SOCIAL	0065-2601
PSYCHOLOGY   SOCIAL	A级	4	PSYCHOLOGY   SOCIAL	0022-3514
PSYCHOLOGY   SOCIAL	A级	5	PSYCHOLOGY   SOCIAL	0890-2070
PSYCHOLOGY   SOCIAL	B级	6	PSYCHOLOGY   SOCIAL   JOURNAL OF PERSONALITY	0022-3506
PSYCHOLOGY   SOCIAL	B级	7	PSYCHOLOGY   SOCIAL	0022-1465
PSYCHOLOGY   SOCIAL	B级	8	PSYCHOLOGY   SOCIAL   LAW AND HUMAN BEHAVIOR	0147-7307
PSYCHOLOGY   SOCIAL	B级	9	PSYCHOLOGY   SOCIAL   POLITICAL PSYCHOLOGY	0162-895X
PSYCHOLOGY   SOCIAL	B级	10	PSYCHOLOGY   SOCIAL   SOCIAL PSYCHOLOGY	1864-9335
PSYCHOLOGY   SOCIAL	B级	11	PSYCHOLOGY   SOCIAL	2152-2715
PSYCHOLOGY   SOCIAL	B级	12	PSYCHOLOGY   SOCIAL	0146-1672
PSYCHOLOGY   SOCIAL	B级	13	PSYCHOLOGY   SOCIAL   AND HUMAN DECISION	0749-5978
PSYCHOLOGY   SOCIAL	B级	14	PSYCHOLOGY   SOCIAL	0092-6566
PSYCHOLOGY   SOCIAL	B级	15	PSYCHOLOGY   SOCIAL   CHILD ABUSE & NEGLECT	0145-2134
PSYCHOLOGY   SOCIAL	B级	16	PSYCHOLOGY   SOCIAL	0022-1031
PSYCHOLOGY   SOCIAL	B级	17	PSYCHOLOGY   SOCIAL   MOTIVATION AND EMOTION	0146-7239
PSYCHOLOGY   SOCIAL	B级	18	PSYCHOLOGY   SOCIAL	1099-9809
PSYCHOLOGY   SOCIAL	B级	19	PSYCHOLOGY   SOCIAL	0022-3891
PSYCHOLOGY   SOCIAL	B级	20	PSYCHOLOGY   SOCIAL	0191-8869
PSYCHOLOGY   SOCIAL	B级	21	PSYCHOLOGY   SOCIAL	0046-2772
PSYCHOLOGY   SOCIAL	B级	22	PSYCHOLOGY   SOCIAL	1524-9220
PSYCHOLOGY   SOCIAL	B级	23	PSYCHOLOGY   SOCIAL   SEX ROLES	0360-0025
PSYCHOLOGY   SOCIAL	B级	24	PSYCHOLOGY   SOCIAL	0190-2725
PSYCHOLOGY   SOCIAL	B级	25	PSYCHOLOGY   SOCIAL	0835-1813
PSYCHOLOGY   SOCIAL	B级	26	PSYCHOLOGY   SOCIAL	1948-5506
PSYCHOLOGY   SOCIAL	B级	27	PSYCHOLOGY   SOCIAL	0197-3533
PSYCHOLOGY   SOCIAL	B级	28	PSYCHOLOGY   SOCIAL   SOCIAL COGNITION	0278-016X
PSYCHOLOGY   SOCIAL	B级	29	PSYCHOLOGY   SOCIAL	1368-4302
PSYCHOLOGY   SOCIAL	B级	30	PSYCHOLOGY   SOCIAL	0144-6665
PSYCHOLOGY   SOCIAL	B级	31	PSYCHOLOGY   SOCIAL	0022-0221
PSYCHOLOGY   SOCIAL	B级	32	PSYCHOLOGY   SOCIAL	0191-5886
PSYCHOLOGY   SOCIAL	B级	33	PSYCHOLOGY   SOCIAL	0736-7236
PSYCHOLOGY   SOCIAL	B级	34	PSYCHOLOGY   SOCIAL   JOURNAL OF SOCIAL ISSUES	0022-4537
PSYCHOLOGY   SOCIAL	B级	34	PSYCHOLOGY   SOCIAL   SELF AND IDENTITY	1529-8868
PSYCHOLOGY   SOCIAL	B级	36	PSYCHOLOGY   SOCIAL   SMALL GROUP RESEARCH	1046-4964
PSYCHOLOGY   SOCIAL	B级	37	PSYCHOLOGY   SOCIAL	0265-4075
PSYCHOLOGY   SOCIAL	B级	38	PSYCHOLOGY   SOCIAL	1932-8621
PSYCHOLOGY   SOCIAL	B级	39	PSYCHOLOGY   SOCIAL	1046-3283
PSYCHOLOGY   SOCIAL	B级	40	PSYCHOLOGY   SOCIAL	0734-7332
PSYCHOLOGY   SOCIAL	B级	41	PSYCHOLOGY   SOCIAL	0021-8308
PSYCHOLOGY   SOCIAL	B级	42	PSYCHOLOGY   SOCIAL	0261-927X
PSYCHOLOGY   SOCIAL	B级	43	PSYCHOLOGY   SOCIAL	1529-7489
PSYCHOLOGY   SOCIAL	C级	44	PSYCHOLOGY   SOCIAL	0021-9029
PSYCHOLOGY   SOCIAL	C级	45	PSYCHOLOGY   SOCIAL	0147-1767
PSYCHOLOGY   SOCIAL	C级	46	PSYCHOLOGY   SOCIAL	1052-9284
PSYCHOLOGY   SOCIAL	C级	47	PSYCHOLOGY   SOCIAL	1614-0001
PSYCHOLOGY   SOCIAL	C级	48	PSYCHOLOGY   SOCIAL	1089-2699
PSYCHOLOGY   SOCIAL	C级	49	PSYCHOLOGY   SOCIAL   DEVIANT BEHAVIOR	0163-9625
PSYCHOLOGY   SOCIAL	C级	50	PSYCHOLOGY   SOCIAL	1938-8926
PSYCHOLOGY   SOCIAL	C级	51	PSYCHOLOGY   SOCIAL	1367-2223
PSYCHOLOGY   SOCIAL	C级	51	PSYCHOLOGY   SOCIAL   SOCIAL INFLUENCE	1553-4510
PSYCHOLOGY   SOCIAL	C级	53	PSYCHOLOGY   SOCIAL	0022-4545
PSYCHOLOGY   SOCIAL	C级	54	PSYCHOLOGY   SOCIAL   SOCIAL JUSTICE RESEARCH	0885-7466
PSYCHOLOGY   SOCIAL	C级	55	PSYCHOLOGY   SOCIAL   JOURNAL OF LOSS & TRAUMA	1532-5024
PSYCHOLOGY   SOCIAL	C级	56	PSYCHOLOGY   SOCIAL   PERSONAL RELATIONSHIPS	1350-4126
PSYCHOLOGY   SOCIAL	C级	57	PSYCHOLOGY   SOCIAL	0146-7875
PSYCHOLOGY   SOCIAL	C级	58	PSYCHOLOGY   SOCIAL	0301-2212
PSYCHOLOGY   SOCIAL	C级	59	PSYCHOLOGY   SOCIAL   GEDRAG & ORGANISATIE	0921-5077
PSYCHOLOGY   SOCIAL	C级	60	PSYCHOLOGY   SOCIAL   SOZIOLOGIE UND	0023-2653
PSYCHOLOGY   SOCIAL	C级	61	PSYCHOLOGY   SOCIAL   REVISTA DE PSICOLOGIA SOCIAL	0213-4748
PSYCHOLOGY   SOCIAL	C级	62	PSYCHOLOGY    SOCIAL	2119-4130
PUBLIC ADMINISTRATION	A级	2	PUBLIC ADMINISTRATION	0033-3298
PUBLIC ADMINISTRATION	A级	3	REGULATION & GOVERNANCE	1748-5983
PUBLIC ADMINISTRATION	A级	4	CLIMATE POLICY	1469-3062
PUBLIC ADMINISTRATION	B级	6	PUBLIC MANAGEMENT REVIEW	1471-9037
PUBLIC ADMINISTRATION	B级	7	POLICY STUDIES JOURNAL	0190-292X
PUBLIC ADMINISTRATION	B级	8	POLICY AND POLITICS	0305-5736
PUBLIC ADMINISTRATION	B级	9	JOURNAL OF PUBLIC POLICY	0143-814X
PUBLIC ADMINISTRATION	B级	11	POLICY SCIENCES	0032-2687
PUBLIC ADMINISTRATION	B级	14	REVIEW OF POLICY RESEARCH	1541-132X
PUBLIC ADMINISTRATION	B级	15	SCIENCE AND PUBLIC POLICY	0302-3427
PUBLIC ADMINISTRATION	B级	18	JOURNAL OF SOCIAL POLICY	0047-2794
PUBLIC ADMINISTRATION	C级	24	PUBLIC MONEY & MANAGEMENT	0954-0962
PUBLIC ADMINISTRATION	C级	25	POLICY AND SOCIETY	1449-4035
PUBLIC ADMINISTRATION	C级	26	ADMINISTRATION & SOCIETY	0095-3997
PUBLIC ADMINISTRATION	C级	30	LOCAL GOVERNMENT STUDIES	0300-3930
PUBLIC ADMINISTRATION	C级	36	POLICY STUDIES	0144-2872
PUBLIC ADMINISTRATION	C级	37	MANAGEMENT LEADERSHIP &	2330-3131
PUBLIC ADMINISTRATION	C级	38	SECURITY AND EMERGENCY	2194-6361
PUBLIC ADMINISTRATION	C级	41	GESTION Y POLITICA PUBLICA	1405-1079
PUBLIC ADMINISTRATION	C级	43	CIVIL SZEMLE	1786-3341
PUBLIC ADMINISTRATION	C级	44	AMME IDARESI DERGISI	1300-1795
PUBLIC ENVIRONMENTAL &    OCCUPATIONAL HEALTH	A级	1	ENVIRONMENTAL     &     LANCET GLOBAL HEALTH	2214-109X
PUBLIC ENVIRONMENTAL &    OCCUPATIONAL HEALTH	A级	2	ENVIRONMENTAL     &	0163-7525
PUBLIC ENVIRONMENTAL &    OCCUPATIONAL HEALTH	A级	3	ENVIRONMENTAL     &     EPIDEMIOLOGY	1044-3983
PUBLIC ENVIRONMENTAL &    OCCUPATIONAL HEALTH	A级	4	ENVIRONMENTAL     &     TOBACCO CONTROL	0964-4563
PUBLIC ENVIRONMENTAL &    OCCUPATIONAL HEALTH	A级	5	ENVIRONMENTAL     &     NICOTINE & TOBACCO RESEARCH	1462-2203
PUBLIC ENVIRONMENTAL &    OCCUPATIONAL HEALTH	A级	6	ENVIRONMENTAL     &	0355-3140
PUBLIC ENVIRONMENTAL &    OCCUPATIONAL HEALTH	A级	7	ENVIRONMENTAL     &	1054-139X
PUBLIC ENVIRONMENTAL &    OCCUPATIONAL HEALTH	A级	8	ENVIRONMENTAL     &	0090-0036
PUBLIC ENVIRONMENTAL &    OCCUPATIONAL HEALTH	A级	9	ENVIRONMENTAL     &	0143-005X
PUBLIC ENVIRONMENTAL &    OCCUPATIONAL HEALTH	A级	10	ENVIRONMENTAL     &	1476-072X
PUBLIC ENVIRONMENTAL &    OCCUPATIONAL HEALTH	A级	11	ENVIRONMENTAL     &     AIDS PATIENT CARE AND STDS	1087-2914
PUBLIC ENVIRONMENTAL &    OCCUPATIONAL HEALTH	A级	12	ENVIRONMENTAL     &	0022-1465
PUBLIC ENVIRONMENTAL &    OCCUPATIONAL HEALTH	A级	13	ENVIRONMENTAL     &	1869-6716
PUBLIC ENVIRONMENTAL &    OCCUPATIONAL HEALTH	A级	14	ENVIRONMENTAL     &     AIDS AND BEHAVIOR	1090-7165
PUBLIC ENVIRONMENTAL &    OCCUPATIONAL HEALTH	A级	15	ENVIRONMENTAL     &     POPULATION HEALTH METRICS	1478-7954
PUBLIC ENVIRONMENTAL &    OCCUPATIONAL HEALTH	B级	16	ENVIRONMENTAL     &     PSYCHIATRIC SERVICES	1075-2730
PUBLIC ENVIRONMENTAL &    OCCUPATIONAL HEALTH	B级	17	ENVIRONMENTAL     &     JOURNAL OF GLOBAL HEALTH	2047-2978
PUBLIC ENVIRONMENTAL &    OCCUPATIONAL HEALTH	B级	18	ENVIRONMENTAL     &     SOCIAL SCIENCE & MEDICINE	0277-9536
PUBLIC ENVIRONMENTAL &    OCCUPATIONAL HEALTH	B级	19	ENVIRONMENTAL     &	0001-4575
PUBLIC ENVIRONMENTAL &    OCCUPATIONAL HEALTH	B级	20	ENVIRONMENTAL     &	1076-8998
PUBLIC ENVIRONMENTAL &    OCCUPATIONAL HEALTH	B级	21	ENVIRONMENTAL     &     MENTAL HEALTH AND MENTAL	0894-587X
PUBLIC ENVIRONMENTAL &    OCCUPATIONAL HEALTH	B级	22	ENVIRONMENTAL     &	0890-1171
PUBLIC ENVIRONMENTAL &    OCCUPATIONAL HEALTH	B级	23	ENVIRONMENTAL     &     PREVENTION SCIENCE	1389-4986
PUBLIC ENVIRONMENTAL &    OCCUPATIONAL HEALTH	B级	24	ENVIRONMENTAL     &     HEALTH & PLACE	1353-8292
PUBLIC ENVIRONMENTAL &    OCCUPATIONAL HEALTH	B级	25	ENVIRONMENTAL     &     GLOBALIZATION AND HEALTH	1744-8603
PUBLIC ENVIRONMENTAL &    OCCUPATIONAL HEALTH	B级	26	ENVIRONMENTAL     &     RISK ANALYSIS	0272-4332
PUBLIC ENVIRONMENTAL &    OCCUPATIONAL HEALTH	B级	27	ENVIRONMENTAL     &     HEALTH REPORTS	0840-6529
PUBLIC ENVIRONMENTAL &    OCCUPATIONAL HEALTH	B级	28	ENVIRONMENTAL     &	1101-1262
PUBLIC ENVIRONMENTAL &    OCCUPATIONAL HEALTH	B级	29	ENVIRONMENTAL     &	1551-7411
PUBLIC ENVIRONMENTAL &    OCCUPATIONAL HEALTH	B级	30	ENVIRONMENTAL     &     STUDIES IN FAMILY PLANNING	0039-3665
PUBLIC ENVIRONMENTAL &    OCCUPATIONAL HEALTH	B级	31	ENVIRONMENTAL     &     QUALITY OF LIFE RESEARCH	0962-9343
PUBLIC ENVIRONMENTAL &    OCCUPATIONAL HEALTH	B级	32	ENVIRONMENTAL     &	1661-8556
PUBLIC ENVIRONMENTAL &    OCCUPATIONAL HEALTH	B级	33	ENVIRONMENTAL     &     JOURNAL OF WOMENS HEALTH	1540-9996
PUBLIC ENVIRONMENTAL &    OCCUPATIONAL HEALTH	B级	34	ENVIRONMENTAL     &     HEALTH RISK & SOCIETY	1369-8575
PUBLIC ENVIRONMENTAL &    OCCUPATIONAL HEALTH	B级	35	ENVIRONMENTAL     &     PSYCHOLOGY & HEALTH	0887-0446
PUBLIC ENVIRONMENTAL &    OCCUPATIONAL HEALTH	B级	36	ENVIRONMENTAL     &     REPRODUCTIVE HEALTH	1742-4755
PUBLIC ENVIRONMENTAL &    OCCUPATIONAL HEALTH	B级	37	ENVIRONMENTAL     &     ECONOMICS & HUMAN BIOLOGY	1570-677X
PUBLIC ENVIRONMENTAL &    OCCUPATIONAL HEALTH	B级	38	ENVIRONMENTAL     &	1557-9883
PUBLIC ENVIRONMENTAL &    OCCUPATIONAL HEALTH	B级	39	ENVIRONMENTAL     &     JOURNAL OF PUBLIC HEALTH	1741-3842
PUBLIC ENVIRONMENTAL &    OCCUPATIONAL HEALTH	B级	40	ENVIRONMENTAL     &	0091-0562
PUBLIC ENVIRONMENTAL &    OCCUPATIONAL HEALTH	B级	41	ENVIRONMENTAL     &     ENVIRONMENTAL RESEARCH AND	1660-4601
PUBLIC ENVIRONMENTAL &    OCCUPATIONAL HEALTH	B级	42	ENVIRONMENTAL     &     TOBACCO INDUCED DISEASES	1617-9625
PUBLIC ENVIRONMENTAL &    OCCUPATIONAL HEALTH	B级	43	ENVIRONMENTAL     &     OCCUPATIONAL AND	1077-3525
PUBLIC ENVIRONMENTAL &    OCCUPATIONAL HEALTH	B级	44	ENVIRONMENTAL     &     CRITICAL PUBLIC HEALTH	0958-1596
PUBLIC ENVIRONMENTAL &    OCCUPATIONAL HEALTH	B级	45	ENVIRONMENTAL     &     LGBT HEALTH	2325-8292
PUBLIC ENVIRONMENTAL &    OCCUPATIONAL HEALTH	B级	46	ENVIRONMENTAL     &	1472-698X
PUBLIC ENVIRONMENTAL &    OCCUPATIONAL HEALTH	B级	47	ENVIRONMENTAL     &	0966-0410
PUBLIC ENVIRONMENTAL &    OCCUPATIONAL HEALTH	B级	48	ENVIRONMENTAL     &	1094-3412
PUBLIC ENVIRONMENTAL &    OCCUPATIONAL HEALTH	B级	49	ENVIRONMENTAL     &     GAMES FOR HEALTH JOURNAL	2161-783X
PUBLIC ENVIRONMENTAL &    OCCUPATIONAL HEALTH	B级	50	ENVIRONMENTAL     &	0141-9889
PUBLIC ENVIRONMENTAL &    OCCUPATIONAL HEALTH	B级	51	ENVIRONMENTAL     &     PUBLIC HEALTH REPORTS	0033-3549
PUBLIC ENVIRONMENTAL &    OCCUPATIONAL HEALTH	B级	52	ENVIRONMENTAL     &	1936-6574
PUBLIC ENVIRONMENTAL &    OCCUPATIONAL HEALTH	B级	53	ENVIRONMENTAL     &     PUBLIC HEALTH GENOMICS	1662-4246
PUBLIC ENVIRONMENTAL &    OCCUPATIONAL HEALTH	B级	54	ENVIRONMENTAL     &     JOURNAL OF SAFETY RESEARCH	0022-4375
PUBLIC ENVIRONMENTAL &    OCCUPATIONAL HEALTH	B级	55	ENVIRONMENTAL     &	0745-5194
PUBLIC ENVIRONMENTAL &    OCCUPATIONAL HEALTH	B级	56	ENVIRONMENTAL     &     SOCIO-MEDICAL ASPECTS OF	0954-0121
PUBLIC ENVIRONMENTAL &    OCCUPATIONAL HEALTH	B级	57	ENVIRONMENTAL     &     HEALTH EDUCATION RESEARCH	0268-1153
PUBLIC ENVIRONMENTAL &    OCCUPATIONAL HEALTH	B级	58	ENVIRONMENTAL     &     DIABETES EDUCATOR	0145-7217
PUBLIC ENVIRONMENTAL &    OCCUPATIONAL HEALTH	B级	59	ENVIRONMENTAL     &     HEALTH EDUCATION & BEHAVIOR	1090-1981
PUBLIC ENVIRONMENTAL &    OCCUPATIONAL HEALTH	B级	60	ENVIRONMENTAL     &     MEDICC REVIEW	1555-7960
PUBLIC ENVIRONMENTAL &    OCCUPATIONAL HEALTH	B级	61	ENVIRONMENTAL     &     PREVENTING CHRONIC DISEASE	1545-1151
PUBLIC ENVIRONMENTAL &    OCCUPATIONAL HEALTH	B级	62	ENVIRONMENTAL     &     WOMENS HEALTH ISSUES	1049-3867
PUBLIC ENVIRONMENTAL &    OCCUPATIONAL HEALTH	B级	63	ENVIRONMENTAL     &	1543-3080
PUBLIC ENVIRONMENTAL &    OCCUPATIONAL HEALTH	B级	64	ENVIRONMENTAL     &     GLOBAL HEALTH ACTION	1654-9880
PUBLIC ENVIRONMENTAL &    OCCUPATIONAL HEALTH	B级	65	ENVIRONMENTAL     &	1092-7875
PUBLIC ENVIRONMENTAL &    OCCUPATIONAL HEALTH	B级	66	ENVIRONMENTAL     &     INTERNATIONAL HEALTH	1876-3413
PUBLIC ENVIRONMENTAL &    OCCUPATIONAL HEALTH	B级	67	ENVIRONMENTAL     &     GACETA SANITARIA	0213-9111
PUBLIC ENVIRONMENTAL &    OCCUPATIONAL HEALTH	B级	68	ENVIRONMENTAL     &     JOURNAL OF SCHOOL HEALTH	0022-4391
PUBLIC ENVIRONMENTAL &    OCCUPATIONAL HEALTH	B级	69	ENVIRONMENTAL     &	1475-9276
PUBLIC ENVIRONMENTAL &    OCCUPATIONAL HEALTH	B级	70	ENVIRONMENTAL     &	0957-4824
PUBLIC ENVIRONMENTAL &    OCCUPATIONAL HEALTH	B级	71	ENVIRONMENTAL     &	2214-1405
PUBLIC ENVIRONMENTAL &    OCCUPATIONAL HEALTH	B级	72	ENVIRONMENTAL     &	1326-0200
PUBLIC ENVIRONMENTAL &    OCCUPATIONAL HEALTH	B级	73	ENVIRONMENTAL     &     ON SEXUAL AND REPRODUCTIVE	1944-0391
PUBLIC ENVIRONMENTAL &    OCCUPATIONAL HEALTH	B级	74	ENVIRONMENTAL     &	0899-9546
PUBLIC ENVIRONMENTAL &    OCCUPATIONAL HEALTH	B级	75	ENVIRONMENTAL     &     HEALTH EXPECTATIONS	1369-6513
PUBLIC ENVIRONMENTAL &    OCCUPATIONAL HEALTH	B级	76	ENVIRONMENTAL     &     GLOBAL PUBLIC HEALTH	1744-1692
PUBLIC ENVIRONMENTAL &    OCCUPATIONAL HEALTH	B级	77	ENVIRONMENTAL     &	0278-095X
PUBLIC ENVIRONMENTAL &    OCCUPATIONAL HEALTH	B级	78	ENVIRONMENTAL     &     BMC WOMENS HEALTH	1472-6874
PUBLIC ENVIRONMENTAL &    OCCUPATIONAL HEALTH	B级	79	ENVIRONMENTAL     &	0744-8481
PUBLIC ENVIRONMENTAL &    OCCUPATIONAL HEALTH	B级	80	ENVIRONMENTAL     &	0197-5897
PUBLIC ENVIRONMENTAL &    OCCUPATIONAL HEALTH	B级	81	ENVIRONMENTAL     &     EPIDEMIOLOGIA & PREVENZIONE	1120-9763
PUBLIC ENVIRONMENTAL &    OCCUPATIONAL HEALTH	B级	82	ENVIRONMENTAL     &     PUBLIC HEALTH	0033-3506
PUBLIC ENVIRONMENTAL &    OCCUPATIONAL HEALTH	B级	83	ENVIRONMENTAL     &     HEALTH AND HUMAN RIGHTS	1079-0969
PUBLIC ENVIRONMENTAL &    OCCUPATIONAL HEALTH	B级	84	ENVIRONMENTAL     &	1354-8506
PUBLIC ENVIRONMENTAL &    OCCUPATIONAL HEALTH	B级	85	ENVIRONMENTAL     &     JOURNAL OF RURAL HEALTH	0890-765X
PUBLIC ENVIRONMENTAL &    OCCUPATIONAL HEALTH	B级	86	ENVIRONMENTAL     &     INJURY PREVENTION	1353-8047
PUBLIC ENVIRONMENTAL &    OCCUPATIONAL HEALTH	B级	87	ENVIRONMENTAL     &	1945-7359
PUBLIC ENVIRONMENTAL &    OCCUPATIONAL HEALTH	B级	88	ENVIRONMENTAL     &     QUALITATIVE STUDIES ON	1748-2623
PUBLIC ENVIRONMENTAL &    OCCUPATIONAL HEALTH	B级	89	ENVIRONMENTAL     &     GLOBAL HEALTH PROMOTION	1757-9759
PUBLIC ENVIRONMENTAL &    OCCUPATIONAL HEALTH	B级	90	ENVIRONMENTAL     &     WOMEN & HEALTH	0363-0242
PUBLIC ENVIRONMENTAL &    OCCUPATIONAL HEALTH	B级	91	ENVIRONMENTAL     &	0094-5145
PUBLIC ENVIRONMENTAL &    OCCUPATIONAL HEALTH	B级	92	ENVIRONMENTAL     &	2045-4015
PUBLIC ENVIRONMENTAL &    OCCUPATIONAL HEALTH	B级	93	ENVIRONMENTAL     &	1935-7893
PUBLIC ENVIRONMENTAL &    OCCUPATIONAL HEALTH	B级	94	ENVIRONMENTAL     &     REVISTA DE SAUDE PUBLICA	0034-8910
PUBLIC ENVIRONMENTAL &    OCCUPATIONAL HEALTH	B级	95	ENVIRONMENTAL     &     HEALTH-REVUE CANADIENNE DE	0008-4263
PUBLIC ENVIRONMENTAL &    OCCUPATIONAL HEALTH	B级	96	ENVIRONMENTAL     &	1403-4948
PUBLIC ENVIRONMENTAL &    OCCUPATIONAL HEALTH	B级	97	ENVIRONMENTAL     &	1729-0376
PUBLIC ENVIRONMENTAL &    OCCUPATIONAL HEALTH	B级	98	ENVIRONMENTAL     &     SALUD PUBLICA DE MEXICO	0036-3634
PUBLIC ENVIRONMENTAL &    OCCUPATIONAL HEALTH	B级	99	ENVIRONMENTAL     &	1557-1912
PUBLIC ENVIRONMENTAL &    OCCUPATIONAL HEALTH	B级	100	ENVIRONMENTAL     &     TRAFFIC INJURY PREVENTION	1538-9588
PUBLIC ENVIRONMENTAL &    OCCUPATIONAL HEALTH	B级	101	ENVIRONMENTAL     &     PUBLIC HEALTH ETHICS	1754-9973
PUBLIC ENVIRONMENTAL &    OCCUPATIONAL HEALTH	B级	102	ENVIRONMENTAL     &	1078-4659
PUBLIC ENVIRONMENTAL &    OCCUPATIONAL HEALTH	B级	103	ENVIRONMENTAL     &	1448-7527
PUBLIC ENVIRONMENTAL &    OCCUPATIONAL HEALTH	B级	104	ENVIRONMENTAL     &     HEALTH PLANNING AND	0749-6753
PUBLIC ENVIRONMENTAL &    OCCUPATIONAL HEALTH	B级	105	ENVIRONMENTAL     &     ANNALS OF HUMAN BIOLOGY	0301-4460
PUBLIC ENVIRONMENTAL &    OCCUPATIONAL HEALTH	B级	106	ENVIRONMENTAL     &     SEXUAL HEALTH	1448-5028
PUBLIC ENVIRONMENTAL &    OCCUPATIONAL HEALTH	B级	107	ENVIRONMENTAL     &     FAMILIES SYSTEMS & HEALTH	1091-7527
PUBLIC ENVIRONMENTAL &    OCCUPATIONAL HEALTH	B级	108	ENVIRONMENTAL     &	1877-5756
PUBLIC ENVIRONMENTAL &    OCCUPATIONAL HEALTH	B级	109	ENVIRONMENTAL     &	0739-9332
PUBLIC ENVIRONMENTAL &    OCCUPATIONAL HEALTH	B级	110	ENVIRONMENTAL     &	0010-3853
PUBLIC ENVIRONMENTAL &    OCCUPATIONAL HEALTH	C级	111	ENVIRONMENTAL     &	1239-9736
PUBLIC ENVIRONMENTAL &    OCCUPATIONAL HEALTH	C级	112	ENVIRONMENTAL     &     CADERNOS DE SAUDE PUBLICA	0102-311X
PUBLIC ENVIRONMENTAL &    OCCUPATIONAL HEALTH	C级	113	ENVIRONMENTAL     &	1342-078X
PUBLIC ENVIRONMENTAL &    OCCUPATIONAL HEALTH	C级	114	ENVIRONMENTAL     &	1036-1073
PUBLIC ENVIRONMENTAL &    OCCUPATIONAL HEALTH	C级	115	ENVIRONMENTAL     &     HEALTH SECURITY	2326-5094
PUBLIC ENVIRONMENTAL &    OCCUPATIONAL HEALTH	C级	116	ENVIRONMENTAL     &     FAMILY & COMMUNITY HEALTH	0160-6379
PUBLIC ENVIRONMENTAL &    OCCUPATIONAL HEALTH	C级	117	ENVIRONMENTAL     &	1038-5282
PUBLIC ENVIRONMENTAL &    OCCUPATIONAL HEALTH	C级	118	ENVIRONMENTAL     &	1937-5867
PUBLIC ENVIRONMENTAL &    OCCUPATIONAL HEALTH	C级	119	ENVIRONMENTAL     &     HEALTH	1363-4593
PUBLIC ENVIRONMENTAL &    OCCUPATIONAL HEALTH	C级	120	ENVIRONMENTAL     &	1538-7135
PUBLIC ENVIRONMENTAL &    OCCUPATIONAL HEALTH	C级	121	ENVIRONMENTAL     &	0965-3562
PUBLIC ENVIRONMENTAL &    OCCUPATIONAL HEALTH	C级	122	ENVIRONMENTAL     &	0968-8080
PUBLIC ENVIRONMENTAL &    OCCUPATIONAL HEALTH	C级	123	ENVIRONMENTAL     &     PERSPECTIVES IN PUBLIC HEALTH	1757-9139
PUBLIC ENVIRONMENTAL &    OCCUPATIONAL HEALTH	C级	124	ENVIRONMENTAL     &	1049-2089
PUBLIC ENVIRONMENTAL &    OCCUPATIONAL HEALTH	C级	125	ENVIRONMENTAL     &     INJURY CONTROL AND SAFETY	1745-7300
PUBLIC ENVIRONMENTAL &    OCCUPATIONAL HEALTH	C级	126	ENVIRONMENTAL     &     JOURNAL OF RELIGION & HEALTH	0022-4197
PUBLIC ENVIRONMENTAL &    OCCUPATIONAL HEALTH	C级	127	ENVIRONMENTAL     &	1608-5906
PUBLIC ENVIRONMENTAL &    OCCUPATIONAL HEALTH	C级	128	ENVIRONMENTAL     &	0090-4392
PUBLIC ENVIRONMENTAL &    OCCUPATIONAL HEALTH	C级	129	ENVIRONMENTAL     &     RURAL AND REMOTE HEALTH	1445-6354
PUBLIC ENVIRONMENTAL &    OCCUPATIONAL HEALTH	C级	130	ENVIRONMENTAL     &	1931-7611
PUBLIC ENVIRONMENTAL &    OCCUPATIONAL HEALTH	C级	131	ENVIRONMENTAL     &     HEALTH EDUCATION JOURNAL	0017-8969
PUBLIC ENVIRONMENTAL &    OCCUPATIONAL HEALTH	C级	132	ENVIRONMENTAL     &	1010-5395
PUBLIC ENVIRONMENTAL &    OCCUPATIONAL HEALTH	C级	133	ENVIRONMENTAL     &     PUBLIC HEALTH NURSING	0737-1209
PUBLIC ENVIRONMENTAL &    OCCUPATIONAL HEALTH	C级	134	ENVIRONMENTAL     &     CIENCIA & SAUDE COLETIVA	1413-8123
PUBLIC ENVIRONMENTAL &    OCCUPATIONAL HEALTH	C级	135	ENVIRONMENTAL     &     PREVENTION ASSESSMENT &	1051-9815
PUBLIC ENVIRONMENTAL &    OCCUPATIONAL HEALTH	C级	136	ENVIRONMENTAL     &	2251-6085
PUBLIC ENVIRONMENTAL &    OCCUPATIONAL HEALTH	C级	137	ENVIRONMENTAL     &	1078-3458
PUBLIC ENVIRONMENTAL &    OCCUPATIONAL HEALTH	C级	138	ENVIRONMENTAL     &	1468-1811
PUBLIC ENVIRONMENTAL &    OCCUPATIONAL HEALTH	C级	139	ENVIRONMENTAL     &	1118-4841
PUBLIC ENVIRONMENTAL &    OCCUPATIONAL HEALTH	C级	140	ENVIRONMENTAL     &	1135-5727
PUBLIC ENVIRONMENTAL &    OCCUPATIONAL HEALTH	C级	141	ENVIRONMENTAL     &	1210-7778
PUBLIC ENVIRONMENTAL &    OCCUPATIONAL HEALTH	C级	142	ENVIRONMENTAL     &	1462-3730
PUBLIC ENVIRONMENTAL &    OCCUPATIONAL HEALTH	C级	143	ENVIRONMENTAL     &	1137-6627
PUBLIC ENVIRONMENTAL &    OCCUPATIONAL HEALTH	C级	144	ENVIRONMENTAL     &     JOURNAL OF PALLIATIVE CARE	0825-8597
PUBLIC ENVIRONMENTAL &    OCCUPATIONAL HEALTH	C级	145	ENVIRONMENTAL     &     SOCIAL WORK IN PUBLIC HEALTH	1937-1918
PUBLIC ENVIRONMENTAL &    OCCUPATIONAL HEALTH	C级	146	ENVIRONMENTAL     &     ANTHROPOLOGY & MEDICINE	1364-8470
PUBLIC ENVIRONMENTAL &    OCCUPATIONAL HEALTH	C级	147	ENVIRONMENTAL     &     SALUD PUBLICA-PAN AMERICAN	1020-4989
PUBLIC ENVIRONMENTAL &    OCCUPATIONAL HEALTH	C级	148	ENVIRONMENTAL     &     GESUNDHEITSWESEN	0941-3790
PUBLIC ENVIRONMENTAL &    OCCUPATIONAL HEALTH	C级	149	ENVIRONMENTAL     &     SALUD COLECTIVA	1851-8265
PUBLIC ENVIRONMENTAL &    OCCUPATIONAL HEALTH	C级	150	ENVIRONMENTAL     &	1557-0541
PUBLIC ENVIRONMENTAL &    OCCUPATIONAL HEALTH	C级	151	ENVIRONMENTAL      &    JOURNAL OF MENS HEALTH	1875-6867
PUBLIC ENVIRONMENTAL &    OCCUPATIONAL HEALTH	C级	152	ENVIRONMENTAL      &    OCCUPATIONAL SAFETY AND	1080-3548
PUBLIC ENVIRONMENTAL &    OCCUPATIONAL HEALTH	C级	153	ENVIRONMENTAL      &    ARTS & HEALTH	1753-3015
PUBLIC ENVIRONMENTAL &    OCCUPATIONAL HEALTH	C级	154	ENVIRONMENTAL      &    ZDRAVSTVENO VARSTVO	0351-0026
PUBLIC ENVIRONMENTAL &    OCCUPATIONAL HEALTH	C级	155	ENVIRONMENTAL      &    CHILDRENS HEALTH CARE	0273-9615
PUBLIC ENVIRONMENTAL &    OCCUPATIONAL HEALTH	C级	156	ENVIRONMENTAL      &	1021-6790
PUBLIC ENVIRONMENTAL &    OCCUPATIONAL HEALTH	C级	157	ENVIRONMENTAL      &    SAUDE E SOCIEDADE	0104-1290
REHABILITATION	A级	1	REHABILITATION	0885-9701
REHABILITATION	A级	2	REHABILITATION	0094-730X
REHABILITATION	A级	3	REHABILITATION	0743-4618
REHABILITATION	A级	4	REHABILITATION        EXCEPTIONAL CHILDREN	0014-4029
REHABILITATION	A级	5	REHABILITATION        LANGUAGE & COMMUNICATION	1368-2822
REHABILITATION	A级	6	REHABILITATION	1360-2322
REHABILITATION	B级	7	REHABILITATION	0961-5423
REHABILITATION	B级	8	REHABILITATION	0272-9490
REHABILITATION	B级	9	REHABILITATION   GAMES FOR HEALTH JOURNAL	2161-783X
REHABILITATION	B级	10	REHABILITATION	0964-2633
REHABILITATION	B级	11	REHABILITATION   BRAIN INJURY	0269-9052
REHABILITATION	B级	12	REHABILITATION	1936-6574
REHABILITATION	B级	13	REHABILITATION   DISABILITY AND REHABILITATION	0963-8288
REHABILITATION	B级	14	REHABILITATION	1081-4159
REHABILITATION	B级	15	REHABILITATION	1092-4388
REHABILITATION	B级	16	REHABILITATION   REHABILITATION NURSING	0278-4807
REHABILITATION	B级	17	REHABILITATION	1053-0487
REHABILITATION	B级	18	REHABILITATION   INTELLECTUAL AND	1944-7515
REHABILITATION	B级	19	REHABILITATION	0891-4222
REHABILITATION	B级	20	REHABILITATION	1934-9491
REHABILITATION	B级	21	REHABILITATION   REHABILITATION PSYCHOLOGY	0090-5550
REHABILITATION	B级	22	REHABILITATION   ANNALS OF DYSLEXIA	0736-9387
REHABILITATION	B级	23	REHABILITATION	1750-9467
REHABILITATION	B级	24	REHABILITATION   NEUROREHABILITATION	1053-8135
REHABILITATION	B级	25	REHABILITATION	0022-2194
REHABILITATION	B级	26	REHABILITATION   DYSLEXIA	1076-9242
REHABILITATION	B级	27	REHABILITATION	0021-9924
REHABILITATION	B级	28	REHABILITATION	0809-8131
REHABILITATION	B级	29	REHABILITATION	0748-7711
REHABILITATION	B级	30	REHABILITATION	0342-5282
REHABILITATION	B级	31	REHABILITATION   OCCUPATIONAL THERAPY-REVUE	0008-4174
REHABILITATION	B级	32	REHABILITATION	0938-8982
REHABILITATION	B级	33	REHABILITATION	1053-8151
REHABILITATION	B级	34	REHABILITATION	0161-1461
REHABILITATION	B级	35	REHABILITATION	1044-2073
REHABILITATION	B级	36	REHABILITATION	1754-9507
REHABILITATION	B级	36	REHABILITATION	1058-0360
REHABILITATION	B级	38	REHABILITATION   DISABILITY & SOCIETY	0968-7599
REHABILITATION	B级	39	REHABILITATION	1103-8128
REHABILITATION	B级	40	REHABILITATION   PERSONS WITH SEVERE	1540-7969
REHABILITATION	B级	41	REHABILITATION	1366-8250
REHABILITATION	B级	42	REHABILITATION	1095-158X
REHABILITATION	B级	43	REHABILITATION   ASSISTIVE TECHNOLOGY	1040-0435
REHABILITATION	B级	44	REHABILITATION	0731-9487
REHABILITATION	B级	45	REHABILITATION   AMERICAN ANNALS OF THE DEAF	0002-726X
REHABILITATION	B级	46	REHABILITATION   JOURNAL OF MUSIC THERAPY	0022-2917
REHABILITATION	B级	47	REHABILITATION   ARTS IN PSYCHOTHERAPY	0197-4556
REHABILITATION	B级	48	REHABILITATION   PRACTICE IN INTELLECTUAL	1741-1122
REHABILITATION	B级	49	REHABILITATION   KINESIOLOGY	1331-1441
REHABILITATION	C级	50	REHABILITATION   SEXUALITY AND DISABILITY	0146-1044
REHABILITATION	C级	50	REHABILITATION	0269-9206
REHABILITATION	C级	52	REHABILITATION	0194-2638
REHABILITATION	C级	53	REHABILITATION   INFANTS & YOUNG CHILDREN	0896-3746
REHABILITATION	C级	54	REHABILITATION	1539-4492
REHABILITATION	C级	55	REHABILITATION	0966-7903
REHABILITATION	C级	56	REHABILITATION	0034-3552
REHABILITATION	C级	57	REHABILITATION	1088-3576
REHABILITATION	C级	58	REHABILITATION	1056-263X
REHABILITATION	C级	59	REHABILITATION	0308-0226
REHABILITATION	C级	60	REHABILITATION   DISABILITY DEVELOPMENT AND	1034-912X
REHABILITATION	C级	61	REHABILITATION	0748-8491
REHABILITATION	C级	62	REHABILITATION	1525-7401
REHABILITATION	C级	63	REHABILITATION   RESEARCH IN INTELLECTUAL	1931-5864
REHABILITATION	C级	64	REHABILITATION   TOPICS IN LANGUAGE DISORDERS	0271-8294
REHABILITATION	C级	65	REHABILITATION   AUTISM AND DEVELOPMENTAL	2154-1647
REHABILITATION	C级	66	REHABILITATION	1021-7762
REHABILITATION	C级	66	REHABILITATION	2047-3869
REHABILITATION	C级	68	REHABILITATION    JOURNAL OF REHABILITATION	0022-4154
REHABILITATION	C级	69	REHABILITATION	0882-7524
REHABILITATION	C级	70	REHABILITATION	0145-482X
SOCIAL ISSUES	A级	1	SOCIAL   ISSUES	1526-5161
SOCIAL ISSUES	A级	2	SOCIAL   ISSUES	1751-2395
SOCIAL ISSUES	A级	3	SOCIAL   ISSUES	1932-2259
SOCIAL ISSUES	B级	4	SOCIAL   ISSUES	0162-2439
SOCIAL ISSUES	B级	5	SOCIAL   ISSUES	1360-8746
SOCIAL ISSUES	B级	6	SOCIAL   ISSUES	0899-7640
SOCIAL ISSUES	B级	7	SOCIAL   ISSUES	1053-0487
SOCIAL ISSUES	B级	8	SOCIAL   ISSUES   POLITICS & SOCIETY	0032-3292
SOCIAL ISSUES	B级	9	SOCIAL   ISSUES   YOUTH & SOCIETY	0044-118X
SOCIAL ISSUES	B级	10	SOCIAL   ISSUES	0958-9287
SOCIAL ISSUES	B级	11	SOCIAL   ISSUES   BIOETHICS	0269-9702
SOCIAL ISSUES	B级	12	SOCIAL   ISSUES   JOURNAL OF MEDICAL ETHICS	0306-6800
SOCIAL ISSUES	B级	13	SOCIAL   ISSUES   JOURNAL OF SOCIAL ISSUES	0022-4537
SOCIAL ISSUES	B级	14	SOCIAL   ISSUES   JOURNAL OF SOCIAL POLICY	0047-2794
SOCIAL ISSUES	B级	15	SOCIAL   ISSUES	1054-6863
SOCIAL ISSUES	B级	16	SOCIAL   ISSUES   ADDICTION RESEARCH & THEORY	1606-6359
SOCIAL ISSUES	B级	17	SOCIAL   ISSUES	0361-6878
SOCIAL ISSUES	B级	18	SOCIAL   ISSUES   NEW GENETICS AND SOCIETY	1463-6778
SOCIAL ISSUES	B级	19	SOCIAL   ISSUES   CRITICAL SOCIAL POLICY	0261-0183
SOCIAL ISSUES	B级	20	SOCIAL   ISSUES	1529-7489
SOCIAL ISSUES	B级	21	SOCIAL   ISSUES	0144-5596
SOCIAL ISSUES	B级	22	SOCIAL   ISSUES   DEATH STUDIES	0748-1187
SOCIAL ISSUES	B级	23	SOCIAL   ISSUES   VOLUNTAS	0957-8765
SOCIAL ISSUES	B级	24	SOCIAL   ISSUES	0157-6321
SOCIAL ISSUES	B级	25	SOCIAL   ISSUES   SOCIAL POLITICS	1072-4745
SOCIAL ISSUES	B级	26	SOCIAL   ISSUES	0748-5492
SOCIAL ISSUES	B级	27	SOCIAL   ISSUES	1176-7529
SOCIAL ISSUES	B级	28	SOCIAL   ISSUES	1386-7415
SOCIAL ISSUES	B级	29	SOCIAL   ISSUES   JOURNAL OF GENDER STUDIES	0958-9236
SOCIAL ISSUES	B级	30	SOCIAL   ISSUES   ZYGON	0591-2385
SOCIAL ISSUES	C级	31	SOCIAL   ISSUES   HUMAN RIGHTS QUARTERLY	0275-0392
SOCIAL ISSUES	C级	32	SOCIAL   ISSUES	0096-3402
SOCIAL ISSUES	C级	33	SOCIAL   ISSUES   RACE & CLASS	0306-3968
SOCIAL ISSUES	C级	34	SOCIAL   ISSUES   DISSENT	0012-3846
SOCIAL ISSUES	C级	35	SOCIAL   ISSUES   REVISTA DE ESTUDIOS SOCIALES	0123-885X
SOCIAL ISSUES	C级	36	SOCIAL   ISSUES	0041-4751
SOCIAL ISSUES	C级	37	SOCIAL   ISSUES   JOURNAL OF SOCIAL PHILOSOPHY	0047-2786
SOCIAL ISSUES	C级	38	SOCIAL   ISSUES   FUTURIST	0016-3317
SOCIAL ISSUES	C级	39	SOCIAL    ISSUES    DRUSTVENA ISTRAZIVANJA	1330-0288
SOCIAL ISSUES	C级	40	SOCIAL    ISSUES	0010-1923
SOCIAL ISSUES	C级	41	SOCIAL    ISSUES    REVIJA ZA SOCIJALNU POLITIKU	1330-2965
SOCIAL SCIENCES BIOMEDICAL	A级	3	PSYCHO-ONCOLOGY	1057-9249
SOCIAL SCIENCES BIOMEDICAL	B级	4	AIDS AND BEHAVIOR	1090-7165
SOCIAL SCIENCES BIOMEDICAL	B级	5	SOCIAL SCIENCE & MEDICINE	0277-9536
SOCIAL SCIENCES BIOMEDICAL	B级	6	INTERDISCIPLINARY BIOSOCIAL	1045-6767
SOCIAL SCIENCES BIOMEDICAL	B级	7	HEALTH RISK & SOCIETY	1369-8575
SOCIAL SCIENCES BIOMEDICAL	B级	8	BIOSOCIETIES	1745-8552
SOCIAL SCIENCES BIOMEDICAL	B级	9	CRITICAL PUBLIC HEALTH	0958-1596
SOCIAL SCIENCES BIOMEDICAL	B级	10	QUALITATIVE HEALTH RESEARCH	1049-7323
SOCIAL SCIENCES BIOMEDICAL	B级	11	CULTURE HEALTH & SEXUALITY	1369-1058
SOCIAL SCIENCES BIOMEDICAL	B级	14	SOCIO-MEDICAL ASPECTS OF	0954-0121
SOCIAL SCIENCES BIOMEDICAL	B级	15	ON SEXUAL AND REPRODUCTIVE	1944-0391
SOCIAL SCIENCES BIOMEDICAL	B级	16	BMC MEDICAL ETHICS	1472-6939
SOCIAL SCIENCES BIOMEDICAL	B级	17	BIOETHICS	0269-9702
SOCIAL SCIENCES BIOMEDICAL	B级	18	JOURNAL OF MEDICAL ETHICS	0306-6800
SOCIAL SCIENCES BIOMEDICAL	B级	19	AND REPRODUCTIVE HEALTH	1471-1893
SOCIAL SCIENCES BIOMEDICAL	B级	20	MEDICAL ANTHROPOLOGY	0145-9740
SOCIAL SCIENCES BIOMEDICAL	B级	21	HASTINGS CENTER REPORT	0093-0334
SOCIAL SCIENCES BIOMEDICAL	B级	23	NEW GENETICS AND SOCIETY	1463-6778
SOCIAL SCIENCES BIOMEDICAL	B级	24	JOURNAL OF BIOSOCIAL SCIENCE	0021-9320
SOCIAL SCIENCES BIOMEDICAL	B级	25	DEATH STUDIES	0748-1187
SOCIAL SCIENCES BIOMEDICAL	B级	28	HEALTH	1363-4593
SOCIAL SCIENCES BIOMEDICAL	C级	29	NEUROETHICS	1874-5490
SOCIAL SCIENCES BIOMEDICAL	C级	31	HEALTH CARE ANALYSIS	1065-3058
SOCIAL SCIENCES BIOMEDICAL	C级	35	SOCIAL THEORY & HEALTH	1477-8211
SOCIAL SCIENCES BIOMEDICAL	C级	37	ANTHROPOLOGY & MEDICINE	1364-8470
SOCIAL SCIENCES BIOMEDICAL	C级	38	FEMINIST APPROACHES TO	1937-4585
SOCIAL SCIENCES BIOMEDICAL	C级	39	JOURNAL OF LEGAL MEDICINE	0194-7648
SOCIAL SCIENCES BIOMEDICAL	C级	40	ACTA BIOETHICA	1726-569X
SOCIAL SCIENCES INTERDISCIPLINARY	A级	1	JOURNAL OF SEX RESEARCH	0022-4499
SOCIAL SCIENCES INTERDISCIPLINARY	A级	2	ARCHIVES OF SEXUAL BEHAVIOR	0004-0002
SOCIAL SCIENCES INTERDISCIPLINARY	A级	4	HUMAN RELATIONS	0018-7267
SOCIAL SCIENCES INTERDISCIPLINARY	A级	5	FUTURE OF CHILDREN	1054-8289
SOCIAL SCIENCES INTERDISCIPLINARY	A级	7	JOURNAL OF HAPPINESS STUDIES	1389-4978
SOCIAL SCIENCES INTERDISCIPLINARY	B级	11	ACADEMY OF POLITICAL AND	0002-7162
SOCIAL SCIENCES INTERDISCIPLINARY	B级	12	QUALITATIVE HEALTH RESEARCH	1049-7323
SOCIAL SCIENCES INTERDISCIPLINARY	B级	13	QUALITATIVE RESEARCH	1468-7941
SOCIAL SCIENCES INTERDISCIPLINARY	B级	14	JOURNAL OF SAFETY RESEARCH	0022-4375
SOCIAL SCIENCES INTERDISCIPLINARY	B级	15	NEW LEFT REVIEW	0028-6060
SOCIAL SCIENCES INTERDISCIPLINARY	B级	16	POLICY SCIENCES	0032-2687
SOCIAL SCIENCES INTERDISCIPLINARY	B级	17	SOCIAL INDICATORS RESEARCH	0303-8300
SOCIAL SCIENCES INTERDISCIPLINARY	B级	20	YOUTH & SOCIETY	0044-118X
SOCIAL SCIENCES INTERDISCIPLINARY	B级	23	JOURNAL OF YOUTH STUDIES	1367-6261
SOCIAL SCIENCES INTERDISCIPLINARY	B级	24	MINERVA	0026-4695
SOCIAL SCIENCES INTERDISCIPLINARY	B级	25	SOCIAL RESEARCH	1364-5579
SOCIAL SCIENCES INTERDISCIPLINARY	B级	26	PUBLIC OPINION QUARTERLY	0033-362X
SOCIAL SCIENCES INTERDISCIPLINARY	B级	27	JOURNAL OF HOMOSEXUALITY	0091-8369
SOCIAL SCIENCES INTERDISCIPLINARY	B级	28	EVALUATION	1356-3890
SOCIAL SCIENCES INTERDISCIPLINARY	B级	30	FIELD METHODS	1525-822X
SOCIAL SCIENCES INTERDISCIPLINARY	B级	31	JOURNAL OF RISK RESEARCH	1366-9877
SOCIAL SCIENCES INTERDISCIPLINARY	B级	33	HUMAN ORGANIZATION	0018-7259
SOCIAL SCIENCES INTERDISCIPLINARY	B级	34	CRITICAL SOCIAL POLICY	0261-0183
SOCIAL SCIENCES INTERDISCIPLINARY	B级	35	EVALUATION REVIEW	0193-841X
SOCIAL SCIENCES INTERDISCIPLINARY	B级	37	TIME & SOCIETY	0961-463X
SOCIAL SCIENCES INTERDISCIPLINARY	B级	38	CHILD INDICATORS RESEARCH	1874-897X
SOCIAL SCIENCES INTERDISCIPLINARY	B级	39	QUALITATIVE INQUIRY	1077-8004
SOCIAL SCIENCES INTERDISCIPLINARY	B级	41	DISABILITY & SOCIETY	0968-7599
SOCIAL SCIENCES INTERDISCIPLINARY	B级	43	QUALITY & QUANTITY	0033-5177
SOCIAL SCIENCES INTERDISCIPLINARY	B级	46	ADAPTIVE BEHAVIOR	1059-7123
SOCIAL SCIENCES INTERDISCIPLINARY	B级	47	ARTIFICIAL SOCIETIES AND	1460-7425
SOCIAL SCIENCES INTERDISCIPLINARY	B级	48	EMOTION SPACE AND SOCIETY	1755-4586
SOCIAL SCIENCES INTERDISCIPLINARY	B级	50	SOCIAL EPISTEMOLOGY	0269-1728
SOCIAL SCIENCES INTERDISCIPLINARY	B级	51	DAEDALUS	0011-5266
SOCIAL SCIENCES INTERDISCIPLINARY	B级	52	GLOBALIZATIONS	1474-7731
SOCIAL SCIENCES INTERDISCIPLINARY	B级	53	EVIDENCE & POLICY	1744-2648
SOCIAL SCIENCES INTERDISCIPLINARY	B级	54	ISLAND STUDIES JOURNAL	1715-2593
SOCIAL SCIENCES INTERDISCIPLINARY	B级	55	SCIENCE & SOCIETY	0036-8237
SOCIAL SCIENCES INTERDISCIPLINARY	B级	58	CROSS-CULTURAL RESEARCH	1069-3971
SOCIAL SCIENCES INTERDISCIPLINARY	B级	60	SOCIAL & LEGAL STUDIES	0964-6639
SOCIAL SCIENCES INTERDISCIPLINARY	B级	61	SOCIAL SCIENCE JOURNAL	0362-3319
SOCIAL SCIENCES INTERDISCIPLINARY	B级	62	YOUNG	1103-3088
SOCIAL SCIENCES INTERDISCIPLINARY	B级	64	JOURNAL OF GENDER STUDIES	0958-9236
SOCIAL SCIENCES INTERDISCIPLINARY	B级	65	CRIME LAW AND SOCIAL CHANGE	0925-4994
SOCIAL SCIENCES INTERDISCIPLINARY	B级	66	ACTION RESEARCH	1476-7503
SOCIAL SCIENCES INTERDISCIPLINARY	B级	67	SPACE POLICY	0265-9646
SOCIAL SCIENCES INTERDISCIPLINARY	C级	71	JOURNAL OF EAST ASIAN STUDIES	1598-2408
SOCIAL SCIENCES INTERDISCIPLINARY	C级	72	SOCIETY	0147-2011
SOCIAL SCIENCES INTERDISCIPLINARY	C级	74	JOURNAL OF BLACK STUDIES	0021-9347
SOCIAL SCIENCES INTERDISCIPLINARY	C级	75	RACE & CLASS	0306-3968
SOCIAL SCIENCES INTERDISCIPLINARY	C级	78	SOCIAL PHILOSOPHY & POLICY	0265-0525
SOCIAL SCIENCES INTERDISCIPLINARY	C级	79	CONTINUITY AND CHANGE	0268-4160
SOCIAL SCIENCES INTERDISCIPLINARY	C级	80	PERFILES LATINOAMERICANOS	0188-7653
SOCIAL SCIENCES INTERDISCIPLINARY	C级	83	NEGOTIATION JOURNAL	0748-4526
SOCIAL SCIENCES INTERDISCIPLINARY	C级	84	SOCIAL SCIENCE JAPAN JOURNAL	1369-1465
SOCIAL SCIENCES INTERDISCIPLINARY	C级	86	SOCIAL RESEARCH	0037-783X
SOCIAL SCIENCES INTERDISCIPLINARY	C级	87	REVISTA DE ESTUDIOS SOCIALES	0123-885X
SOCIAL SCIENCES INTERDISCIPLINARY	C级	88	MOVIMENTO	0104-754X
SOCIAL SCIENCES INTERDISCIPLINARY	C级	89	NEW PERSPECTIVES ON TURKEY	0896-6346
SOCIAL SCIENCES INTERDISCIPLINARY	C级	91	HUMANITIES AND SOCIAL	1406-0922
SOCIAL SCIENCES INTERDISCIPLINARY	C级	93	RESEARCH IN SPORT PHYSICAL	0379-9069
SOCIAL SCIENCES INTERDISCIPLINARY	C级	94	SCIENCES SOCIALES ET SANTE	0294-0337
SOCIAL SCIENCES INTERDISCIPLINARY	C级	95	TRAVAIL GENRE ET SOCIETES	1294-6303
SOCIAL SCIENCES INTERDISCIPLINARY	C级	96	ZEITSCHRIFT FUR EVALUATION	1619-5515
SOCIAL SCIENCES INTERDISCIPLINARY	C级	97	ANDAMIOS	1870-0063
SOCIAL SCIENCES MATHEMATICAL METHODS	A级	1	MATHEMATICAL	0049-1241
SOCIAL SCIENCES MATHEMATICAL METHODS	A级	2	MATHEMATICAL       MODELING-A	1070-5511
SOCIAL SCIENCES MATHEMATICAL METHODS	A级	3	MATHEMATICAL	0034-6535
SOCIAL SCIENCES MATHEMATICAL METHODS	B级	4	MATHEMATICAL       EPJ DATA SCIENCE	2193-1127
SOCIAL SCIENCES MATHEMATICAL METHODS	B级	5	MATHEMATICAL	0027-3171
SOCIAL SCIENCES MATHEMATICAL METHODS	B级	6	MATHEMATICAL       RISK ANALYSIS	0272-4332
SOCIAL SCIENCES MATHEMATICAL METHODS	B级	7	MATHEMATICAL       MATHEMATICAL FINANCE	0960-1627
SOCIAL SCIENCES MATHEMATICAL METHODS	B级	8	MATHEMATICAL	0883-7252
SOCIAL SCIENCES MATHEMATICAL METHODS	B级	9	MATHEMATICAL       PSYCHOMETRIKA	0033-3123
SOCIAL SCIENCES MATHEMATICAL METHODS	B级	10	MATHEMATICAL       STATISTICAL SOCIETY SERIES A-	0964-1998
SOCIAL SCIENCES MATHEMATICAL METHODS	B级	11	MATHEMATICAL	0735-0015
SOCIAL SCIENCES MATHEMATICAL METHODS	B级	12	MATHEMATICAL       JOURNAL OF ECONOMETRICS	0304-4076
SOCIAL SCIENCES MATHEMATICAL METHODS	B级	13	MATHEMATICAL       FINANCE AND STOCHASTICS	0949-2984
SOCIAL SCIENCES MATHEMATICAL METHODS	B级	14	MATHEMATICAL	1471-678X
SOCIAL SCIENCES MATHEMATICAL METHODS	B级	15	MATHEMATICAL	0022-2496
SOCIAL SCIENCES MATHEMATICAL METHODS	B级	16	MATHEMATICAL	1076-9986
SOCIAL SCIENCES MATHEMATICAL METHODS	B级	17	MATHEMATICAL	0167-6687
SOCIAL SCIENCES MATHEMATICAL METHODS	B级	18	MATHEMATICAL	0346-1238
SOCIAL SCIENCES MATHEMATICAL METHODS	B级	19	MATHEMATICAL       ECONOMETRIC REVIEWS	0747-4938
SOCIAL SCIENCES MATHEMATICAL METHODS	B级	20	MATHEMATICAL	1570-7156
SOCIAL SCIENCES MATHEMATICAL METHODS	B级	21	MATHEMATICAL       LAW PROBABILITY & RISK	1470-8396
SOCIAL SCIENCES MATHEMATICAL METHODS	B级	22	MATHEMATICAL	1090-0578
SOCIAL SCIENCES MATHEMATICAL METHODS	B级	23	MATHEMATICAL	1614-1881
SOCIAL SCIENCES MATHEMATICAL METHODS	B级	24	MATHEMATICAL	0305-9049
SOCIAL SCIENCES MATHEMATICAL METHODS	B级	25	MATHEMATICAL       SYSTEM DYNAMICS REVIEW	0883-7066
SOCIAL SCIENCES MATHEMATICAL METHODS	B级	26	MATHEMATICAL	0895-562X
SOCIAL SCIENCES MATHEMATICAL METHODS	B级	27	MATHEMATICAL       STATA JOURNAL	1536-867X
SOCIAL SCIENCES MATHEMATICAL METHODS	B级	28	MATHEMATICAL       ASTIN BULLETIN	0515-0361
SOCIAL SCIENCES MATHEMATICAL METHODS	B级	29	MATHEMATICAL       ECONOMETRIC THEORY	0266-4666
SOCIAL SCIENCES MATHEMATICAL METHODS	B级	30	MATHEMATICAL       QUANTITATIVE FINANCE	1469-7688
SOCIAL SCIENCES MATHEMATICAL METHODS	B级	31	MATHEMATICAL	0146-6216
SOCIAL SCIENCES MATHEMATICAL METHODS	B级	32	MATHEMATICAL       MATHEMATICAL ORGANIZATION	1381-298X
SOCIAL SCIENCES MATHEMATICAL METHODS	B级	33	MATHEMATICAL	1945-497X
SOCIAL SCIENCES MATHEMATICAL METHODS	C级	34	MATHEMATICAL	0020-7276
SOCIAL SCIENCES MATHEMATICAL METHODS	C级	35	MATHEMATICAL	1081-1826
SOCIAL SCIENCES MATHEMATICAL METHODS	C级	36	MATHEMATICAL       EMPIRICAL ECONOMICS	0377-7332
SOCIAL SCIENCES MATHEMATICAL METHODS	C级	37	MATHEMATICAL       SOCIAL CHOICE AND WELFARE	0176-1714
SOCIAL SCIENCES MATHEMATICAL METHODS	C级	38	MATHEMATICAL        THEORY AND DECISION	0040-5833
SOCIAL SCIENCES MATHEMATICAL METHODS	C级	39	MATHEMATICAL	0304-4068
SOCIAL SCIENCES MATHEMATICAL METHODS	C级	40	MATHEMATICAL	0022-250X
SOCIAL SCIENCES MATHEMATICAL METHODS	C级	41	MATHEMATICAL        ECONOMETRICS JOURNAL	1368-4221
SOCIAL SCIENCES MATHEMATICAL METHODS	C级	42	MATHEMATICAL        SURVEY METHODOLOGY	0714-0045
SOCIAL SCIENCES MATHEMATICAL METHODS	C级	43	MATHEMATICAL        SURVEY RESEARCH METHODS	1864-3361
SOCIAL SCIENCES MATHEMATICAL METHODS	C级	44	MATHEMATICAL	0165-4896
SOCIAL SCIENCES MATHEMATICAL METHODS	C级	45	MATHEMATICAL	1862-9679
SOCIAL SCIENCES MATHEMATICAL METHODS	C级	46	MATHEMATICAL        JOURNAL OF OFFICIAL STATISTICS	0282-423X
SOCIAL SCIENCES MATHEMATICAL METHODS	C级	47	MATHEMATICAL	0889-8480
SOCIAL SCIENCES MATHEMATICAL METHODS	C级	48	MATHEMATICAL        NATIONALOKONOMIE UND	0021-4027
SOCIAL WORK	A级	1	SOCIAL    WORK      TRAUMA VIOLENCE & ABUSE	1524-8380
SOCIAL WORK	A级	2	SOCIAL   WORK   CHILD ABUSE & NEGLECT	0145-2134
SOCIAL WORK	A级	3	SOCIAL   WORK   CHILD MALTREATMENT	1077-5595
SOCIAL WORK	B级	4	SOCIAL   WORK	0091-0562
SOCIAL WORK	B级	5	SOCIAL   WORK   SOCIAL WORK	0037-8046
SOCIAL WORK	B级	6	SOCIAL   WORK	0966-0410
SOCIAL WORK	B级	7	SOCIAL   WORK	0002-9432
SOCIAL WORK	B级	8	SOCIAL   WORK	1049-7315
SOCIAL WORK	B级	9	SOCIAL   WORK   CHILD ABUSE REVIEW	0952-9136
SOCIAL WORK	B级	10	SOCIAL   WORK   JOURNAL OF SOCIAL POLICY	0047-2794
SOCIAL WORK	B级	11	SOCIAL   WORK   FAMILY RELATIONS	0197-6664
SOCIAL WORK	B级	12	SOCIAL   WORK   CHILD & FAMILY SOCIAL WORK	1356-7500
SOCIAL WORK	B级	13	SOCIAL   WORK   SOCIAL SERVICE REVIEW	0037-7961
SOCIAL WORK	B级	14	SOCIAL   WORK	0144-5596
SOCIAL WORK	B级	15	SOCIAL   WORK	0190-7409
SOCIAL WORK	B级	16	SOCIAL   WORK   SOCIAL WORK RESEARCH	1070-5309
SOCIAL WORK	B级	17	SOCIAL   WORK	0045-3102
SOCIAL WORK	B级	18	SOCIAL   WORK   HEALTH & SOCIAL WORK	0360-7283
SOCIAL WORK	B级	19	SOCIAL   WORK	0265-0533
SOCIAL WORK	B级	20	SOCIAL   WORK   SOCIAL WORK IN HEALTH CARE	0098-1389
SOCIAL WORK	B级	21	SOCIAL   WORK   QUALITATIVE SOCIAL WORK	1473-3250
SOCIAL WORK	B级	22	SOCIAL   WORK	1369-6866
SOCIAL WORK	B级	23	SOCIAL   WORK	0090-4392
SOCIAL WORK	B级	24	SOCIAL   WORK   JOURNAL OF SOCIAL WORK	1468-0173
SOCIAL WORK	B级	25	SOCIAL   WORK	1043-7797
SOCIAL WORK	B级	26	SOCIAL   WORK   CHILDREN & SOCIETY	0951-0605
SOCIAL WORK	B级	27	SOCIAL   WORK   CLINICAL SOCIAL WORK JOURNAL	0091-1674
SOCIAL WORK	B级	28	SOCIAL   WORK   AUSTRALIAN SOCIAL WORK	0312-407X
SOCIAL WORK	B级	29	SOCIAL   WORK	1037-2911
SOCIAL WORK	C级	30	SOCIAL   WORK	0886-1099
SOCIAL WORK	C级	31	SOCIAL   WORK	2334-2315
SOCIAL WORK	C级	32	SOCIAL   WORK	1369-1457
SOCIAL WORK	C级	33	SOCIAL   WORK   SOCIAL WORK IN PUBLIC HEALTH	1937-1918
SOCIAL WORK	C级	34	SOCIAL   WORK	0148-8376
SOCIAL WORK	C级	35	SOCIAL   WORK   INTERNATIONAL SOCIAL WORK	0020-8728
SOCIAL WORK	C级	36	SOCIAL   WORK   MANAGEMENT LEADERSHIP &	2330-3131
SOCIAL WORK	C级	37	SOCIAL   WORK   JOURNAL OF CONTEMPORARY	1044-3894
SOCIAL WORK	C级	38	SOCIAL   WORK	1583-3410
SOCIAL WORK	C级	39	SOCIAL   WORK	0218-5385
SOCIAL WORK	C级	40	SOCIAL   WORK	0037-7317
SOCIAL WORK	C级	41	SOCIAL   WORK	2055-6365
SOCIAL WORK	C级	42	SOCIAL   WORK   LJETOPIS SOCIJALNOG RADA	1846-5412
SOCIOLOGY	A级	1	SOCIOLOGY   ANNUAL REVIEW OF SOCIOLOGY	0360-0572
SOCIOLOGY	A级	2	SOCIOLOGY	0049-1241
SOCIOLOGY	A级	3	SOCIOLOGY	1469-5405
SOCIOLOGY	A级	4	SOCIOLOGY   ANNALS OF TOURISM RESEARCH	0160-7383
SOCIOLOGY	A级	5	SOCIOLOGY	0002-9602
SOCIOLOGY	A级	6	SOCIOLOGY	0098-7921
SOCIOLOGY	A级	7	SOCIOLOGY   GENDER & SOCIETY	0891-2432
SOCIOLOGY	A级	8	SOCIOLOGY   SOCIOLOGY OF EDUCATION	0038-0407
SOCIOLOGY	A级	9	SOCIOLOGY	1369-118X
SOCIOLOGY	A级	10	SOCIOLOGY   SOCIOLOGICAL METHODOLOGY	0081-1750
SOCIOLOGY	B级	11	SOCIOLOGY   SOCIO-ECONOMIC REVIEW	1475-1461
SOCIOLOGY	B级	12	SOCIOLOGY	1938-9655
SOCIOLOGY	B级	13	SOCIOLOGY   SOCIAL NETWORKS	0378-8733
SOCIOLOGY	B级	14	SOCIOLOGY   WORK AND OCCUPATIONS	0730-8884
SOCIOLOGY	B级	15	SOCIOLOGY	0889-048X
SOCIOLOGY	B级	16	SOCIOLOGY	0022-2445
SOCIOLOGY	B级	17	SOCIOLOGY   THEORY AND SOCIETY	0304-2421
SOCIOLOGY	B级	18	SOCIOLOGY   SOCIAL FORCES	0037-7732
SOCIOLOGY	B级	19	SOCIOLOGY	0266-7215
SOCIOLOGY	B级	20	SOCIOLOGY   QUALITATIVE RESEARCH	1468-7941
SOCIOLOGY	B级	21	SOCIOLOGY   BRITISH SOCIOLOGICAL	0038-0385
SOCIOLOGY	B级	22	SOCIOLOGY	1749-5679
SOCIOLOGY	B级	23	SOCIOLOGY   BODY & SOCIETY	1357-034X
SOCIOLOGY	B级	24	SOCIOLOGY	0141-9889
SOCIOLOGY	B级	25	SOCIOLOGY   ECONOMY AND SOCIETY	0308-5147
SOCIOLOGY	B级	26	SOCIOLOGY	0094-3061
SOCIOLOGY	B级	27	SOCIOLOGY	0950-0170
SOCIOLOGY	B级	28	SOCIOLOGY   CURRENT SOCIOLOGY	0011-3921
SOCIOLOGY	B级	29	SOCIOLOGY	1550-3585
SOCIOLOGY	B级	30	SOCIOLOGY   SOCIAL INDICATORS RESEARCH	0303-8300
SOCIOLOGY	B级	31	SOCIOLOGY   HUMAN ECOLOGY	0300-7839
SOCIOLOGY	B级	32	SOCIOLOGY   RURAL SOCIOLOGY	0036-0112
SOCIOLOGY	B级	33	SOCIOLOGY   LAW & SOCIETY REVIEW	0023-9216
SOCIOLOGY	B级	34	SOCIOLOGY   SOCIOLOGIA RURALIS	0038-0199
SOCIOLOGY	B级	35	SOCIOLOGY   SOCIAL PROBLEMS	0037-7791
SOCIOLOGY	B级	36	SOCIOLOGY   POLITICS & SOCIETY	0032-3292
SOCIOLOGY	B级	37	SOCIOLOGY   YOUTH & SOCIETY	0044-118X
SOCIOLOGY	B级	38	SOCIOLOGY   BRITISH JOURNAL OF SOCIOLOGY	0007-1315
SOCIOLOGY	B级	39	SOCIOLOGY   SOCIOLOGICAL THEORY	0735-2751
SOCIOLOGY	B级	40	SOCIOLOGY   SOCIETY & NATURAL RESOURCES	0894-1920
SOCIOLOGY	B级	41	SOCIOLOGY   CHINESE SOCIOLOGICAL REVIEW	2162-0555
SOCIOLOGY	B级	42	SOCIOLOGY   SOCIETY AND MENTAL HEALTH	2156-8693
SOCIOLOGY	B级	43	SOCIOLOGY   LANGUAGE IN SOCIETY	0047-4045
SOCIOLOGY	B级	44	SOCIOLOGY   SOCIOLOGY OF RELIGION	1069-4404
SOCIOLOGY	B级	45	SOCIOLOGY	1470-2266
SOCIOLOGY	B级	46	SOCIOLOGY   SOCIOLOGICAL REVIEW	0038-0261
SOCIOLOGY	B级	47	SOCIOLOGY   SOCIAL SCIENCE RESEARCH	0049-089X
SOCIOLOGY	B级	48	SOCIOLOGY	0142-5692
SOCIOLOGY	B级	49	SOCIOLOGY	0891-2416
SOCIOLOGY	B级	50	SOCIOLOGY   MEN AND MASCULINITIES	1097-184X
SOCIOLOGY	B级	51	SOCIOLOGY   SOCIAL MOVEMENT STUDIES	1474-2837
SOCIOLOGY	B级	52	SOCIOLOGY	1368-4310
SOCIOLOGY	B级	53	SOCIOLOGY   SOCIOLOGICAL QUARTERLY	0038-0253
SOCIOLOGY	B级	54	SOCIOLOGY   QUALITATIVE SOCIOLOGY	0162-0436
SOCIOLOGY	B级	55	SOCIOLOGY	1742-058X
SOCIOLOGY	B级	56	SOCIOLOGY   ACTA SOCIOLOGICA	0001-6993
SOCIOLOGY	B级	57	SOCIOLOGY	0147-1767
SOCIOLOGY	B级	58	SOCIOLOGY   ETHNOGRAPHY	1466-1381
SOCIOLOGY	B级	59	SOCIOLOGY   SOCIOLOGICAL PERSPECTIVES	0731-1214
SOCIOLOGY	B级	60	SOCIOLOGY   LEISURE SCIENCES	0149-0400
SOCIOLOGY	B级	61	SOCIOLOGY   MEDIA CULTURE & SOCIETY	0163-4437
SOCIOLOGY	B级	62	SOCIOLOGY	1502-2250
SOCIOLOGY	B级	63	SOCIOLOGY	0021-8294
SOCIOLOGY	B级	64	SOCIOLOGY   POETICS	0304-422X
SOCIOLOGY	B级	65	SOCIOLOGY   ANTHROZOOS	0892-7936
SOCIOLOGY	B级	66	SOCIOLOGY   DEVIANT BEHAVIOR	0163-9625
SOCIOLOGY	B级	67	SOCIOLOGY	0193-7235
SOCIOLOGY	B级	68	SOCIOLOGY	0276-5624
SOCIOLOGY	B级	69	SOCIOLOGY   DISCOURSE & SOCIETY	0957-9265
SOCIOLOGY	B级	70	SOCIOLOGY   SOCIOLOGY-REVUE CANADIENNE	1755-6171
SOCIOLOGY	B级	71	SOCIOLOGY   ETHNIC AND RACIAL STUDIES	0141-9870
SOCIOLOGY	B级	72	SOCIOLOGY   ARMED FORCES & SOCIETY	0095-327X
SOCIOLOGY	B级	73	SOCIOLOGY   CRITICAL SOCIOLOGY	0896-9205
SOCIOLOGY	B级	74	SOCIOLOGY   CULTURAL SOCIOLOGY	1749-9755
SOCIOLOGY	B级	75	SOCIOLOGY	0010-4175
SOCIOLOGY	B级	76	SOCIOLOGY	1012-6902
SOCIOLOGY	B级	77	SOCIOLOGY   SEXUALITIES	1363-4607
SOCIOLOGY	B级	78	SOCIOLOGY   SOCIOLOGICAL FORUM	0884-8971
SOCIOLOGY	B级	79	SOCIOLOGY   HEALTH SOCIOLOGY REVIEW	1446-1242
SOCIOLOGY	B级	80	SOCIOLOGY   JOURNAL OF LEISURE RESEARCH	0022-2216
SOCIOLOGY	B级	81	SOCIOLOGY   SOCIAL SCIENCE QUARTERLY	0038-4941
SOCIOLOGY	B级	82	SOCIOLOGY   JOURNAL OF SOCIOLOGY	1440-7833
SOCIOLOGY	B级	83	SOCIOLOGY	0020-7152
SOCIOLOGY	B级	84	SOCIOLOGY   JOURNAL OF SOCIAL SCIENCE	1351-1610
SOCIOLOGY	B级	85	SOCIOLOGY	1753-0350
SOCIOLOGY	B级	86	SOCIOLOGY   SOCIAL JUSTICE RESEARCH	0885-7466
SOCIOLOGY	B级	87	SOCIOLOGY   JOURNAL OF LAW AND SOCIETY	0263-323X
SOCIOLOGY	B级	88	SOCIOLOGY	1948-5565
SOCIOLOGY	B级	89	SOCIOLOGY   ECONOMIC AND SOCIAL REVIEW	0012-9984
SOCIOLOGY	B级	90	SOCIOLOGY   INTERNATIONAL SOCIOLOGY	0268-5809
SOCIOLOGY	B级	91	SOCIOLOGY	0210-5233
SOCIOLOGY	B级	92	SOCIOLOGY	1232-8855
SOCIOLOGY	B级	93	SOCIOLOGY   YOUNG	1103-3088
SOCIOLOGY	B级	94	SOCIOLOGY   CRIME MEDIA CULTURE	1741-6590
SOCIOLOGY	B级	95	SOCIOLOGY   FILOSOFIJA-SOCIOLOGIJA	0235-7186
SOCIOLOGY	B级	96	SOCIOLOGY   SOCIOLOGICAL INQUIRY	0038-0245
SOCIOLOGY	B级	97	SOCIOLOGY   EUROPEAN SOCIETIES	1461-6696
SOCIOLOGY	B级	98	SOCIOLOGY   MOBILIZATION	1086-671X
SOCIOLOGY	B级	99	SOCIOLOGY   SOCIOLOGY OF SPORT JOURNAL	0741-1235
SOCIOLOGY	C级	100	SOCIOLOGY   SYMBOLIC INTERACTION	0195-6086
SOCIOLOGY	C级	101	SOCIOLOGY   HUMAN STUDIES	0163-8548
SOCIOLOGY	C级	102	SOCIOLOGY   REVIEW OF RELIGIOUS RESEARCH	0034-673X
SOCIOLOGY	C级	103	SOCIOLOGY   NATIONS AND NATIONALISM	1354-5078
SOCIOLOGY	C级	104	SOCIOLOGY	0022-250X
SOCIOLOGY	C级	105	SOCIOLOGY	0952-1909
SOCIOLOGY	C级	106	SOCIOLOGY   CITY & COMMUNITY	1535-6841
SOCIOLOGY	C级	107	SOCIOLOGY	1360-7804
SOCIOLOGY	C级	108	SOCIOLOGY   FOOD CULTURE & SOCIETY	1552-8014
SOCIOLOGY	C级	109	SOCIOLOGY   SOCIETY	0147-2011
SOCIOLOGY	C级	110	SOCIOLOGY	0034-9712
SOCIOLOGY	C级	111	SOCIOLOGY   RATIONALITY AND SOCIETY	1043-4631
SOCIOLOGY	C级	112	SOCIOLOGY   TEACHING SOCIOLOGY	0092-055X
SOCIOLOGY	C级	113	SOCIOLOGY   SOZIOLOGIE UND	0023-2653
SOCIOLOGY	C级	114	SOCIOLOGY   ZEITSCHRIFT FUR SOZIOLOGIE	0340-1804
SOCIOLOGY	C级	115	SOCIOLOGY	0002-9246
SOCIOLOGY	C级	116	SOCIOLOGY   SOCIOLOGICAL SPECTRUM	0273-2173
SOCIOLOGY	C级	117	SOCIOLOGY   RACE & CLASS	0306-3968
SOCIOLOGY	C级	118	SOCIOLOGY   SOCIETY & ANIMALS	1063-1119
SOCIOLOGY	C级	119	SOCIOLOGY	1583-3410
SOCIOLOGY	C级	120	SOCIOLOGY   HUMAN ECOLOGY REVIEW	1074-4827
SOCIOLOGY	C级	121	SOCIOLOGY   SOCIOLOGY-CAHIERS CANADIENS	0318-6431
SOCIOLOGY	C级	122	SOCIOLOGY   SOCIAL COMPASS	0037-7686
SOCIOLOGY	C级	123	SOCIOLOGY	0003-9756
SOCIOLOGY	C级	124	SOCIOLOGY   DEVIANCE ET SOCIETE	0378-7931
SOCIOLOGY	C级	125	SOCIOLOGY   SOCIOLOGIA	0049-1225
SOCIOLOGY	C级	126	SOCIOLOGY        SOCIOLOGUS	0038-0377
SOCIOLOGY	C级	127	SOCIOLOGY	0069-9667
SOCIOLOGY	C级	128	SOCIOLOGY	1043-4070
SOCIOLOGY	C级	129	SOCIOLOGY        SOCIOLOGIE DU TRAVAIL	0038-0296
SOCIOLOGY	C级	130	SOCIOLOGY	0132-1625
SOCIOLOGY	C级	131	SOCIOLOGY	2448-5799
SOCIOLOGY	C级	132	SOCIOLOGY	0863-1808
SOCIOLOGY	C级	133	SOCIOLOGY        SOZIALWISSENSCHAFTLICHE	0038-6073
SOCIOLOGY	C级	134	SOCIOLOGY        DRUSTVENA ISTRAZIVANJA	1330-0288
SOCIOLOGY	C级	135	SOCIOLOGY	0035-2969
SOCIOLOGY	C级	136	SOCIOLOGY	0038-0288
SOCIOLOGY	C级	137	SOCIOLOGY        POLISH SOCIOLOGICAL REVIEW	1231-1413
SOCIOLOGY	C级	138	SOCIOLOGY	0163-2396
SOCIOLOGY	C级	139	SOCIOLOGY        TEMPO SOCIAL	0103-2070
SOCIOLOGY	C级	140	SOCIOLOGY        SOCIOLOGISK FORSKNING	0038-0342
SOCIOLOGY	C级	141	SOCIOLOGY        TELOS	0090-6514
SOCIOLOGY	C级	142	SOCIOLOGY	0278-1204
SUBSTANCE ABUSE	A级	1	SUBSTANCE   ABUSE   ADDICTION	0965-2140
SUBSTANCE ABUSE	A级	2	SUBSTANCE   ABUSE   NICOTINE & TOBACCO RESEARCH	1462-2203
SUBSTANCE ABUSE	A级	3	SUBSTANCE   ABUSE	0955-3959
SUBSTANCE ABUSE	B级	4	SUBSTANCE   ABUSE	0376-8716
SUBSTANCE ABUSE	B级	5	SUBSTANCE   ABUSE   ADDICTIVE BEHAVIORS	0306-4603
SUBSTANCE ABUSE	B级	6	SUBSTANCE   ABUSE	0740-5472
SUBSTANCE ABUSE	B级	7	SUBSTANCE   ABUSE   DRUG AND ALCOHOL REVIEW	0959-5236
SUBSTANCE ABUSE	B级	8	SUBSTANCE   ABUSE   ALCOHOL AND ALCOHOLISM	0735-0414
SUBSTANCE ABUSE	B级	9	SUBSTANCE   ABUSE   SUBSTANCE ABUSE	0889-7077
SUBSTANCE ABUSE	B级	10	SUBSTANCE   ABUSE   EUROPEAN ADDICTION RESEARCH	1022-6877
SUBSTANCE ABUSE	B级	11	SUBSTANCE   ABUSE	0893-164X
SUBSTANCE ABUSE	B级	12	SUBSTANCE   ABUSE	1937-1888
SUBSTANCE ABUSE	B级	13	SUBSTANCE   ABUSE	1535-7414
SUBSTANCE ABUSE	B级	14	SUBSTANCE   ABUSE   JOURNAL OF GAMBLING STUDIES	1050-5350
SUBSTANCE ABUSE	B级	15	SUBSTANCE   ABUSE	0095-2990
SUBSTANCE ABUSE	B级	16	SUBSTANCE   ABUSE   TOBACCO INDUCED DISEASES	1617-9625
SUBSTANCE ABUSE	B级	17	SUBSTANCE   ABUSE   ADICCIONES	0214-4840
SUBSTANCE ABUSE	B级	18	SUBSTANCE   ABUSE   HARM REDUCTION JOURNAL	1477-7517
SUBSTANCE ABUSE	B级	19	SUBSTANCE   ABUSE	1055-0496
SUBSTANCE ABUSE	B级	20	SUBSTANCE   ABUSE	1747-597X
SUBSTANCE ABUSE	B级	21	SUBSTANCE   ABUSE	0279-1072
SUBSTANCE ABUSE	B级	22	SUBSTANCE   ABUSE   JOURNAL OF DUAL DIAGNOSIS	1550-4263
SUBSTANCE ABUSE	B级	23	SUBSTANCE   ABUSE	1445-9795
SUBSTANCE ABUSE	B级	24	SUBSTANCE   ABUSE   JOURNAL OF ADDICTIVE DISEASES	1055-0887
SUBSTANCE ABUSE	C级	25	SUBSTANCE   ABUSE     ADDICTION RESEARCH & THEORY	1606-6359
SUBSTANCE ABUSE	C级	26	SUBSTANCE   ABUSE     SUBSTANCE USE & MISUSE	1082-6084
SUBSTANCE ABUSE	C级	27	SUBSTANCE   ABUSE	1557-1874
SUBSTANCE ABUSE	C级	28	SUBSTANCE   ABUSE     JOURNAL OF DRUG ISSUES	0022-0426
SUBSTANCE ABUSE	C级	29	SUBSTANCE   ABUSE	0968-7637
SUBSTANCE ABUSE	C级	30	SUBSTANCE   ABUSE     JOURNAL OF SUBSTANCE USE	1465-9891
SUBSTANCE ABUSE	C级	31	SUBSTANCE   ABUSE	1455-0725
SUBSTANCE ABUSE	C级	32	SUBSTANCE   ABUSE	1592-1638
SUBSTANCE ABUSE	C级	33	SUBSTANCE   ABUSE	1067-828X
SUBSTANCE ABUSE	C级	34	SUBSTANCE   ABUSE	1088-4602
TRANSPORTATION	A级	1	TRANSPORTATION	0191-2615
TRANSPORTATION	A级	2	TRANSPORTATION       TRANSPORTATION SCIENCE	0041-1655
TRANSPORTATION	A级	3	TRANSPORTATION       PART E-LOGISTICS AND	1366-5545
TRANSPORTATION	A级	4	PART C-EMERGING	0968-090X
TRANSPORTATION	A级	5	TRANSPORTATION	0965-8564
TRANSPORTATION	B级	6	TRANSPORTATION       TRANSPORT REVIEWS	0144-1647
TRANSPORTATION	B级	7	TRANSPORTATION	0001-4575
TRANSPORTATION	B级	8	TRANSPORTATION	0966-6923
TRANSPORTATION	B级	9	TRANSPORTATION   TRANSPORTATION	0049-4488
TRANSPORTATION	B级	10	TRANSPORTATION	2168-0566
TRANSPORTATION	B级	11	TRANSPORTATION	0969-6997
TRANSPORTATION	B级	12	TRANSPORTATION   PART D-TRANSPORT AND	1361-9209
TRANSPORTATION	B级	13	TRANSPORTATION   MOBILITIES	1745-0101
TRANSPORTATION	B级	14	TRANSPORTATION	2324-9935
TRANSPORTATION	B级	15	TRANSPORTATION	1556-8318
TRANSPORTATION	B级	16	TRANSPORTATION   JOURNAL OF SAFETY RESEARCH	0022-4375
TRANSPORTATION	B级	17	TRANSPORTATION   PART F-TRAFFIC PSYCHOLOGY	1369-8478
TRANSPORTATION	B级	18	TRANSPORTATION	0022-5258
TRANSPORTATION	C级	19	TRANSPORTATION   TRANSPORT POLICY	0967-070X
TRANSPORTATION	C级	20	TRANSPORTATION	0308-8839
TRANSPORTATION	C级	21	TRANSPORTATION	2214-1405
TRANSPORTATION	C级	22	TRANSPORTATION	1938-7849
TRANSPORTATION	C级	23	TRANSPORTATION   TRAFFIC INJURY PREVENTION	1538-9588
TRANSPORTATION	C级	24	TRANSPORTATION	1867-0717
TRANSPORTATION	C级	25	TRANSPORTATION	1479-2931
TRANSPORTATION	C级	26	TRANSPORTATION   TRANSPORTATION JOURNAL	0041-1612
TRANSPORTATION	C级	27	TRANSPORTATION	0739-8859
TRANSPORTATION	C级	28	TRANSPORTATION	1077-291X
TRANSPORTATION	C级	29	TRANSPORTATION    INTERNATIONAL JOURNAL OF	1942-7867
TRANSPORTATION	C级	30	TRANSPORTATION    TRANSPORT AND	1567-7133
TRANSPORTATION	C级	31	TRANSPORTATION    SHIPPING AND TRANSPORT	1756-6517
TRANSPORTATION	C级	32	TRANSPORTATION	1943-9962
TRANSPORTATION	C级	33	TRANSPORTATION	0391-8440
TRANSPORTATION	C级	34	TRANSPORTATION    ROAD & TRANSPORT RESEARCH	1037-5783
URBAN STUDIES	A级	1	URBAN   STUDIES	0169-2046
URBAN STUDIES	A级	2	URBAN   STUDIES   CITIES	0264-2751
URBAN STUDIES	A级	3	URBAN   STUDIES   URBAN STUDIES	0042-0980
URBAN STUDIES	A级	4	URBAN   STUDIES   HABITAT INTERNATIONAL	0197-3975
URBAN STUDIES	A级	5	URBAN   STUDIES   URBAN AND REGIONAL	0309-1317
URBAN STUDIES	A级	6	URBAN   STUDIES	0885-4122
URBAN STUDIES	B级	7	URBAN   STUDIES	0969-7764
URBAN STUDIES	B级	8	URBAN   STUDIES	0956-2478
URBAN STUDIES	B级	9	URBAN   STUDIES	0194-4363
URBAN STUDIES	B级	10	URBAN   STUDIES   JOURNAL OF URBAN ECONOMICS	0094-1190
URBAN STUDIES	B级	11	URBAN   STUDIES	0739-456X
URBAN STUDIES	B级	12	URBAN   STUDIES	1063-0732
URBAN STUDIES	B级	13	URBAN   STUDIES   HOUSING STUDIES	0267-3037
URBAN STUDIES	B级	14	URBAN   STUDIES	0733-9488
URBAN STUDIES	B级	15	URBAN   STUDIES	0160-0176
URBAN STUDIES	B级	16	URBAN   STUDIES	0166-0462
URBAN STUDIES	B级	17	URBAN   STUDIES	1566-4910
URBAN STUDIES	B级	18	URBAN   STUDIES	0895-5638
URBAN STUDIES	B级	19	URBAN   STUDIES   REAL ESTATE ECONOMICS	1080-8620
URBAN STUDIES	C级	20	URBAN   STUDIES	1618-8667
URBAN STUDIES	C级	21	URBAN   STUDIES   EUROPEAN PLANNING STUDIES	0965-4313
URBAN STUDIES	C级	22	URBAN   STUDIES	0891-2416
URBAN STUDIES	C级	23	URBAN   STUDIES   URBAN AFFAIRS REVIEW	1078-0874
URBAN STUDIES	C级	24	URBAN   STUDIES   HOUSING POLICY DEBATE	1051-1482
URBAN STUDIES	C级	25	URBAN   STUDIES   URBAN POLICY AND RESEARCH	0811-1146
URBAN STUDIES	C级	26	URBAN   STUDIES   URBAN EDUCATION	0042-0859
URBAN STUDIES	C级	27	URBAN   STUDIES   URBAN GEOGRAPHY	0272-3638
URBAN STUDIES	C级	28	URBAN   STUDIES   JOURNAL OF URBAN AFFAIRS	0735-2166
URBAN STUDIES	C级	29	URBAN   STUDIES	1051-1377
URBAN STUDIES	C级	30	URBAN   STUDIES   HOUSING THEORY & SOCIETY	1403-6096
URBAN STUDIES	C级	31	URBAN   STUDIES	0891-2424
URBAN STUDIES	C级	32	URBAN   STUDIES   CITY & COMMUNITY	1535-6841
URBAN STUDIES	C级	33	URBAN   STUDIES   LATINOAMERICANA DE ESTUDIOS	0250-7161
URBAN STUDIES	C级	34	URBAN   STUDIES   EDUCATION AND URBAN SOCIETY	0013-1245
URBAN STUDIES	C级	35	URBAN   STUDIES   URBAN DESIGN INTERNATIONAL	1357-5317
URBAN STUDIES	C级	36	URBAN   STUDIES	0738-0895
URBAN STUDIES	C级	37	URBAN   STUDIES   JOURNAL OF URBAN HISTORY	0096-1442
URBAN STUDIES	C级	38	URBAN   STUDIES   OPEN HOUSE INTERNATIONAL	0168-2601
WOMENS STUDIES	A级	1	WOMENS   STUDIES   GENDER & SOCIETY	0891-2432
WOMENS STUDIES	A级	2	WOMENS   STUDIES	0361-6843
WOMENS STUDIES	A级	3	WOMENS   STUDIES   JOURNAL OF WOMENS HEALTH	1540-9996
WOMENS STUDIES	B级	4	WOMENS   STUDIES   POLITICS & GENDER	1743-923X
WOMENS STUDIES	B级	5	WOMENS   STUDIES   SEX ROLES	0360-0025
WOMENS STUDIES	B级	6	WOMENS   STUDIES   WOMENS HEALTH ISSUES	1049-3867
WOMENS STUDIES	B级	7	WOMENS   STUDIES   GENDER PLACE AND CULTURE	0966-369X
WOMENS STUDIES	B级	8	WOMENS   STUDIES	0968-6673
WOMENS STUDIES	B级	9	WOMENS   STUDIES   FEMINIST REVIEW	0141-7789
WOMENS STUDIES	B级	10	WOMENS   STUDIES   FEMINIST ECONOMICS	1354-5701
WOMENS STUDIES	B级	11	WOMENS   STUDIES	1040-7391
WOMENS STUDIES	B级	12	WOMENS   STUDIES   WOMEN & HEALTH	0363-0242
WOMENS STUDIES	B级	13	WOMENS   STUDIES   VIOLENCE AGAINST WOMEN	1077-8012
WOMENS STUDIES	B级	14	WOMENS   STUDIES	1461-6742
WOMENS STUDIES	B级	15	WOMENS   STUDIES	0739-9332
WOMENS STUDIES	B级	16	WOMENS   STUDIES	1350-5068
WOMENS STUDIES	B级	17	WOMENS   STUDIES   FEMINIST LEGAL STUDIES	0966-3622
WOMENS STUDIES	B级	18	WOMENS   STUDIES   FEMINIST THEORY	1464-7001
WOMENS STUDIES	B级	19	WOMENS   STUDIES	0887-5367
WOMENS STUDIES	B级	20	WOMENS   STUDIES   RADICAL PHILOSOPHY	0300-211X
WOMENS STUDIES	B级	21	WOMENS   STUDIES   SOCIAL POLITICS	1072-4745
WOMENS STUDIES	B级	22	WOMENS   STUDIES   SIGNS	0097-9740
WOMENS STUDIES	B级	23	WOMENS   STUDIES   AUSTRALIAN FEMINIST STUDIES	0816-4649
WOMENS STUDIES	B级	24	WOMENS   STUDIES   FEMINISM & PSYCHOLOGY	0959-3535
WOMENS STUDIES	B级	25	WOMENS   STUDIES	0886-1099
WOMENS STUDIES	B级	26	WOMENS   STUDIES	0277-5395
WOMENS STUDIES	B级	27	WOMENS   STUDIES   JOURNAL OF GENDER STUDIES	0958-9236
WOMENS STUDIES	B级	28	WOMENS   STUDIES   JOURNAL OF WOMEN & AGING	0895-2841
WOMENS STUDIES	B级	29	WOMENS   STUDIES   FEMINIST APPROACHES TO	1937-4585
WOMENS STUDIES	C级	30	WOMENS   STUDIES   GENDER AND LANGUAGE	1747-6321
WOMENS STUDIES	C级	31	WOMENS   STUDIES	0160-9009
WOMENS STUDIES	C级	32	WOMENS   STUDIES	1554-477X
WOMENS STUDIES	C级	33	WOMENS   STUDIES   FEMINIST STUDIES	0046-3663
WOMENS STUDIES	C级	34	WOMENS   STUDIES   WOMEN & THERAPY	0270-3149
WOMENS STUDIES	C级	35	WOMENS   STUDIES	1225-9276
WOMENS STUDIES	C级	36	WOMENS   STUDIES       JOURNAL OF WOMENS HISTORY	1042-7961
WOMENS STUDIES	C级	37	WOMENS   STUDIES	1552-5864
WOMENS STUDIES	C级	38	WOMENS   STUDIES	0971-5215
WOMENS STUDIES	C级	39	WOMENS   STUDIES       ASIAN WOMEN	1225-925X
WOMENS STUDIES	C级	40	WOMENS   STUDIES       TRAVAIL GENRE ET SOCIETES	1294-6303
WOMENS STUDIES	C级	41	WOMENS   STUDIES       FEMINISTISCHE STUDIEN	0723-5186
MEDICINE, GENERAL & INTERNAL	A级	2	LANCET	0140-6736
MEDICINE, GENERAL & INTERNAL	A级	3	AMERICAN MEDICAL	0098-7484
MEDICINE, GENERAL & INTERNAL	A级	4	BMJ-BRITISH MEDICAL JOURNAL	1756-1833
MEDICINE, GENERAL & INTERNAL	A级	5	PLOS MEDICINE	1549-1676
MEDICINE, GENERAL & INTERNAL	A级	6	BMC MEDICINE	1741-7015
PUBLIC ENVIRONMENTAL &          OCCUPATIONAL HEALTH	A级	1	ENVIRONMENTAL     &	0091-6765
PUBLIC ENVIRONMENTAL &          OCCUPATIONAL HEALTH	A级	2	ENVIRONMENTAL      &	0300-5771
PUBLIC ENVIRONMENTAL &          OCCUPATIONAL HEALTH	A级	3	ENVIRONMENTAL      &	0042-9686
SPORT SCIENCES	A级	1	SPORT SCIENCES        EXERCISE IMMUNOLOGY REVIEW	1077-5552
SPORT SCIENCES	A级	2	SPORT SCIENCES        SPORTS MEDICINE	0112-1642
SPORT SCIENCES	A级	3	SPORT SCIENCES	0363-5465
SPORT SCIENCES	A级	4	SPORT SCIENCES        JOURNAL OF SPORTS SCIENCES	0264-0414
SPORT SCIENCES	B级	5	SPORT SCIENCES	1746-1391
SPORT SCIENCES	B级	6	SPORT SCIENCES        JOURNAL OF ATHLETIC TRAINING	1062-6050
SPORT SCIENCES	B级	7	SPORT SCIENCES	1064-8011
ENERGY & FUELS；ENVIRONMENTAL STUDIES	A级	1	ENVIRONMENTAL         APPLIED ENERGY	0306-2619
ENERGY & FUELS；ENVIRONMENTAL STUDIES	A级	2	ENVIRONMENTAL         ENVIRONMENT INTERNATIONAL	0160-4120
ENERGY & FUELS；ENVIRONMENTAL STUDIES	A级	3	ENVIRONMENTAL	0091-6765
ENERGY & FUELS；ENVIRONMENTAL STUDIES	A级	4	ENVIRONMENTAL	0013-936X
ENERGY & FUELS；ENVIRONMENTAL STUDIES	A级	5	ENVIRONMENTAL	0304-3894
ENERGY & FUELS；ENVIRONMENTAL STUDIES	A级	6	ENVIRONMENTAL	1085-3278
ENERGY & FUELS；ENVIRONMENTAL STUDIES	A级	7	ENVIRONMENTAL     PROGRESS IN PHOTOVOLTAICS	1062-7995
ENERGY & FUELS；ENVIRONMENTAL STUDIES	A级	8	ENVIRONMENTAL	0034-4257
ENERGY & FUELS；ENVIRONMENTAL STUDIES	A级	9	ENVIRONMENTAL	1364-0321
ENERGY & FUELS；ENVIRONMENTAL STUDIES	A级	10	ENVIRONMENTAL     WATER RESEARCH	0043-1354
ENERGY & FUELS；ENVIRONMENTAL STUDIES	A级	11	ENVIRONMENTAL     ENERGY	0360-5442
ENERGY & FUELS；ENVIRONMENTAL STUDIES	A级	12	ENVIRONMENTAL	0363-907X
ENERGY & FUELS；ENVIRONMENTAL STUDIES	B级	13	ENVIRONMENTAL     ECOLOGICAL INDICATORS	1470-160X
ENERGY & FUELS；ENVIRONMENTAL STUDIES	B级	14	ENVIRONMENTAL     ENERGY & FUELS	0887-0624
ENERGY & FUELS；ENVIRONMENTAL STUDIES	B级	15	ENVIRONMENTAL	0196-8904
ENERGY & FUELS；ENVIRONMENTAL STUDIES	B级	16	ENVIRONMENTAL     ENVIRONMENTAL POLLUTION	0269-7491
ENERGY & FUELS；ENVIRONMENTAL STUDIES	B级	17	ENVIRONMENTAL	1748-9326
ENERGY & FUELS；ENVIRONMENTAL STUDIES	B级	18	ENVIRONMENTAL     FUEL	0016-2361
ENERGY & FUELS；ENVIRONMENTAL STUDIES	B级	19	ENVIRONMENTAL	0959-6526
ENERGY & FUELS；ENVIRONMENTAL STUDIES	B级	20	ENVIRONMENTAL	0301-4797
ENERGY & FUELS；ENVIRONMENTAL STUDIES	B级	21	ENVIRONMENTAL     OCEAN ENGINEERING	0029-8018
ENERGY & FUELS；ENVIRONMENTAL STUDIES	B级	22	ENVIRONMENTAL     RENEWABLE ENERGY	0960-1481
ENERGY & FUELS；ENVIRONMENTAL STUDIES	B级	23	ENVIRONMENTAL	0921-3449
ENERGY & FUELS；ENVIRONMENTAL STUDIES	B级	24	ENVIRONMENTAL     SAFETY SCIENCE	0925-7535
ENERGY & FUELS；ENVIRONMENTAL STUDIES	B级	25	ENVIRONMENTAL	0048-9697
ENERGY & FUELS；ENVIRONMENTAL STUDIES	B级	26	ENVIRONMENTAL     SOLAR ENERGY	0038-092X
ENERGY & FUELS；ENVIRONMENTAL STUDIES	B级	27	ENVIRONMENTAL     WATER RESOURCES RESEARCH	0043-1397
ENERGY & FUELS；ENVIRONMENTAL STUDIES	B级	28	ENVIRONMENTAL     WIND ENERGY	1095-4244
ENERGY & FUELS；ENVIRONMENTAL STUDIES	B级	29	ENVIRONMENTAL	1748-9326
ENERGY & FUELS；ENVIRONMENTAL STUDIES	B级	30	ENVIRONMENTAL     NATURAL HAZARD	0921-030X
STATISTICS&PROBABILITY	A级	1	STATISTICS&PROBABILITY   ANNALS OF PROBABILITY	0091-1798
STATISTICS&PROBABILITY	A级	2	STATISTICS&PROBABILITY	0178-8051
STATISTICS&PROBABILITY	A级	3	STATISTICS&PROBABILITY   STATISTICAL SCIENCE	0883-4237
STATISTICS&PROBABILITY	A级	4	STATISTICS&PROBABILITY   STATISTICAL SOCIETY SERIES A-	0964-1998
STATISTICS&PROBABILITY	A级	5	STATISTICS&PROBABILITY   BIOMETRICS	0006-341X
STATISTICS&PROBABILITY	A级	6	STATISTICS&PROBABILITY   STATISTICAL SOCIETY SERIES C-	0035-9254
STATISTICS&PROBABILITY	A级	7	STATISTICS&PROBABILITY	0735-0015
STATISTICS&PROBABILITY	A级	8	STATISTICS&PROBABILITY   STATISTICS IN MEDICINE	0277-6715
STATISTICS&PROBABILITY	A级	9	STATISTICS&PROBABILITY   BIOSTATISTICS	1465-4644
STATISTICS&PROBABILITY	A级	10	STATISTICS&PROBABILITY	1050-5164
STATISTICS&PROBABILITY	A级	11	STATISTICS&PROBABILITY   ANNALS OF APPLIED STATISTICS	1932-6157
STATISTICS&PROBABILITY	A级	12	STATISTICS&PROBABILITY	1061-8600
STATISTICS&PROBABILITY	A级	13	STATISTICS&PROBABILITY   BERNOULLI	1350-7265
STATISTICS&PROBABILITY	A级	14	STATISTICS&PROBABILITY	0303-6898
STATISTICS&PROBABILITY	A级	15	STATISTICS&PROBABILITY   STATISTICA SINICA	1017-0405
STATISTICS&PROBABILITY	A级	16	STATISTICS&PROBABILITY	0047-259X
STATISTICS&PROBABILITY	B级	17	STATISTICS&PROBABILITY	0305-9049
STATISTICS&PROBABILITY	B级	18	STATISTICS&PROBABILITY   STATISTICS AND COMPUTING	0960-3174
STATISTICS&PROBABILITY	B级	19	STATISTICS&PROBABILITY   MATHEMATICAL & STATISTICAL	0007-1102
STATISTICS&PROBABILITY	B级	20	STATISTICS&PROBABILITY	1548-7660
STATISTICS&PROBABILITY	B级	21	STATISTICS&PROBABILITY	0962-2802
STATISTICS&PROBABILITY	B级	22	STATISTICS&PROBABILITY   RESEARCH AND RISK	1436-3240
STATISTICS&PROBABILITY	B级	23	STATISTICS&PROBABILITY   INTELLIGENT LABORATORY	0169-7439
STATISTICS&PROBABILITY	B级	24	STATISTICS&PROBABILITY   COMPUTATIONAL BIOLOGY AND	1545-5963
STATISTICS&PROBABILITY	B级	25	STATISTICS&PROBABILITY	0027-3171
STATISTICS&PROBABILITY	B级	26	STATISTICS&PROBABILITY	1862-5347
STATISTICS&PROBABILITY	B级	27	STATISTICS&PROBABILITY	2326-8298
STATISTICS&PROBABILITY	B级	28	STATISTICS&PROBABILITY   FUZZY SETS AND SYSTEMS	0165-0114
STATISTICS&PROBABILITY	B级	29	STATISTICS&PROBABILITY   JOURNAL OF CHEMOMETRICS	0886-9383
STATISTICS&PROBABILITY	B级	30	STATISTICS&PROBABILITY	0022-4065
STATISTICS&PROBABILITY	B级	31	STATISTICS&PROBABILITY	0306-7734
STATISTICS&PROBABILITY	B级	32	STATISTICS&PROBABILITY   FINANCE AND STOCHASTICS	0949-2984
STATISTICS&PROBABILITY	B级	33	STATISTICS&PROBABILITY   TECHNOMETRICS	0040-1706
STATISTICS&PROBABILITY	B级	34	STATISTICS&PROBABILITY   BAYESIAN ANALYSIS	1931-6690
STATISTICS&PROBABILITY	B级	35	STATISTICS&PROBABILITY	0167-6687
STATISTICS&PROBABILITY	B级	36	STATISTICS&PROBABILITY	0346-1238
STATISTICS&PROBABILITY	B级	37	STATISTICS&PROBABILITY   ECONOMETRIC REVIEWS	0747-4938
STATISTICS&PROBABILITY	B级	38	STATISTICS&PROBABILITY   TEST	1133-0686
STATISTICS&PROBABILITY	B级	39	STATISTICS&PROBABILITY	0304-4149
STATISTICS&PROBABILITY	B级	40	STATISTICS&PROBABILITY   ECONOMETRIC THEORY	0266-4666
STATISTICS&PROBABILITY	B级	41	STATISTICS&PROBABILITY	0143-9782
STATISTICS&PROBABILITY	B级	42	STATISTICS&PROBABILITY	0378-3758
STATISTICS&PROBABILITY	B级	43	STATISTICS&PROBABILITY   STATA JOURNAL	1536-867X
STATISTICS&PROBABILITY	B级	44	STATISTICS&PROBABILITY   STATISTICAL MODELLING	1471-082X
STATISTICS&PROBABILITY	B级	45	STATISTICS&PROBABILITY	0266-8920
STATISTICS&PROBABILITY	B级	46	STATISTICS&PROBABILITY	0167-9473
STATISTICS&PROBABILITY	B级	47	STATISTICS&PROBABILITY   EXTREMES	1386-1999
STATISTICS&PROBABILITY	B级	48	STATISTICS&PROBABILITY	1230-1612
STATISTICS&PROBABILITY	B级	49	STATISTICS&PROBABILITY   ENVIRONMETRICS	1180-4009
STATISTICS&PROBABILITY	B级	50	STATISTICS&PROBABILITY	1935-7524
STATISTICS&PROBABILITY	B级	51	STATISTICS&PROBABILITY	0020-7276
STATISTICS&PROBABILITY	B级	52	STATISTICS&PROBABILITY	1083-6489
STATISTICS&PROBABILITY	B级	53	STATISTICS&PROBABILITY	0894-9840
STATISTICS&PROBABILITY	B级	54	STATISTICS&PROBABILITY   LIFETIME DATA ANALYSIS	1380-7870
STATISTICS&PROBABILITY	B级	55	STATISTICS&PROBABILITY   STATISTICS-REVUE CANADIENNE	0319-5724
STATISTICS&PROBABILITY	B级	56	STATISTICS&PROBABILITY   AMERICAN STATISTICIAN	0003-1305
STATISTICS&PROBABILITY	B级	57	STATISTICS&PROBABILITY   STATISTICS	0233-1888
STATISTICS&PROBABILITY	B级	58	STATISTICS&PROBABILITY	1369-1473
STATISTICS&PROBABILITY	B级	59	STATISTICS&PROBABILITY   POINCARE-PROBABILITES ET	0246-0203
STATISTICS&PROBABILITY	B级	60	STATISTICS&PROBABILITY	0020-3157
STATISTICS&PROBABILITY	B级	61	STATISTICS&PROBABILITY	0094-9655
STATISTICS&PROBABILITY	B级	62	STATISTICS&PROBABILITY   BIOLOGICAL AND	1085-7117
STATISTICS&PROBABILITY	C级	63	STATISTICS&PROBABILITY	0167-7152
STATISTICS&PROBABILITY	C级	64	STATISTICS&PROBABILITY	1048-5252
STATISTICS&PROBABILITY	C级	65	STATISTICS&PROBABILITY   ASTIN BULLETIN	0515-0361
STATISTICS&PROBABILITY	C级	66	STATISTICS&PROBABILITY   BIOMETRICAL JOURNAL	0323-3847
STATISTICS&PROBABILITY	C级	67	STATISTICS&PROBABILITY   R JOURNAL	2073-4859
STATISTICS&PROBABILITY	C级	68	STATISTICS&PROBABILITY	1066-5277
STATISTICS&PROBABILITY	C级	69	STATISTICS&PROBABILITY	2010-3263
STATISTICS&PROBABILITY	C级	70	STATISTICS&PROBABILITY   LAW PROBABILITY & RISK	1470-8396
STATISTICS&PROBABILITY	C级	71	STATISTICS&PROBABILITY   QUALITY ENGINEERING	0898-2112
STATISTICS&PROBABILITY	C级	72	STATISTICS&PROBABILITY   PHARMACEUTICAL STATISTICS	1539-1604
STATISTICS&PROBABILITY	C级	73	STATISTICS&PROBABILITY   SPATIAL STATISTICS	2211-6753
STATISTICS&PROBABILITY	C级	74	STATISTICS&PROBABILITY	1524-1904
STATISTICS&PROBABILITY	C级	75	STATISTICS&PROBABILITY   QUALITY & QUANTITY	0033-5177
STATISTICS&PROBABILITY	C级	76	STATISTICS&PROBABILITY	1387-5841
STATISTICS&PROBABILITY	C级	77	STATISTICS&PROBABILITY	1352-8505
STATISTICS&PROBABILITY	C级	78	STATISTICS&PROBABILITY	0021-9002
STATISTICS&PROBABILITY	C级	79	STATISTICS&PROBABILITY   STOCHASTIC MODELS	1532-6349
STATISTICS&PROBABILITY	C级	80	STATISTICS&PROBABILITY   BIOPHARMACEUTICAL	1054-3406
STATISTICS&PROBABILITY	C级	81	STATISTICS&PROBABILITY	0001-8678
STATISTICS&PROBABILITY	C级	82	STATISTICS&PROBABILITY	1863-8171
STATISTICS&PROBABILITY	C级	83	STATISTICS&PROBABILITY	1932-1864
STATISTICS&PROBABILITY	C级	84	STATISTICS&PROBABILITY	0963-5483
STATISTICS&PROBABILITY	C级	85	STATISTICS&PROBABILITY   STOCHASTICS AND DYNAMICS	0219-4937
STATISTICS&PROBABILITY	C级	86	STATISTICS&PROBABILITY   OPERATIONS RESEARCH	1696-2281
STATISTICS&PROBABILITY	C级	87	STATISTICS&PROBABILITY   STATISTICAL PAPERS	0932-5026
STATISTICS&PROBABILITY	C级	88	STATISTICS&PROBABILITY	1744-2508
STATISTICS&PROBABILITY	C级	89	STATISTICS&PROBABILITY   STATISTICAL METHODOLOGY	1572-3127
STATISTICS&PROBABILITY	C级	90	STATISTICS&PROBABILITY   JOURNAL OF APPLIED STATISTICS	0266-4763
STATISTICS&PROBABILITY	C级	91	STATISTICS&PROBABILITY   GENETICS AND MOLECULAR	2194-6302
STATISTICS&PROBABILITY	C级	92	STATISTICS&PROBABILITY   METRIKA	0026-1335
STATISTICS&PROBABILITY	C级	93	STATISTICS&PROBABILITY	1226-3192
STATISTICS&PROBABILITY	C级	94	STATISTICS&PROBABILITY	1618-2510
STATISTICS&PROBABILITY	C级	95	STATISTICS&PROBABILITY	0736-2994
STATISTICS&PROBABILITY	C级	96	STATISTICS&PROBABILITY   QUANTUM PROBABILITY AND	0219-0257
STATISTICS&PROBABILITY	C级	97	STATISTICS&PROBABILITY   STATISTICA NEERLANDICA	0039-0402
STATISTICS&PROBABILITY	C级	98	STATISTICS&PROBABILITY   SURVEY METHODOLOGY	0714-0045
STATISTICS&PROBABILITY	C级	99	STATISTICS&PROBABILITY	2194-573X
STATISTICS&PROBABILITY	C级	100	STATISTICS&PROBABILITY	1684-3703
STATISTICS&PROBABILITY	C级	101	STATISTICS&PROBABILITY   REVSTAT-STATISTICAL JOURNAL	1645-6726
STATISTICS&PROBABILITY	C级	102	STATISTICS&PROBABILITY	0040-585X
STATISTICS&PROBABILITY	C级	103	STATISTICS&PROBABILITY	1292-8100
STATISTICS&PROBABILITY	C级	104	STATISTICS&PROBABILITY	0361-0918
STATISTICS&PROBABILITY	C级	105	STATISTICS&PROBABILITY	1946-6315
STATISTICS&PROBABILITY	C级	106	STATISTICS&PROBABILITY   COMPUTATIONAL STATISTICS	0943-4062
STATISTICS&PROBABILITY	C级	107	STATISTICS&PROBABILITY	0103-0752
STATISTICS&PROBABILITY	C级	108	STATISTICS&PROBABILITY	1083-589X
STATISTICS&PROBABILITY	C级	109	STATISTICS&PROBABILITY	1303-5010
STATISTICS&PROBABILITY	C级	110	STATISTICS&PROBABILITY   JOURNAL OF OFFICIAL STATISTICS	0282-423X
STATISTICS&PROBABILITY	C级	111	STATISTICS&PROBABILITY	1024-2953
STATISTICS&PROBABILITY	C级	112	STATISTICS&PROBABILITY   OF PROBABILITY AND	1980-0436
STATISTICS&PROBABILITY	C级	113	STATISTICS&PROBABILITY	0747-4946
STATISTICS&PROBABILITY	C级	114	STATISTICS&PROBABILITY	0361-0926
STATISTICS&PROBABILITY	C级	115	STATISTICS&PROBABILITY	0889-8480
STATISTICS&PROBABILITY	C级	116	STATISTICS&PROBABILITY   UTILITAS MATHEMATICA	0315-3681
STATISTICS&PROBABILITY	C级	117	STATISTICS&PROBABILITY   MATHEMATICAL STATISTICS-	0208-4147
OPERATIONS RESEARCH & MANAGEMENT SCIENCE	A级	2	JOURNAL OF MANAGEMENT	0305-0483
OPERATIONS RESEARCH & MANAGEMENT SCIENCE	A级	4	TECHNOVATION	0166-4972
OPERATIONS RESEARCH & MANAGEMENT SCIENCE	A级	5	MATHEMATICAL PROGRAMMING	0025-5610
OPERATIONS RESEARCH & MANAGEMENT SCIENCE	A级	7	OPERATIONS RESEARCH	0030-364X
OPERATIONS RESEARCH & MANAGEMENT SCIENCE	A级	8	SERVICE OPERATIONS	1523-4614
OPERATIONS RESEARCH & MANAGEMENT SCIENCE	A级	9	IIE TRANSACTIONS	0740-817X
OPERATIONS RESEARCH & MANAGEMENT SCIENCE	A级	11	NAVAL RESEARCH LOGISTICS	0894-069X
OPERATIONS RESEARCH & MANAGEMENT SCIENCE	B级	15	OPERATIONS RESEARCH LETTERS	0167-6377
OPERATIONS RESEARCH & MANAGEMENT SCIENCE	B级	17	IEEE SYSTEMS JOURNAL	1932-8184
OPERATIONS RESEARCH & MANAGEMENT SCIENCE	B级	19	TRANSPORTATION SCIENCE	0041-1655
OPERATIONS RESEARCH & MANAGEMENT SCIENCE	B级	20	PART E-LOGISTICS AND	1366-5545
OPERATIONS RESEARCH & MANAGEMENT SCIENCE	B级	25	SYSTEMS & CONTROL LETTERS	0167-6911
OPERATIONS RESEARCH & MANAGEMENT SCIENCE	B级	28	SAFETY SCIENCE	0925-7535
OPERATIONS RESEARCH & MANAGEMENT SCIENCE	B级	29	ENGINEERING ECONOMIST	0013-791X
OPERATIONS RESEARCH & MANAGEMENT SCIENCE	B级	31	COMPUTER INTEGRATED	0951-192X
OPERATIONS RESEARCH & MANAGEMENT SCIENCE	B级	34	ENGINEERING OPTIMIZATION	0305-215X
OPERATIONS RESEARCH & MANAGEMENT SCIENCE	B级	36	SYSTEMS-THEORY AND	0924-6703
OPERATIONS RESEARCH & MANAGEMENT SCIENCE	B级	42	INTERFACES	0092-2102
OPERATIONS RESEARCH & MANAGEMENT SCIENCE	B级	43	INFORMATION TECHNOLOGY &	0219-6220
OPERATIONS RESEARCH & MANAGEMENT SCIENCE	B级	45	JOURNAL OF SIMULATION	1747-7778
OPERATIONS RESEARCH & MANAGEMENT SCIENCE	C级	46	MEMETIC COMPUTING	1865-9284
OPERATIONS RESEARCH & MANAGEMENT SCIENCE	C级	49	OR SPECTRUM	0171-6468
OPERATIONS RESEARCH & MANAGEMENT SCIENCE	C级	52	OPTIMIZATION LETTERS	1862-4472
OPERATIONS RESEARCH & MANAGEMENT SCIENCE	C级	53	JOURNAL OF SCHEDULING	1094-6136
OPERATIONS RESEARCH & MANAGEMENT SCIENCE	C级	54	NETWORKS	0028-3045
OPERATIONS RESEARCH & MANAGEMENT SCIENCE	C级	56	OPTIMIZATION AND ENGINEERING	1389-4420
OPERATIONS RESEARCH & MANAGEMENT SCIENCE	C级	58	OPERATIONAL RESEARCH	1109-2858
OPERATIONS RESEARCH & MANAGEMENT SCIENCE	C级	59	QUEUEING SYSTEMS	0257-0130
OPERATIONS RESEARCH & MANAGEMENT SCIENCE	C级	62	OPTIMIZATION	0233-1934
OPERATIONS RESEARCH & MANAGEMENT SCIENCE	C级	64	TOP	1134-5764
OPERATIONS RESEARCH & MANAGEMENT SCIENCE	C级	69	ENGINEERING AND	0269-9648
OPERATIONS RESEARCH & MANAGEMENT SCIENCE	C级	70	RAIRO-OPERATIONS RESEARCH	0399-0559
OPERATIONS RESEARCH & MANAGEMENT SCIENCE	C级	73	SYSTEMS ENGINEERING	1098-1241
OPERATIONS RESEARCH & MANAGEMENT SCIENCE	C级	74	DISCRETE OPTIMIZATION	1572-5286
OPERATIONS RESEARCH & MANAGEMENT SCIENCE	C级	76	INFOR	0315-5986
COMPUTER SCIENCE	A级	1	COMPUTER SCIENCE	0920-5691
COMPUTER SCIENCE	A级	2	COMPUTER SCIENCE	1063-6706
COMPUTER SCIENCE	A级	3	COMPUTER SCIENCE	2168-2267
COMPUTER SCIENCE	A级	4	COMPUTER SCIENCE   NETWORKS AND LEARNING	2162-237X
COMPUTER SCIENCE	A级	5	COMPUTER SCIENCE   INFORMATION FUSION	1566-2535
COMPUTER SCIENCE	A级	6	COMPUTER SCIENCE   NEURAL NETWORKS	0893-6080
COMPUTER SCIENCE	A级	7	COMPUTER SCIENCE   COMPLEXITY	1076-2787
COMPUTER SCIENCE	A级	8	COMPUTER SCIENCE   PARALLEL AND DISTRIBUTED	1045-9219
COMPUTER SCIENCE	A级	9	COMPUTER SCIENCE	1532-4435
COMPUTER SCIENCE	A级	10	COMPUTER	SCIENCE
COMPUTER SCIENCE	A级	11	COMPUTER SCIENCE   ARTIFICIAL INTELLIGENCE	0004-3702
COMPUTER SCIENCE	A级	12	COMPUTER SCIENCE   COMMUNICATIONS OF THE ACM	0001-0782
COMPUTER SCIENCE	A级	13	COMPUTER SCIENCE	1536-1233
COMPUTER SCIENCE	A级	14	COMPUTER SCIENCE	1520-9210
COMPUTER SCIENCE	A级	15	COMPUTER SCIENCE	0098-5589
COMPUTER SCIENCE	A级	16	COMPUTER SCIENCE	0018-9340
COMPUTER SCIENCE	A级	17	COMPUTER SCIENCE	0018-9448
COMPUTER SCIENCE	A级	18	COMPUTER SCIENCE   SOFTWARE ENGINEERING AND	1049-331X
COMPUTER SCIENCE	A级	19	COMPUTER SCIENCE	1046-8188
COMPUTER SCIENCE	A级	20	COMPUTER SCIENCE	0278-0046
COMPUTER SCIENCE	A级	21	COMPUTER SCIENCE   AUTOMATICA	0005-1098
COMPUTER SCIENCE	A级	22	COMPUTER SCIENCE	1053-587X
COMPUTER SCIENCE	A级	23	COMPUTER SCIENCE	0018-9286
COMPUTER SCIENCE	A级	24	COMPUTER SCIENCE   AND SYSTEMS FOR VIDEO	1051-8215
COMPUTER SCIENCE	A级	25	COMPUTER SCIENCE	0018-9294
COMPUTER SCIENCE	A级	26	COMPUTER SCIENCE	1063-6692
COMPUTER SCIENCE	A级	27	COMPUTER SCIENCE   PATTERN RECOGNITION	0031-3203
COMPUTER SCIENCE	A级	28	COMPUTER SCIENCE   DECISION SUPPORT SYSTEMS	0167-9236
COMPUTER SCIENCE	A级	29	COMPUTER SCIENCE   INFORMATION SYSTEMS	0306-4379
COMPUTER SCIENCE	A级	30	COMPUTER SCIENCE	0018-9529
COMPUTER SCIENCE	A级	31	COMPUTER SCIENCE   IEEE SOFTWARE	0740-7459
COMPUTER SCIENCE	A级	32	COMPUTER SCIENCE   SEMANTIC WEB	1570-0844
COMPUTER SCIENCE	A级	33	COMPUTER SCIENCE	1556-603X
COMPUTER SCIENCE	A级	34	COMPUTER SCIENCE   APPLIED SOFT COMPUTING	1568-4946
COMPUTER SCIENCE	A级	35	COMPUTER SCIENCE   FUZZY SETS AND SYSTEMS	0165-0114
COMPUTER SCIENCE	A级	36	COMPUTER SCIENCE	1384-5810
COMPUTER SCIENCE	A级	37	COMPUTER SCIENCE	2168-2216
COMPUTER SCIENCE	A级	38	COMPUTER SCIENCE   KNOWLEDGE-BASED SYSTEMS	0950-7051
COMPUTER SCIENCE	A级	39	COMPUTER SCIENCE	2168-6750
COMPUTER SCIENCE	A级	40	COMPUTER SCIENCE   INFORMATION SCIENCES	0020-0255
COMPUTER SCIENCE	A级	41	COMPUTER SCIENCE	1089-778X
COMPUTER SCIENCE	A级	42	COMPUTER SCIENCE   NEUROCOMPUTING	0925-2312
COMPUTER SCIENCE	B级	43	COMPUTER SCIENCE	0734-2071
COMPUTER SCIENCE	B级	44	COMPUTER SCIENCE   PROGRAMMING LANGUAGES &	0164-0925
COMPUTER SCIENCE	B级	45	COMPUTER SCIENCE   IEEE MULTIMEDIA	1070-986X
COMPUTER SCIENCE	B级	46	COMPUTER SCIENCE	1751-570X
COMPUTER SCIENCE	B级	47	COMPUTER SCIENCE   ROBUST AND NONLINEAR	1049-8923
COMPUTER SCIENCE	B级	48	COMPUTER SCIENCE   INSTITUTE-ENGINEERING AND	0016-0032
COMPUTER SCIENCE	B级	49	COMPUTER SCIENCE   CHAOS	1054-1500
COMPUTER SCIENCE	B级	50	COMPUTER	SCIENCE
COMPUTER SCIENCE	B级	51	COMPUTER SCIENCE	0957-4174
COMPUTER SCIENCE	B级	52	COMPUTER SCIENCE	1084-8045
COMPUTER SCIENCE	B级	53	COMPUTER SCIENCE   IMAGE AND VISION COMPUTING	0262-8856
COMPUTER SCIENCE	B级	54	COMPUTER SCIENCE   COMPUTER COMMUNICATIONS	0140-3664
COMPUTER SCIENCE	B级	55	COMPUTER SCIENCE	1383-469X
COMPUTER SCIENCE	B级	56	COMPUTER SCIENCE   NETWORK AND SERVICE	1932-4537
COMPUTER SCIENCE	B级	57	COMPUTER SCIENCE   AD HOC NETWORKS	1570-8705
COMPUTER SCIENCE	B级	58	COMPUTER SCIENCE	0884-8173
COMPUTER SCIENCE	B级	59	COMPUTER SCIENCE	0952-1976
COMPUTER SCIENCE	B级	60	COMPUTER SCIENCE	0888-613X
COMPUTER SCIENCE	B级	61	COMPUTER SCIENCE   JOURNAL OF GRID COMPUTING	1570-7873
COMPUTER SCIENCE	B级	62	COMPUTER SCIENCE	0928-8910
COMPUTER SCIENCE	B级	63	COMPUTER SCIENCE	0164-1212
COMPUTER SCIENCE	B级	64	COMPUTER SCIENCE   COMPUTATIONAL LINGUISTICS	0891-2017
COMPUTER SCIENCE	B级	65	COMPUTER SCIENCE	1387-3326
COMPUTER SCIENCE	B级	66	COMPUTER SCIENCE   COMPUTER NETWORKS	1389-1286
COMPUTER SCIENCE	B级	67	COMPUTER SCIENCE	1077-3142
COMPUTER SCIENCE	B级	68	COMPUTER SCIENCE	1936-4954
COMPUTER SCIENCE	B级	69	COMPUTER SCIENCE   SOFT COMPUTING	1432-7643
COMPUTER SCIENCE	B级	70	COMPUTER SCIENCE	2162-2337
COMPUTER SCIENCE	B级	71	COMPUTER SCIENCE	1550-4859
COMPUTER SCIENCE	B级	72	COMPUTER SCIENCE	0020-7721
COMPUTER SCIENCE	B级	73	COMPUTER SCIENCE	1076-9757
COMPUTER SCIENCE	B级	74	COMPUTER SCIENCE	1551-6857
COMPUTER SCIENCE	B级	75	COMPUTER SCIENCE	1562-2479
COMPUTER SCIENCE	B级	76	COMPUTER SCIENCE   COMMUNICATION AND IMAGE	1047-3203
COMPUTER SCIENCE	B级	77	COMPUTER SCIENCE	0146-4833
COMPUTER SCIENCE	B级	78	COMPUTER SCIENCE   PATTERN RECOGNITION LETTERS	0167-8655
COMPUTER SCIENCE	B级	79	COMPUTER SCIENCE	0924-9907
COMPUTER SCIENCE	B级	80	COMPUTER SCIENCE   NEURAL COMPUTATION	0899-7667
COMPUTER SCIENCE	B级	81	COMPUTER SCIENCE	1607-9264
COMPUTER SCIENCE	B级	82	COMPUTER SCIENCE	0743-7315
COMPUTER SCIENCE	B级	83	COMPUTER SCIENCE	0885-2308
COMPUTER SCIENCE	B级	84	COMPUTER SCIENCE	1530-8669
COMPUTER SCIENCE	B级	85	COMPUTER SCIENCE   KNOWLEDGE DISCOVERY FROM	1556-4681
COMPUTER SCIENCE	B级	86	COMPUTER SCIENCE   JOURNAL OF THE ACM	0004-5411
COMPUTER SCIENCE	B级	87	COMPUTER SCIENCE   MACHINE LEARNING	0885-6125
COMPUTER SCIENCE	B级	88	COMPUTER SCIENCE   SOFTWARE QUALITY JOURNAL	0963-9314
COMPUTER SCIENCE	B级	89	COMPUTER SCIENCE	0044-2275
COMPUTER SCIENCE	B级	90	COMPUTER SCIENCE   DISTRIBUTED COMPUTING	0178-2770
COMPUTER SCIENCE	B级	91	COMPUTER SCIENCE	1468-1218
COMPUTER SCIENCE	B级	92	COMPUTER SCIENCE	0960-0833
COMPUTER SCIENCE	B级	93	COMPUTER SCIENCE	0898-1221
COMPUTER SCIENCE	B级	94	COMPUTER SCIENCE   IEEE INTERNET COMPUTING	1089-7801
COMPUTER SCIENCE	B级	95	COMPUTER SCIENCE   VISUAL COMPUTER	0178-2789
COMPUTER SCIENCE	B级	96	COMPUTER SCIENCE	0923-6082
COMPUTER SCIENCE	B级	97	COMPUTER SCIENCE   PARALLEL COMPUTING	0167-8191
COMPUTER SCIENCE	B级	98	COMPUTER SCIENCE	1071-5797
COMPUTER SCIENCE	B级	99	COMPUTER SCIENCE	1674-733X
COMPUTER SCIENCE	B级	100	COMPUTER SCIENCE	0045-7906
COMPUTER SCIENCE	B级	101	COMPUTER SCIENCE	1533-5399
COMPUTER SCIENCE	B级	102	COMPUTER SCIENCE	0144-929X
COMPUTER SCIENCE	B级	103	COMPUTER SCIENCE	0165-5515
COMPUTER SCIENCE	B级	104	COMPUTER SCIENCE	1064-1246
COMPUTER SCIENCE	B级	105	COMPUTER SCIENCE   IET IMAGE PROCESSING	1751-9659
COMPUTER SCIENCE	B级	106	COMPUTER SCIENCE	0925-1022
COMPUTER SCIENCE	B级	107	COMPUTER SCIENCE	0925-9856
COMPUTER SCIENCE	B级	108	COMPUTER SCIENCE	1936-2447
COMPUTER SCIENCE	B级	109	COMPUTER SCIENCE	1930-5346
COMPUTER SCIENCE	B级	110	COMPUTER SCIENCE   DISCRETE MATHEMATICS	0012-365X
COMPUTER SCIENCE	B级	111	COMPUTER SCIENCE	1735-0654
COMPUTER SCIENCE	B级	112	COMPUTER SCIENCE   SIGNAL PROCESSING	0165-1684
COMPUTER SCIENCE	B级	113	COMPUTER SCIENCE   AUTOMATION SCIENCE AND	1545-5955
COMPUTER SCIENCE	B级	114	COMPUTER SCIENCE   OPTICS LETTERS	0146-9592
COMPUTER SCIENCE	B级	115	COMPUTER SCIENCE   OPTICS EXPRESS	1094-4087
COMPUTER SCIENCE	B级	116	COMPUTER SCIENCE   SENSORS	1424-8220
COMPUTER SCIENCE	B级	117	COMPUTER SCIENCE	1751-8644
COMPUTER SCIENCE	B级	118	COMPUTER SCIENCE	1070-9908
COMPUTER SCIENCE	B级	119	COMPUTER SCIENCE   IEEE SENSORS JOURNAL	1530-437X
COMPUTER SCIENCE	B级	120	COMPUTER SCIENCE   DIGITAL SIGNAL PROCESSING	1051-2004
COMPUTER SCIENCE	B级	121	COMPUTER SCIENCE   ENERGIES	1996-1073
COMPUTER SCIENCE	B级	122	COMPUTER SCIENCE	0923-5965
COMPUTER SCIENCE	B级	123	COMPUTER SCIENCE   MECHANICS AND ITS	0378-4371
COMPUTER SCIENCE	B级	124	COMPUTER SCIENCE	0263-5577
COMPUTER SCIENCE	B级	125	COMPUTER SCIENCE	1687-6180
COMPUTER SCIENCE	B级	126	COMPUTER SCIENCE   ENTROPY	1099-4300
COMPUTER SCIENCE	B级	127	COMPUTER SCIENCE   OPTICAL ENGINEERING	0091-3286
COMPUTER SCIENCE	B级	128	COMPUTER SCIENCE   PHYSICS LETTERS A	0375-9601
COMPUTER SCIENCE	B级	129	COMPUTER SCIENCE	1687-5281
COMPUTER SCIENCE	B级	130	COMPUTER SCIENCE	1350-4495
COMPUTER SCIENCE	B级	131	COMPUTER SCIENCE   APPLIED OPTIC	1559-128X
COMPUTER SCIENCE	B级	132	COMPUTER SCIENCE   OPTICS COMMUNICATIONS	0030-4018
COMPUTER SCIENCE	B级	133	COMPUTER SCIENCE   ACTA ASTRONAUTICA	0094-5765
COMPUTER SCIENCE	B级	134	COMPUTER SCIENCE	1017-9909
COMPUTER SCIENCE	B级	135	COMPUTER SCIENCE   JOURNAL OF SUPERCOMPUTING	0920-8542
COMPUTER SCIENCE	B级	136	COMPUTER SCIENCE	0890-5401
COMPUTER SCIENCE	B级	137	COMPUTER SCIENCE   SYSTEMS FOR SIGNAL IMAGE AND	1939-8018
COMPUTER SCIENCE	B级	138	COMPUTER SCIENCE	1024-123X
COMPUTER SCIENCE	B级	139	COMPUTER SCIENCE	0218-1274
COMPUTER SCIENCE	B级	140	COMPUTER SCIENCE   IET SIGNAL PROCESSING	1751-9675
COMPUTER SCIENCE	B级	141	COMPUTER SCIENCE	1931-3195
COMPUTER SCIENCE	B级	142	COMPUTER SCIENCE	1863-1703
COMPUTER SCIENCE	B级	143	COMPUTER SCIENCE   CHINESE PHYSICS LETTERS	0256-307X
COMPUTER SCIENCE	B级	144	COMPUTER SCIENCE        SCIENTIFIC REPORTS	2045-2322
COMPUTER SCIENCE	B级	145	COMPUTER SCIENCE        PLOS ONE	1932-6203
COMPUTER SCIENCE	B级	146	COMPUTER SCIENCE	1380-7501
COMPUTER SCIENCE	B级	147	COMPUTER SCIENCE	2168-2194
COMPUTER SCIENCE	B级	148	COMPUTER SCIENCE	0360-8352
COMPUTER SCIENCE	B级	149	COMPUTER SCIENCE        IEEE COMMUNICATIONS LETTERS	1089-7798
COMPUTER SCIENCE	A级	1	MIS	0268-3962
COMPUTER SCIENCE	A级	2	MIS             INFORMATION SYSTEMS JOURNAL	1350-1917
COMPUTER SCIENCE	A级	3	MIS	0268-4012
COMPUTER SCIENCE	A级	4	MIS	1071-5819
COMPUTER SCIENCE	A级	5	MIS	1047-7047
COMPUTER SCIENCE	A级	6	MIS	0742-1222
COMPUTER SCIENCE	A级	7	MIS	1536-9323
COMPUTER SCIENCE	A级	8	MIS	0960-085X
COMPUTER SCIENCE	A级	9	MIS             COMPUTERS & EDUCATION	0360-1315
COMPUTER SCIENCE	A级	10	MIS             DECISION SCIENCES	0011-7315
COMPUTER SCIENCE	B级	11	MIS	1567-4223
COMPUTER SCIENCE	B级	12	MIS	0747-5632
COMPUTER SCIENCE	B级	13	MIS	0144-929X
COMPUTER SCIENCE	B级	14	MIS   ONLINE INFORMATION REVIEW	1468-4527
COMPUTER SCIENCE	B级	15	MIS	0020-7543
COMPUTER SCIENCE	B级	16	MIS	0047-2778
COMPUTER SCIENCE	B级	17	MIS   INTERNET	RESEARCH
COMPUTER SCIENCE	B级	18	MIS	0040-1625
COMPUTER SCIENCE	B级	19	MIS	0959-3845
COMPUTER SCIENCE	B级	20	MIS	0268-1102
COMPUTER SCIENCE	B级	21	MIS   LIBRARY & INFORMATION	1394-6234
COMPUTER SCIENCE	B级	22	MIS	1471-7727
COMPUTER SCIENCE	B级	23	MIS	1367-3270
COMPUTER SCIENCE	B级	24	MIS   INFORMATION DEVELOPMENT	0266-6669
COMPUTER SCIENCE	B级	25	MIS	1044-7318
COMPUTER SCIENCE	B级	26	MIS   INFORMATION TECHNOLOGY	1097-198X
COMPUTER SCIENCE	B级	27	MIS   KNOWLEDGE	ORGANIZATION
COMPUTER SCIENCE	B级	28	MIS	1385-951X
COMPUTER SCIENCE	B级	29	MIS   ELECTRONIC MARKETS	1019-6781
COMPUTER SCIENCE	B级	30	MIS	1617-9846
COMPUTER SCIENCE	B级	32	MIS	1389-5753
COMPUTER SCIENCE	B级	34	MIS	0095-0033
COMPUTER SCIENCE	B级	35	MIS	0018-9391
COMPUTER SCIENCE	B级	36	MIS       ASSOCIATION FOR INFORMATION	1529-3181
MATHEMATICS	A级	1	MATHEMATICS   SIAM REVIEW	0036-1445
MATHEMATICS	A级	2	MATHEMATICS	0010-3640
MATHEMATICS	A级	3	MATHEMATICS	0010-3616
MATHEMATICS	A级	4	MATHEMATICS   MATHEMATICAL PROGRAMMING	0025-5610
MATHEMATICS	A级	5	MATHEMATICS   MATHEMATICAL FINANCE	0960-1627
MATHEMATICS	A级	6	MATHEMATICS	0003-9527
MATHEMATICS	A级	7	MATHEMATICS	1064-8275
MATHEMATICS	A级	8	MATHEMATICS	0895-4798
MATHEMATICS	A级	9	MATHEMATICS   DUKE MATHEMATICAL JOURNAL	0012-7094
MATHEMATICS	A级	10	MATHEMATICS   NUMERISCHE MATHEMATIK	0029-599X
MATHEMATICS	A级	11	MATHEMATICS	1435-9855
MATHEMATICS	A级	12	MATHEMATICS	0022-0396
MATHEMATICS	A级	13	MATHEMATICS	0036-1429
MATHEMATICS	A级	14	MATHEMATICS   SIAM JOURNAL ON OPTIMIZATION	1052-6234
MATHEMATICS	A级	15	MATHEMATICS	0021-7824
MATHEMATICS	A级	16	MATHEMATICS   NONLINEARITY	0951-7715
MATHEMATICS	A级	17	MATHEMATICS	1536-0040
MATHEMATICS	A级	18	MATHEMATICS	0925-5001
MATHEMATICS	A级	19	MATHEMATICS	0036-1399
MATHEMATICS	A级	20	MATHEMATICS	0036-1410
MATHEMATICS	A级	21	MATHEMATICS   INVERSE PROBLEMS	0266-5611
MATHEMATICS	A级	22	MATHEMATICS	0360-5302
MATHEMATICS	A级	23	MATHEMATICS   MATHEMATICS OF COMPUTATION	0025-5718
MATHEMATICS	A级	24	MATHEMATICS   FINANCE AND STOCHASTICS	0949-2984
MATHEMATICS	A级	25	MATHEMATICS   PARTIAL DIFFERENTIAL	0944-2669
MATHEMATICS	A级	26	MATHEMATICS	0075-4102
MATHEMATICS	A级	27	MATHEMATICS	0363-0129
MATHEMATICS	A级	28	MATHEMATICS	0273-0979
MATHEMATICS	A级	29	MATHEMATICS   AMERICAN MATHEMATICAL	0002-9947
MATHEMATICS	A级	30	MATHEMATICS   ADVANCES IN MATHEMATICS	0001-8708
MATHEMATICS	A级	31	MATHEMATICS   MATHEMATISCHE ANNALEN	0025-5831
MATHEMATICS	A级	32	MATHEMATICS	0024-6115
MATHEMATICS	A级	33	MATHEMATICS	0022-1236
MATHEMATICS	A级	34	MATHEMATICS   SOCIETY OF EDINBURGH SECTION	0308-2105
MATHEMATICS	A级	35	MATHEMATICS	0364-765X
MATHEMATICS	A级	36	MATHEMATICS	0002-9327
MATHEMATICS	A级	37	MATHEMATICS   MATHEMATICAL SOCIETY-	0024-6107
MATHEMATICS	A级	38	MATHEMATICS	0097-3165
MATHEMATICS	A级	39	MATHEMATICS	1945-497X
MATHEMATICS	A级	40	MATHEMATICS	0218-2025
MATHEMATICS	A级	41	MATHEMATICS	0021-9991
MATHEMATICS	A级	42	MATHEMATICS   JOURNAL OF NONLINEAR SCIENCE	0938-8974
MATHEMATICS	A级	43	MATHEMATICS	0885-7474
MATHEMATICS	A级	44	MATHEMATICS	0167-6687
MATHEMATICS	A级	45	MATHEMATICS	1091-9856
MATHEMATICS	A级	46	MATHEMATICS	0022-4049
MATHEMATICS	B级	47	MATHEMATICS	0073-8301
MATHEMATICS	B级	48	MATHEMATICS	0167-2789
MATHEMATICS	B级	49	MATHEMATICS	1078-0947
MATHEMATICS	B级	50	MATHEMATICS	0272-4979
MATHEMATICS	B级	51	MATHEMATICS	1069-5869
MATHEMATICS	B级	52	MATHEMATICS   ALGEBRAS UNIVERSALIS	0002-5240
MATHEMATICS	B级	53	MATHEMATICS	0045-7825
MATHEMATICS	B级	54	MATHEMATICS	0098-3500
MATHEMATICS	B级	55	MATHEMATICS   INSTITUTE-ENGINEERING AND	0016-0032
MATHEMATICS	B级	56	MATHEMATICS	1081-2865
MATHEMATICS	B级	57	MATHEMATICS	2191-9496
MATHEMATICS	B级	58	MATHEMATICS	1615-3375
MATHEMATICS	B级	59	MATHEMATICS   SCIENCE AND NUMERICAL	1007-5704
MATHEMATICS	B级	60	MATHEMATICS   FUZZY SETS AND SYSTEMS	0165-0114
MATHEMATICS	B级	61	MATHEMATICS	1063-5203
MATHEMATICS	B级	62	MATHEMATICS   POINCARE-ANALYSE NON	0294-1449
MATHEMATICS	B级	63	MATHEMATICS	0307-904X
MATHEMATICS	B级	64	MATHEMATICS   PHYSICA A	0378-4371
MATHEMATICS	B级	65	MATHEMATICS   APPLIED MATHEMATICS LETTERS	0893-9659
MATHEMATICS	B级	66	MATHEMATICS	1311-0454
MATHEMATICS	B级	67	MATHEMATICS	0022-2526
MATHEMATICS	B级	68	MATHEMATICS	1540-3459
MATHEMATICS	B级	69	MATHEMATICS   ANALYSIS AND APPLICATIONS	0219-5305
MATHEMATICS	B级	70	MATHEMATICS	0096-3003
MATHEMATICS	B级	71	MATHEMATICS   ANALYSIS-MODELISATION	0764-583X
MATHEMATICS	B级	72	MATHEMATICS	0044-2275
MATHEMATICS	B级	73	MATHEMATICS   BIT NUMERICAL MATHEMATICS	0006-3835
MATHEMATICS	B级	74	MATHEMATICS	1468-1218
MATHEMATICS	B级	75	MATHEMATICS	2153-0785
MATHEMATICS	B级	76	MATHEMATICS	0143-2087
MATHEMATICS	B级	77	MATHEMATICS	1040-7294
MATHEMATICS	B级	78	MATHEMATICS	1292-8119
MATHEMATICS	B级	79	MATHEMATICS   ANALYSIS & PDE	1948-206X
MATHEMATICS	B级	80	MATHEMATICS	0898-1221
MATHEMATICS	B级	81	MATHEMATICS	0926-6003
MATHEMATICS	B级	82	MATHEMATICS	1471-678X
MATHEMATICS	B级	83	MATHEMATICS	1016-443X
MATHEMATICS	B级	84	MATHEMATICS	1539-6746
MATHEMATICS	B级	85	MATHEMATICS   CALCOLO	0008-0624
MATHEMATICS	B级	86	MATHEMATICS	0377-0427
MATHEMATICS	B级	87	MATHEMATICS	0346-1238
MATHEMATICS	B级	88	MATHEMATICS   ANGEWANDTE MATHEMATIK UND	0044-2267
MATHEMATICS	B级	89	MATHEMATICS	0218-1274
MATHEMATICS	B级	90	MATHEMATICS	1019-7168
MATHEMATICS	B级	91	MATHEMATICS   COMPOSITIO MATHEMATICA	0010-437X
MATHEMATICS	B级	92	MATHEMATICS   OPTIMIZATION LETTERS	1862-4472
MATHEMATICS	B级	93	MATHEMATICS	1070-5325
MATHEMATICS	B级	94	MATHEMATICS	0022-3239
MATHEMATICS	B级	95	MATHEMATICS	0265-0754
MATHEMATICS	B级	96	MATHEMATICS   KINETIC AND RELATED MODELS	1937-5093
MATHEMATICS	B级	97	MATHEMATICS   NUMERICAL ALGORITHMS	1017-1398
MATHEMATICS	B级	98	MATHEMATICS	1079-9389
MATHEMATICS	B级	99	MATHEMATICS	0095-4616
MATHEMATICS	B级	100	MATHEMATICS	1382-6905
MATHEMATICS	B级	101	MATHEMATICS   MECHANICS AND APPLIED	0033-5614
MATHEMATICS	B级	102	MATHEMATICS	0362-546X
MATHEMATICS	B级	103	MATHEMATICS	0219-1997
MATHEMATICS	B级	104	MATHEMATICS	1864-8258
MATHEMATICS	B级	105	MATHEMATICS	1547-5816
MATHEMATICS	B级	106	MATHEMATICS	1422-6928
MATHEMATICS	B级	107	MATHEMATICS	1524-1904
MATHEMATICS	B级	108	MATHEMATICS	0168-9274
MATHEMATICS	B级	109	MATHEMATICS   ASTIN BULLETIN	0515-0361
MATHEMATICS	B级	110	MATHEMATICS   PARTIAL DIFFERENTIAL	0749-159X
MATHEMATICS	B级	111	MATHEMATICS   ADVANCED NONLINEAR STUDIES	1536-1365
MATHEMATICS	B级	112	MATHEMATICS	0021-7670
MATHEMATICS	B级	113	MATHEMATICS	0022-247X
MATHEMATICS	B级	114	MATHEMATICS   COMPUTATIONAL ECONOMICS	0927-7099
MATHEMATICS	B级	115	MATHEMATICS	1463-9963
MATHEMATICS	B级	116	MATHEMATICS	1055-6788
MATHEMATICS	B级	117	MATHEMATICS	0170-4214
MATHEMATICS	B级	118	MATHEMATICS	0308-1087
MATHEMATICS	B级	119	MATHEMATICS	1531-3492
MATHEMATICS	B级	120	MATHEMATICS   JOURNAL OF TOPOLOGY	1753-8416
MATHEMATICS	B级	121	MATHEMATICS	0143-9782
MATHEMATICS	B级	122	MATHEMATICS	0024-3795
MATHEMATICS	B级	123	MATHEMATICS	0022-2518
MATHEMATICS	B级	124	MATHEMATICS	0020-7160
MATHEMATICS	B级	125	MATHEMATICS   MATHEMATICS-JOURNAL	0008-414X
MATHEMATICS	B级	126	MATHEMATICS   QUANTITATIVE FINANCE	1469-7688
MATHEMATICS	B级	127	MATHEMATICS   DISCRETE APPLIED MATHEMATICS	0166-218X
MATHEMATICS	B级	128	MATHEMATICS   SCIENCE CHINA-MATHEMATICS	1674-7283
MATHEMATICS	B级	129	MATHEMATICS	0272-4960
MATHEMATICS	B级	130	MATHEMATICS   OPTIMIZATION	0233-1934
MATHEMATICS	B级	131	MATHEMATICS	0143-3857
MATHEMATICS	B级	132	MATHEMATICS   ASYMPTOTIC ANALYSIS	0921-7134
MATHEMATICS	B级	133	MATHEMATICS	0021-9045
MATHEMATICS	B级	134	MATHEMATICS	1068-9613
MATHEMATICS	B级	135	MATHEMATICS   APPLICABLE ANALYSIS	0003-6811
MATHEMATICS	B级	136	MATHEMATICS	1877-0533
MATHEMATICS	B级	137	MATHEMATICS	0163-0563
MATHEMATICS	B级	138	MATHEMATICS	0196-8858
MATHEMATICS	B级	139	MATHEMATICS	1735-8787
MATHEMATICS	B级	140	MATHEMATICS	0095-8956
MATHEMATICS	B级	141	MATHEMATICS   EDINBURGH MATHEMATICAL	0013-0915
MATHEMATICS	B级	142	MATHEMATICS	0956-7925
MATHEMATICS	B级	143	MATHEMATICS	1534-0392
MATHEMATICS	B级	144	MATHEMATICS	0033-569X
MATHEMATICS	B级	145	MATHEMATICS	0378-620X
MATHEMATICS	B级	146	MATHEMATICS	0195-6698
MATHEMATICS	B级	147	MATHEMATICS   RAMANUJAN JOURNAL	1382-4090
MATHEMATICS	B级	148	MATHEMATICS	2070-0733
MATHEMATICS	B级	149	MATHEMATICS	1432-2994
MATHEMATICS	B级	150	MATHEMATICS	0895-4801
MATHEMATICS	B级	151	MATHEMATICS   JOURNAL OF NUMBER THEORY	0022-314X
MATHEMATICS	B级	152	MATHEMATICS   MATHEMATISCHE NACHRICHTEN	0025-584X
MATHEMATICS	B级	153	MATHEMATICS   MATHEMATISCHE ZEITSCHRIFT	0025-5874
MATHEMATICS	B级	154	MATHEMATICS	0024-6093
MATHEMATICS	B级	155	MATHEMATICS   RESULTS IN MATHEMATICS	1422-6383
MATHEMATICS	B级	156	MATHEMATICS	0002-9939
MATHEMATICS	B级	157	MATHEMATICS	0168-0072
MATHEMATICS	B级	158	MATHEMATICS	0254-9409
MATHEMATICS	B级	159	MATHEMATICS   DISCRETE MATHEMATICS	0012-365X
MATHEMATICS	B级	160	MATHEMATICS   JOURNAL OF ALGEBRA	0021-8693
MATHEMATICS	B级	161	MATHEMATICS	1661-8254
MATHEMATICS	B级	162	MATHEMATICS	0304-4068
MATHEMATICS	B级	163	MATHEMATICS	0736-2994
MATHEMATICS	B级	164	MATHEMATICS   ACTA ARITHMETICA	0065-1036
MATHEMATICS	B级	165	MATHEMATICS	1348-9151
MATHEMATICS	B级	166	MATHEMATICS	2156-8472
MATHEMATICS	B级	167	MATHEMATICS	0030-8730
MATHEMATICS	B级	168	MATHEMATICS	1793-0421
MATHEMATICS	B级	169	MATHEMATICS   THEORY METHODS AND	1004-8979
MATHEMATICS	B级	170	MATHEMATICS   WAVELETS MULTIRESOLUTION	0219-6913
MATHEMATICS	B级	171	MATHEMATICS	1862-9679
MATHEMATICS	B级	172	MATHEMATICS	1345-4773
MATHEMATICS	B级	173	MATHEMATICS	1439-8516
